source_path,destination_path,target_area,rule_applied,confidence
docs/specifications_old/wire_protocols/FIREBIRD_EMULATION_BEHAVIOR.md,docs/specifications/26_Native_Wire_Protocol/legacy_imports/specifications_old/wire_protocols/FIREBIRD_EMULATION_BEHAVIOR.md,26_Native_Wire_Protocol,regenerated,n/a
docs/specifications_old/wire_protocols/README.md,docs/specifications/26_Native_Wire_Protocol/legacy_imports/specifications_old/wire_protocols/README.md,26_Native_Wire_Protocol,regenerated,n/a
docs/specifications_old/wire_protocols/tds_wire_protocol.md,docs/specifications/26_Native_Wire_Protocol/legacy_imports/specifications_old/wire_protocols/tds_wire_protocol.md,26_Native_Wire_Protocol,regenerated,n/a
docs/specifications_old/wire_protocols/scratchbird_native_wire_protocol.md,docs/specifications/26_Native_Wire_Protocol/legacy_imports/specifications_old/wire_protocols/scratchbird_native_wire_protocol.md,26_Native_Wire_Protocol,regenerated,n/a
docs/specifications_old/wire_protocols/firebird_wire_protocol.md,docs/specifications/26_Native_Wire_Protocol/legacy_imports/specifications_old/wire_protocols/firebird_wire_protocol.md,26_Native_Wire_Protocol,regenerated,n/a
docs/specifications_old/network/CONTROL_PLANE_PROTOCOL_SPEC.md,docs/specifications/26_Native_Wire_Protocol/legacy_imports/specifications_old/network/CONTROL_PLANE_PROTOCOL_SPEC.md,26_Native_Wire_Protocol,regenerated,n/a
docs/specifications_old/network/WIRE_PROTOCOL_SPECIFICATIONS.md,docs/specifications/26_Native_Wire_Protocol/legacy_imports/specifications_old/network/WIRE_PROTOCOL_SPECIFICATIONS.md,26_Native_Wire_Protocol,regenerated,n/a
docs/specifications_old/Alpha Phase 2/05-Wire-Protocol-Integration-Specification.md,docs/specifications/26_Native_Wire_Protocol/legacy_imports/specifications_old/Alpha Phase 2/05-Wire-Protocol-Integration-Specification.md,26_Native_Wire_Protocol,regenerated,n/a
docs/specifications_old/Alpha Phase 2/04-Replication-Protocol-Specification.md,docs/specifications/26_Native_Wire_Protocol/legacy_imports/specifications_old/Alpha Phase 2/04-Replication-Protocol-Specification.md,26_Native_Wire_Protocol,regenerated,n/a
docs/specifications_old/beta_requirements/replication/REPLICATION_AND_SHADOW_PROTOCOLS.md,docs/specifications/26_Native_Wire_Protocol/legacy_imports/specifications_old/beta_requirements/replication/REPLICATION_AND_SHADOW_PROTOCOLS.md,26_Native_Wire_Protocol,regenerated,n/a
docs/specifications_old/parser/v3/wire_protocols/FIREBIRD_EMULATION_BEHAVIOR.md,docs/specifications/26_Native_Wire_Protocol/legacy_imports/specifications_old/parser/v3/wire_protocols/FIREBIRD_EMULATION_BEHAVIOR.md,26_Native_Wire_Protocol,regenerated,n/a
docs/specifications_old/parser/v3/wire_protocols/README.md,docs/specifications/26_Native_Wire_Protocol/legacy_imports/specifications_old/parser/v3/wire_protocols/README.md,26_Native_Wire_Protocol,regenerated,n/a
docs/specifications_old/parser/v3/wire_protocols/tds_wire_protocol.md,docs/specifications/26_Native_Wire_Protocol/legacy_imports/specifications_old/parser/v3/wire_protocols/tds_wire_protocol.md,26_Native_Wire_Protocol,regenerated,n/a
docs/specifications_old/parser/v3/wire_protocols/scratchbird_native_wire_protocol.md,docs/specifications/26_Native_Wire_Protocol/legacy_imports/specifications_old/parser/v3/wire_protocols/scratchbird_native_wire_protocol.md,26_Native_Wire_Protocol,regenerated,n/a
docs/specifications_old/parser/v3/wire_protocols/firebird_wire_protocol.md,docs/specifications/26_Native_Wire_Protocol/legacy_imports/specifications_old/parser/v3/wire_protocols/firebird_wire_protocol.md,26_Native_Wire_Protocol,regenerated,n/a
docs/specifications_old/parser/v3/network/CONTROL_PLANE_PROTOCOL_SPEC.md,docs/specifications/26_Native_Wire_Protocol/legacy_imports/specifications_old/parser/v3/network/CONTROL_PLANE_PROTOCOL_SPEC.md,26_Native_Wire_Protocol,regenerated,n/a
docs/specifications_old/parser/v3/network/WIRE_PROTOCOL_SPECIFICATIONS.md,docs/specifications/26_Native_Wire_Protocol/legacy_imports/specifications_old/parser/v3/network/WIRE_PROTOCOL_SPECIFICATIONS.md,26_Native_Wire_Protocol,regenerated,n/a
docs/specifications_old/parser/v3/guides/LOCKING_PROTOCOL.md,docs/specifications/26_Native_Wire_Protocol/legacy_imports/specifications_old/parser/v3/guides/LOCKING_PROTOCOL.md,26_Native_Wire_Protocol,regenerated,n/a
docs/specifications_old/parser/v3/beta_requirements/replication/REPLICATION_AND_SHADOW_PROTOCOLS.md,docs/specifications/26_Native_Wire_Protocol/legacy_imports/specifications_old/parser/v3/beta_requirements/replication/REPLICATION_AND_SHADOW_PROTOCOLS.md,26_Native_Wire_Protocol,regenerated,n/a
docs/specifications_old/reference/firebird/emulation_specs_5/appendix_protocol_structs.md,docs/specifications/26_Native_Wire_Protocol/legacy_imports/specifications_old/reference/firebird/emulation_specs_5/appendix_protocol_structs.md,26_Native_Wire_Protocol,regenerated,n/a
docs/specifications_old/reference/firebird/emulation_specs_5/30_wire_protocol.md,docs/specifications/26_Native_Wire_Protocol/legacy_imports/specifications_old/reference/firebird/emulation_specs_5/30_wire_protocol.md,26_Native_Wire_Protocol,regenerated,n/a
docs/specifications_old/reference/firebird/emulation_specs_5/appendix_protocol_state_machine.md,docs/specifications/26_Native_Wire_Protocol/legacy_imports/specifications_old/reference/firebird/emulation_specs_5/appendix_protocol_state_machine.md,26_Native_Wire_Protocol,regenerated,n/a
docs/specifications_old/reference/firebird/emulation_specs_5/appendix_protocol_constants.md,docs/specifications/26_Native_Wire_Protocol/legacy_imports/specifications_old/reference/firebird/emulation_specs_5/appendix_protocol_constants.md,26_Native_Wire_Protocol,regenerated,n/a
docs/specifications_old/reference/firebird/emulation_specs_5/appendix_protocol_fields.md,docs/specifications/26_Native_Wire_Protocol/legacy_imports/specifications_old/reference/firebird/emulation_specs_5/appendix_protocol_fields.md,26_Native_Wire_Protocol,regenerated,n/a
docs/specifications_old/core/design_limits.md,docs/specifications/00_Governance_and_Invarients/legacy_imports/specifications_old/core/design_limits.md,00_Governance_and_Invarients,regenerated,n/a
docs/specifications_old/reference/firebird/emulation_specs_5/appendix_ods_invariants.md,docs/specifications/00_Governance_and_Invarients/legacy_imports/specifications_old/reference/firebird/emulation_specs_5/appendix_ods_invariants.md,00_Governance_and_Invarients,regenerated,n/a
docs/specifications_old/alpha_requirements/optional/README.md,docs/specifications/00_Governance_and_Invarients/legacy_imports/specifications_old/alpha_requirements/optional/README.md,00_Governance_and_Invarients,regenerated,n/a
docs/specifications_old/SCRATCHBIRD_EMBEDDED_MODE_SPECIFICATION.md,docs/specifications/25_Runtime_Modes/legacy_imports/specifications_old/SCRATCHBIRD_EMBEDDED_MODE_SPECIFICATION.md,25_Runtime_Modes,regenerated,n/a
docs/specifications_old/Cluster Specification Work/SBCLUSTER-12-AUTOSCALING_AND_ELASTIC_LIFECYCLE.md,docs/specifications/25_Runtime_Modes/legacy_imports/specifications_old/Cluster Specification Work/SBCLUSTER-12-AUTOSCALING_AND_ELASTIC_LIFECYCLE.md,25_Runtime_Modes,regenerated,n/a
docs/specifications_old/Cluster Specification Work/SBCLUSTER-08-BACKUP-AND-RESTORE.md,docs/specifications/25_Runtime_Modes/legacy_imports/specifications_old/Cluster Specification Work/SBCLUSTER-08-BACKUP-AND-RESTORE.md,25_Runtime_Modes,regenerated,n/a
docs/specifications_old/Cluster Specification Work/README.md,docs/specifications/25_Runtime_Modes/legacy_imports/specifications_old/Cluster Specification Work/README.md,25_Runtime_Modes,regenerated,n/a
docs/specifications_old/Cluster Specification Work/SBCLUSTER-SUMMARY.md,docs/specifications/25_Runtime_Modes/legacy_imports/specifications_old/Cluster Specification Work/SBCLUSTER-SUMMARY.md,25_Runtime_Modes,regenerated,n/a
docs/specifications_old/Cluster Specification Work/SBCLUSTER-AI-HANDOFF.md,docs/specifications/25_Runtime_Modes/legacy_imports/specifications_old/Cluster Specification Work/SBCLUSTER-AI-HANDOFF.md,25_Runtime_Modes,regenerated,n/a
docs/specifications_old/Cluster Specification Work/SBCLUSTER-06-DISTRIBUTED-QUERY.md,docs/specifications/25_Runtime_Modes/legacy_imports/specifications_old/Cluster Specification Work/SBCLUSTER-06-DISTRIBUTED-QUERY.md,25_Runtime_Modes,regenerated,n/a
docs/specifications_old/Cluster Specification Work/SBCLUSTER-07-REPLICATION.md,docs/specifications/25_Runtime_Modes/legacy_imports/specifications_old/Cluster Specification Work/SBCLUSTER-07-REPLICATION.md,25_Runtime_Modes,regenerated,n/a
docs/specifications_old/Cluster Specification Work/SBCLUSTER-IMPLEMENTATION-BOUNDARY.md,docs/specifications/25_Runtime_Modes/legacy_imports/specifications_old/Cluster Specification Work/SBCLUSTER-IMPLEMENTATION-BOUNDARY.md,25_Runtime_Modes,regenerated,n/a
docs/specifications_old/Cluster Specification Work/SBCLUSTER-02-MEMBERSHIP-AND-IDENTITY.md,docs/specifications/25_Runtime_Modes/legacy_imports/specifications_old/Cluster Specification Work/SBCLUSTER-02-MEMBERSHIP-AND-IDENTITY.md,25_Runtime_Modes,regenerated,n/a
docs/specifications_old/Cluster Specification Work/SBCLUSTER-09-SCHEDULER.md,docs/specifications/25_Runtime_Modes/legacy_imports/specifications_old/Cluster Specification Work/SBCLUSTER-09-SCHEDULER.md,25_Runtime_Modes,regenerated,n/a
docs/specifications_old/Cluster Specification Work/SBCLUSTER-THREAT-MODEL.md,docs/specifications/25_Runtime_Modes/legacy_imports/specifications_old/Cluster Specification Work/SBCLUSTER-THREAT-MODEL.md,25_Runtime_Modes,regenerated,n/a
docs/specifications_old/Cluster Specification Work/sbsec_handoff_summary.md,docs/specifications/25_Runtime_Modes/legacy_imports/specifications_old/Cluster Specification Work/sbsec_handoff_summary.md,25_Runtime_Modes,regenerated,n/a
docs/specifications_old/Cluster Specification Work/SBCLUSTER-05-SHARDING.md,docs/specifications/25_Runtime_Modes/legacy_imports/specifications_old/Cluster Specification Work/SBCLUSTER-05-SHARDING.md,25_Runtime_Modes,regenerated,n/a
docs/specifications_old/Cluster Specification Work/SBCLUSTER-01-CLUSTER-CONFIG-EPOCH.md,docs/specifications/25_Runtime_Modes/legacy_imports/specifications_old/Cluster Specification Work/SBCLUSTER-01-CLUSTER-CONFIG-EPOCH.md,25_Runtime_Modes,regenerated,n/a
docs/specifications_old/Cluster Specification Work/SBCLUSTER-00-GUIDING-PRINCIPLES.md,docs/specifications/25_Runtime_Modes/legacy_imports/specifications_old/Cluster Specification Work/SBCLUSTER-00-GUIDING-PRINCIPLES.md,25_Runtime_Modes,regenerated,n/a
docs/specifications_old/Cluster Specification Work/SBCLUSTER-11-SHARD-MIGRATION-AND-REBALANCING.md,docs/specifications/25_Runtime_Modes/legacy_imports/specifications_old/Cluster Specification Work/SBCLUSTER-11-SHARD-MIGRATION-AND-REBALANCING.md,25_Runtime_Modes,regenerated,n/a
docs/specifications_old/parser/v3/SCRATCHBIRD_EMBEDDED_MODE_SPECIFICATION.md,docs/specifications/25_Runtime_Modes/legacy_imports/specifications_old/parser/v3/SCRATCHBIRD_EMBEDDED_MODE_SPECIFICATION.md,25_Runtime_Modes,regenerated,n/a
docs/specifications_old/parser/v3/Cluster Specification Work/SBCLUSTER-12-AUTOSCALING_AND_ELASTIC_LIFECYCLE.md,docs/specifications/25_Runtime_Modes/legacy_imports/specifications_old/parser/v3/Cluster Specification Work/SBCLUSTER-12-AUTOSCALING_AND_ELASTIC_LIFECYCLE.md,25_Runtime_Modes,regenerated,n/a
docs/specifications_old/parser/v3/Cluster Specification Work/SBCLUSTER-08-BACKUP-AND-RESTORE.md,docs/specifications/25_Runtime_Modes/legacy_imports/specifications_old/parser/v3/Cluster Specification Work/SBCLUSTER-08-BACKUP-AND-RESTORE.md,25_Runtime_Modes,regenerated,n/a
docs/specifications_old/parser/v3/Cluster Specification Work/README.md,docs/specifications/25_Runtime_Modes/legacy_imports/specifications_old/parser/v3/Cluster Specification Work/README.md,25_Runtime_Modes,regenerated,n/a
docs/specifications_old/parser/v3/Cluster Specification Work/SBCLUSTER-SUMMARY.md,docs/specifications/25_Runtime_Modes/legacy_imports/specifications_old/parser/v3/Cluster Specification Work/SBCLUSTER-SUMMARY.md,25_Runtime_Modes,regenerated,n/a
docs/specifications_old/parser/v3/Cluster Specification Work/SBCLUSTER-AI-HANDOFF.md,docs/specifications/25_Runtime_Modes/legacy_imports/specifications_old/parser/v3/Cluster Specification Work/SBCLUSTER-AI-HANDOFF.md,25_Runtime_Modes,regenerated,n/a
docs/specifications_old/parser/v3/Cluster Specification Work/SBCLUSTER-06-DISTRIBUTED-QUERY.md,docs/specifications/25_Runtime_Modes/legacy_imports/specifications_old/parser/v3/Cluster Specification Work/SBCLUSTER-06-DISTRIBUTED-QUERY.md,25_Runtime_Modes,regenerated,n/a
docs/specifications_old/parser/v3/Cluster Specification Work/SBCLUSTER-07-REPLICATION.md,docs/specifications/25_Runtime_Modes/legacy_imports/specifications_old/parser/v3/Cluster Specification Work/SBCLUSTER-07-REPLICATION.md,25_Runtime_Modes,regenerated,n/a
docs/specifications_old/parser/v3/Cluster Specification Work/SBCLUSTER-IMPLEMENTATION-BOUNDARY.md,docs/specifications/25_Runtime_Modes/legacy_imports/specifications_old/parser/v3/Cluster Specification Work/SBCLUSTER-IMPLEMENTATION-BOUNDARY.md,25_Runtime_Modes,regenerated,n/a
docs/specifications_old/parser/v3/Cluster Specification Work/SBCLUSTER-02-MEMBERSHIP-AND-IDENTITY.md,docs/specifications/25_Runtime_Modes/legacy_imports/specifications_old/parser/v3/Cluster Specification Work/SBCLUSTER-02-MEMBERSHIP-AND-IDENTITY.md,25_Runtime_Modes,regenerated,n/a
docs/specifications_old/parser/v3/Cluster Specification Work/SBCLUSTER-09-SCHEDULER.md,docs/specifications/25_Runtime_Modes/legacy_imports/specifications_old/parser/v3/Cluster Specification Work/SBCLUSTER-09-SCHEDULER.md,25_Runtime_Modes,regenerated,n/a
docs/specifications_old/parser/v3/Cluster Specification Work/SBCLUSTER-THREAT-MODEL.md,docs/specifications/25_Runtime_Modes/legacy_imports/specifications_old/parser/v3/Cluster Specification Work/SBCLUSTER-THREAT-MODEL.md,25_Runtime_Modes,regenerated,n/a
docs/specifications_old/parser/v3/Cluster Specification Work/sbsec_handoff_summary.md,docs/specifications/25_Runtime_Modes/legacy_imports/specifications_old/parser/v3/Cluster Specification Work/sbsec_handoff_summary.md,25_Runtime_Modes,regenerated,n/a
docs/specifications_old/parser/v3/Cluster Specification Work/SBCLUSTER-05-SHARDING.md,docs/specifications/25_Runtime_Modes/legacy_imports/specifications_old/parser/v3/Cluster Specification Work/SBCLUSTER-05-SHARDING.md,25_Runtime_Modes,regenerated,n/a
docs/specifications_old/parser/v3/Cluster Specification Work/SBCLUSTER-01-CLUSTER-CONFIG-EPOCH.md,docs/specifications/25_Runtime_Modes/legacy_imports/specifications_old/parser/v3/Cluster Specification Work/SBCLUSTER-01-CLUSTER-CONFIG-EPOCH.md,25_Runtime_Modes,regenerated,n/a
docs/specifications_old/parser/v3/Cluster Specification Work/SBCLUSTER-00-GUIDING-PRINCIPLES.md,docs/specifications/25_Runtime_Modes/legacy_imports/specifications_old/parser/v3/Cluster Specification Work/SBCLUSTER-00-GUIDING-PRINCIPLES.md,25_Runtime_Modes,regenerated,n/a
docs/specifications_old/parser/v3/Cluster Specification Work/SBCLUSTER-11-SHARD-MIGRATION-AND-REBALANCING.md,docs/specifications/25_Runtime_Modes/legacy_imports/specifications_old/parser/v3/Cluster Specification Work/SBCLUSTER-11-SHARD-MIGRATION-AND-REBALANCING.md,25_Runtime_Modes,regenerated,n/a
docs/specifications_old/parser/v3/server/SCRATCHBIRD_EMBEDDED_MODE_SPECIFICATION.md,docs/specifications/25_Runtime_Modes/legacy_imports/specifications_old/parser/v3/server/SCRATCHBIRD_EMBEDDED_MODE_SPECIFICATION.md,25_Runtime_Modes,regenerated,n/a
docs/specifications_old/parser/v3/beta_requirements/Cluster Specification Work/README.md,docs/specifications/25_Runtime_Modes/legacy_imports/specifications_old/parser/v3/beta_requirements/Cluster Specification Work/README.md,25_Runtime_Modes,regenerated,n/a
docs/specifications_old/sblr/SBLR_EXECUTION_PERFORMANCE_BETA.md,docs/specifications/22_SBLR_Canonical_Model_and_Opcodes/legacy_imports/specifications_old/sblr/SBLR_EXECUTION_PERFORMANCE_BETA.md,22_SBLR_Canonical_Model_and_Opcodes,regenerated,n/a
docs/specifications_old/sblr/Appendix_A_SBLR_BYTECODE.md,docs/specifications/22_SBLR_Canonical_Model_and_Opcodes/legacy_imports/specifications_old/sblr/Appendix_A_SBLR_BYTECODE.md,22_SBLR_Canonical_Model_and_Opcodes,regenerated,n/a
docs/specifications_old/sblr/FIREBIRD_BLR_TO_SBLR_MAPPING.md,docs/specifications/22_SBLR_Canonical_Model_and_Opcodes/legacy_imports/specifications_old/sblr/FIREBIRD_BLR_TO_SBLR_MAPPING.md,22_SBLR_Canonical_Model_and_Opcodes,regenerated,n/a
docs/specifications_old/sblr/SBLR_EXECUTION_PERFORMANCE_ALPHA.md,docs/specifications/22_SBLR_Canonical_Model_and_Opcodes/legacy_imports/specifications_old/sblr/SBLR_EXECUTION_PERFORMANCE_ALPHA.md,22_SBLR_Canonical_Model_and_Opcodes,regenerated,n/a
docs/specifications_old/sblr/README.md,docs/specifications/22_SBLR_Canonical_Model_and_Opcodes/legacy_imports/specifications_old/sblr/README.md,22_SBLR_Canonical_Model_and_Opcodes,regenerated,n/a
docs/specifications_old/sblr/SBLR_OPCODE_REGISTRY.md,docs/specifications/22_SBLR_Canonical_Model_and_Opcodes/legacy_imports/specifications_old/sblr/SBLR_OPCODE_REGISTRY.md,22_SBLR_Canonical_Model_and_Opcodes,regenerated,n/a
docs/specifications_old/sblr/FIREBIRD_BLR_FIXTURES.md,docs/specifications/22_SBLR_Canonical_Model_and_Opcodes/legacy_imports/specifications_old/sblr/FIREBIRD_BLR_FIXTURES.md,22_SBLR_Canonical_Model_and_Opcodes,regenerated,n/a
docs/specifications_old/parser/v3/SBLR_V3_OLD_TO_NEW_MAPPING.md,docs/specifications/22_SBLR_Canonical_Model_and_Opcodes/legacy_imports/specifications_old/parser/v3/SBLR_V3_OLD_TO_NEW_MAPPING.md,22_SBLR_Canonical_Model_and_Opcodes,regenerated,n/a
docs/specifications_old/parser/v3/EXECUTOR_V3_SBLR.md,docs/specifications/22_SBLR_Canonical_Model_and_Opcodes/legacy_imports/specifications_old/parser/v3/EXECUTOR_V3_SBLR.md,22_SBLR_Canonical_Model_and_Opcodes,regenerated,n/a
docs/specifications_old/parser/v3/SBLR_V3_BYTECODE_CANONICALIZATION.md,docs/specifications/22_SBLR_Canonical_Model_and_Opcodes/legacy_imports/specifications_old/parser/v3/SBLR_V3_BYTECODE_CANONICALIZATION.md,22_SBLR_Canonical_Model_and_Opcodes,regenerated,n/a
docs/specifications_old/parser/v3/SBLR_V3_OPCODE_SPEC.md,docs/specifications/22_SBLR_Canonical_Model_and_Opcodes/legacy_imports/specifications_old/parser/v3/SBLR_V3_OPCODE_SPEC.md,22_SBLR_Canonical_Model_and_Opcodes,regenerated,n/a
docs/specifications_old/parser/v3/SBLR_V3_OPCODE_SEMANTICS.md,docs/specifications/22_SBLR_Canonical_Model_and_Opcodes/legacy_imports/specifications_old/parser/v3/SBLR_V3_OPCODE_SEMANTICS.md,22_SBLR_Canonical_Model_and_Opcodes,regenerated,n/a
docs/specifications_old/parser/v3/PARSER_TO_SBLR_EMISSION_RULES.md,docs/specifications/22_SBLR_Canonical_Model_and_Opcodes/legacy_imports/specifications_old/parser/v3/PARSER_TO_SBLR_EMISSION_RULES.md,22_SBLR_Canonical_Model_and_Opcodes,regenerated,n/a
docs/specifications_old/parser/v3/SBLR_V3_CONSTANT_POOL_AND_SYMBOLS.md,docs/specifications/22_SBLR_Canonical_Model_and_Opcodes/legacy_imports/specifications_old/parser/v3/SBLR_V3_CONSTANT_POOL_AND_SYMBOLS.md,22_SBLR_Canonical_Model_and_Opcodes,regenerated,n/a
docs/specifications_old/parser/v3/SBLR_V3_VALIDATION_RULES.md,docs/specifications/22_SBLR_Canonical_Model_and_Opcodes/legacy_imports/specifications_old/parser/v3/SBLR_V3_VALIDATION_RULES.md,22_SBLR_Canonical_Model_and_Opcodes,regenerated,n/a
docs/specifications_old/parser/v3/SBLR_V3_BYTECODE_CONTAINER.md,docs/specifications/22_SBLR_Canonical_Model_and_Opcodes/legacy_imports/specifications_old/parser/v3/SBLR_V3_BYTECODE_CONTAINER.md,22_SBLR_Canonical_Model_and_Opcodes,regenerated,n/a
docs/specifications_old/parser/v3/SBLR_V3_OPCODE_PAYLOADS.md,docs/specifications/22_SBLR_Canonical_Model_and_Opcodes/legacy_imports/specifications_old/parser/v3/SBLR_V3_OPCODE_PAYLOADS.md,22_SBLR_Canonical_Model_and_Opcodes,regenerated,n/a
docs/specifications_old/parser/v3/design/alpha_1_05_sblr_examples.md,docs/specifications/22_SBLR_Canonical_Model_and_Opcodes/legacy_imports/specifications_old/parser/v3/design/alpha_1_05_sblr_examples.md,22_SBLR_Canonical_Model_and_Opcodes,regenerated,n/a
docs/specifications_old/parser/v3/sblr/SBLR_EXECUTION_PERFORMANCE_BETA.md,docs/specifications/22_SBLR_Canonical_Model_and_Opcodes/legacy_imports/specifications_old/parser/v3/sblr/SBLR_EXECUTION_PERFORMANCE_BETA.md,22_SBLR_Canonical_Model_and_Opcodes,regenerated,n/a
docs/specifications_old/parser/v3/sblr/Appendix_A_SBLR_BYTECODE.md,docs/specifications/22_SBLR_Canonical_Model_and_Opcodes/legacy_imports/specifications_old/parser/v3/sblr/Appendix_A_SBLR_BYTECODE.md,22_SBLR_Canonical_Model_and_Opcodes,regenerated,n/a
docs/specifications_old/parser/v3/sblr/FIREBIRD_BLR_TO_SBLR_MAPPING.md,docs/specifications/22_SBLR_Canonical_Model_and_Opcodes/legacy_imports/specifications_old/parser/v3/sblr/FIREBIRD_BLR_TO_SBLR_MAPPING.md,22_SBLR_Canonical_Model_and_Opcodes,regenerated,n/a
docs/specifications_old/parser/v3/sblr/SBLR_EXECUTION_PERFORMANCE_ALPHA.md,docs/specifications/22_SBLR_Canonical_Model_and_Opcodes/legacy_imports/specifications_old/parser/v3/sblr/SBLR_EXECUTION_PERFORMANCE_ALPHA.md,22_SBLR_Canonical_Model_and_Opcodes,regenerated,n/a
docs/specifications_old/parser/v3/sblr/SBLR_V3_BYTECODE_EXAMPLES.md,docs/specifications/22_SBLR_Canonical_Model_and_Opcodes/legacy_imports/specifications_old/parser/v3/sblr/SBLR_V3_BYTECODE_EXAMPLES.md,22_SBLR_Canonical_Model_and_Opcodes,regenerated,n/a
docs/specifications_old/parser/v3/sblr/README.md,docs/specifications/22_SBLR_Canonical_Model_and_Opcodes/legacy_imports/specifications_old/parser/v3/sblr/README.md,22_SBLR_Canonical_Model_and_Opcodes,regenerated,n/a
docs/specifications_old/parser/v3/sblr/SBLR_OPCODE_REGISTRY.md,docs/specifications/22_SBLR_Canonical_Model_and_Opcodes/legacy_imports/specifications_old/parser/v3/sblr/SBLR_OPCODE_REGISTRY.md,22_SBLR_Canonical_Model_and_Opcodes,regenerated,n/a
docs/specifications_old/parser/v3/sblr/FIREBIRD_BLR_FIXTURES.md,docs/specifications/22_SBLR_Canonical_Model_and_Opcodes/legacy_imports/specifications_old/parser/v3/sblr/FIREBIRD_BLR_FIXTURES.md,22_SBLR_Canonical_Model_and_Opcodes,regenerated,n/a
docs/specifications_old/parser/v3/sblr/SBLR_V3_TEST_VECTORS.md,docs/specifications/22_SBLR_Canonical_Model_and_Opcodes/legacy_imports/specifications_old/parser/v3/sblr/SBLR_V3_TEST_VECTORS.md,22_SBLR_Canonical_Model_and_Opcodes,regenerated,n/a
docs/specifications_old/parser/v3/sblr/SBLR_V3_TEST_VECTORS_FULL.md,docs/specifications/22_SBLR_Canonical_Model_and_Opcodes/legacy_imports/specifications_old/parser/v3/sblr/SBLR_V3_TEST_VECTORS_FULL.md,22_SBLR_Canonical_Model_and_Opcodes,regenerated,n/a
docs/specifications_old/storage/EXTENDED_PAGE_SIZES.md,docs/specifications/04_Page_Size_Policy/legacy_imports/specifications_old/storage/EXTENDED_PAGE_SIZES.md,04_Page_Size_Policy,regenerated,n/a
docs/specifications_old/parser/v3/design/PAGE_SIZE_PERFORMANCE_CONSIDERATIONS.md,docs/specifications/04_Page_Size_Policy/legacy_imports/specifications_old/parser/v3/design/PAGE_SIZE_PERFORMANCE_CONSIDERATIONS.md,04_Page_Size_Policy,regenerated,n/a
docs/specifications_old/parser/v3/storage/EXTENDED_PAGE_SIZES.md,docs/specifications/04_Page_Size_Policy/legacy_imports/specifications_old/parser/v3/storage/EXTENDED_PAGE_SIZES.md,04_Page_Size_Policy,regenerated,n/a
docs/specifications_old/beta_requirements/COMPLETION_STATUS.md,docs/specifications/beta_specifications/legacy_imports/specifications_old/beta_requirements/COMPLETION_STATUS.md,beta_specifications,regenerated,n/a
docs/specifications_old/beta_requirements/DIRECTORY_STRUCTURE_CREATED.md,docs/specifications/beta_specifications/legacy_imports/specifications_old/beta_requirements/DIRECTORY_STRUCTURE_CREATED.md,beta_specifications,regenerated,n/a
docs/specifications_old/beta_requirements/big-data-streaming/README.md,docs/specifications/beta_specifications/legacy_imports/specifications_old/beta_requirements/big-data-streaming/README.md,beta_specifications,regenerated,n/a
docs/specifications_old/beta_requirements/orms-frameworks/README.md,docs/specifications/beta_specifications/legacy_imports/specifications_old/beta_requirements/orms-frameworks/README.md,beta_specifications,regenerated,n/a
docs/specifications_old/beta_requirements/cloud-container/README.md,docs/specifications/beta_specifications/legacy_imports/specifications_old/beta_requirements/cloud-container/README.md,beta_specifications,regenerated,n/a
docs/specifications_old/beta_requirements/tools/README.md,docs/specifications/beta_specifications/legacy_imports/specifications_old/beta_requirements/tools/README.md,beta_specifications,regenerated,n/a
docs/specifications_old/beta_requirements/applications/README.md,docs/specifications/beta_specifications/legacy_imports/specifications_old/beta_requirements/applications/README.md,beta_specifications,regenerated,n/a
docs/specifications_old/beta_requirements/ai-ml/README.md,docs/specifications/beta_specifications/legacy_imports/specifications_old/beta_requirements/ai-ml/README.md,beta_specifications,regenerated,n/a
docs/specifications_old/beta_requirements/builds/30_DOCKER.md,docs/specifications/beta_specifications/legacy_imports/specifications_old/beta_requirements/builds/30_DOCKER.md,beta_specifications,regenerated,n/a
docs/specifications_old/beta_requirements/builds/11_LINUX_TO_MACOS.md,docs/specifications/beta_specifications/legacy_imports/specifications_old/beta_requirements/builds/11_LINUX_TO_MACOS.md,beta_specifications,regenerated,n/a
docs/specifications_old/beta_requirements/builds/01_LINUX_NATIVE.md,docs/specifications/beta_specifications/legacy_imports/specifications_old/beta_requirements/builds/01_LINUX_NATIVE.md,beta_specifications,regenerated,n/a
docs/specifications_old/beta_requirements/builds/27_BREW.md,docs/specifications/beta_specifications/legacy_imports/specifications_old/beta_requirements/builds/27_BREW.md,beta_specifications,regenerated,n/a
docs/specifications_old/beta_requirements/builds/40_GITHUB_ACTIONS.md,docs/specifications/beta_specifications/legacy_imports/specifications_old/beta_requirements/builds/40_GITHUB_ACTIONS.md,beta_specifications,regenerated,n/a
docs/specifications_old/beta_requirements/builds/02_WINDOWS_NATIVE.md,docs/specifications/beta_specifications/legacy_imports/specifications_old/beta_requirements/builds/02_WINDOWS_NATIVE.md,beta_specifications,regenerated,n/a
docs/specifications_old/beta_requirements/builds/12_WINDOWS_TO_LINUX.md,docs/specifications/beta_specifications/legacy_imports/specifications_old/beta_requirements/builds/12_WINDOWS_TO_LINUX.md,beta_specifications,regenerated,n/a
docs/specifications_old/beta_requirements/builds/10_LINUX_TO_WINDOWS.md,docs/specifications/beta_specifications/legacy_imports/specifications_old/beta_requirements/builds/10_LINUX_TO_WINDOWS.md,beta_specifications,regenerated,n/a
docs/specifications_old/beta_requirements/builds/20_APPIMAGE.md,docs/specifications/beta_specifications/legacy_imports/specifications_old/beta_requirements/builds/20_APPIMAGE.md,beta_specifications,regenerated,n/a
docs/specifications_old/beta_requirements/optional/STORAGE_ENCODING_OPTIMIZATIONS.md,docs/specifications/beta_specifications/legacy_imports/specifications_old/beta_requirements/optional/STORAGE_ENCODING_OPTIMIZATIONS.md,beta_specifications,regenerated,n/a
docs/specifications_old/beta_requirements/big-data-streaming/apache-kafka/README.md,docs/specifications/beta_specifications/legacy_imports/specifications_old/beta_requirements/big-data-streaming/apache-kafka/README.md,beta_specifications,regenerated,n/a
docs/specifications_old/beta_requirements/big-data-streaming/apache-kafka/SPECIFICATION.md,docs/specifications/beta_specifications/legacy_imports/specifications_old/beta_requirements/big-data-streaming/apache-kafka/SPECIFICATION.md,beta_specifications,regenerated,n/a
docs/specifications_old/beta_requirements/cloud-container/docker/SPECIFICATION.md,docs/specifications/beta_specifications/legacy_imports/specifications_old/beta_requirements/cloud-container/docker/SPECIFICATION.md,beta_specifications,regenerated,n/a
docs/specifications_old/beta_requirements/replication/uuidv7-optimized/04_TIME_PARTITIONED_MERKLE_FOREST.md,docs/specifications/beta_specifications/legacy_imports/specifications_old/beta_requirements/replication/uuidv7-optimized/04_TIME_PARTITIONED_MERKLE_FOREST.md,beta_specifications,regenerated,n/a
docs/specifications_old/Alpha Phase 2/07-OLAP-Tier.md,docs/specifications/23_SBLR_VM_Compiler_and_Executor/legacy_imports/specifications_old/Alpha Phase 2/07-OLAP-Tier.md,23_SBLR_VM_Compiler_and_Executor,regenerated,n/a
docs/specifications_old/parser/v3/EXECUTOR_LOCK_GC_CONSTRAINT_MATRIX.md,docs/specifications/23_SBLR_VM_Compiler_and_Executor/legacy_imports/specifications_old/parser/v3/EXECUTOR_LOCK_GC_CONSTRAINT_MATRIX.md,23_SBLR_VM_Compiler_and_Executor,regenerated,n/a
docs/specifications_old/POSTGRESQL_PARSER_IMPLEMENTATION_GAPS.md,docs/specifications/21_V3_Dialect_Surface/legacy_imports/specifications_old/POSTGRESQL_PARSER_IMPLEMENTATION_GAPS.md,21_V3_Dialect_Surface,regenerated,n/a
docs/specifications_old/BETA_SQL2023_IMPLEMENTATION_SPECIFICATION.md,docs/specifications/21_V3_Dialect_Surface/legacy_imports/specifications_old/BETA_SQL2023_IMPLEMENTATION_SPECIFICATION.md,21_V3_Dialect_Surface,regenerated,n/a
docs/specifications_old/MYSQL_PARSER_IMPLEMENTATION_GAPS.md,docs/specifications/21_V3_Dialect_Surface/legacy_imports/specifications_old/MYSQL_PARSER_IMPLEMENTATION_GAPS.md,21_V3_Dialect_Surface,regenerated,n/a
docs/specifications_old/wire_protocols/POSTGRESQL_EMULATION_BEHAVIOR.md,docs/specifications/21_V3_Dialect_Surface/legacy_imports/specifications_old/wire_protocols/POSTGRESQL_EMULATION_BEHAVIOR.md,21_V3_Dialect_Surface,regenerated,n/a
docs/specifications_old/wire_protocols/MYSQL_EMULATION_BEHAVIOR.md,docs/specifications/21_V3_Dialect_Surface/legacy_imports/specifications_old/wire_protocols/MYSQL_EMULATION_BEHAVIOR.md,21_V3_Dialect_Surface,regenerated,n/a
docs/specifications_old/wire_protocols/mysql_wire_protocol.md,docs/specifications/21_V3_Dialect_Surface/legacy_imports/specifications_old/wire_protocols/mysql_wire_protocol.md,21_V3_Dialect_Surface,regenerated,n/a
docs/specifications_old/wire_protocols/postgresql_wire_protocol.md,docs/specifications/21_V3_Dialect_Surface/legacy_imports/specifications_old/wire_protocols/postgresql_wire_protocol.md,21_V3_Dialect_Surface,regenerated,n/a
docs/specifications_old/dml/DML_SELECT.md,docs/specifications/21_V3_Dialect_Surface/legacy_imports/specifications_old/dml/DML_SELECT.md,21_V3_Dialect_Surface,regenerated,n/a
docs/specifications_old/dml/DML_DELETE.md,docs/specifications/21_V3_Dialect_Surface/legacy_imports/specifications_old/dml/DML_DELETE.md,21_V3_Dialect_Surface,regenerated,n/a
docs/specifications_old/dml/DML_UPDATE.md,docs/specifications/21_V3_Dialect_Surface/legacy_imports/specifications_old/dml/DML_UPDATE.md,21_V3_Dialect_Surface,regenerated,n/a
docs/specifications_old/dml/DML_XML_JSON_TABLES.md,docs/specifications/21_V3_Dialect_Surface/legacy_imports/specifications_old/dml/DML_XML_JSON_TABLES.md,21_V3_Dialect_Surface,regenerated,n/a
docs/specifications_old/dml/DML_INSERT.md,docs/specifications/21_V3_Dialect_Surface/legacy_imports/specifications_old/dml/DML_INSERT.md,21_V3_Dialect_Surface,regenerated,n/a
docs/specifications_old/dml/04_DML_STATEMENTS_OVERVIEW.md,docs/specifications/21_V3_Dialect_Surface/legacy_imports/specifications_old/dml/04_DML_STATEMENTS_OVERVIEW.md,21_V3_Dialect_Surface,regenerated,n/a
docs/specifications_old/dml/DML_MERGE.md,docs/specifications/21_V3_Dialect_Surface/legacy_imports/specifications_old/dml/DML_MERGE.md,21_V3_Dialect_Surface,regenerated,n/a
docs/specifications_old/ddl/DDL_TABLE_PARTITIONING.md,docs/specifications/21_V3_Dialect_Surface/legacy_imports/specifications_old/ddl/DDL_TABLE_PARTITIONING.md,21_V3_Dialect_Surface,regenerated,n/a
docs/specifications_old/ddl/DDL_PACKAGES.md,docs/specifications/21_V3_Dialect_Surface/legacy_imports/specifications_old/ddl/DDL_PACKAGES.md,21_V3_Dialect_Surface,regenerated,n/a
docs/specifications_old/ddl/DDL_TRIGGERS.md,docs/specifications/21_V3_Dialect_Surface/legacy_imports/specifications_old/ddl/DDL_TRIGGERS.md,21_V3_Dialect_Surface,regenerated,n/a
docs/specifications_old/ddl/DDL_SCHEMAS.md,docs/specifications/21_V3_Dialect_Surface/legacy_imports/specifications_old/ddl/DDL_SCHEMAS.md,21_V3_Dialect_Surface,regenerated,n/a
docs/specifications_old/ddl/DDL_VIEWS.md,docs/specifications/21_V3_Dialect_Surface/legacy_imports/specifications_old/ddl/DDL_VIEWS.md,21_V3_Dialect_Surface,regenerated,n/a
docs/specifications_old/ddl/EXTRACT_AND_ALTER_ELEMENT.md,docs/specifications/21_V3_Dialect_Surface/legacy_imports/specifications_old/ddl/EXTRACT_AND_ALTER_ELEMENT.md,21_V3_Dialect_Surface,regenerated,n/a
docs/specifications_old/ddl/DDL_TABLES.md,docs/specifications/21_V3_Dialect_Surface/legacy_imports/specifications_old/ddl/DDL_TABLES.md,21_V3_Dialect_Surface,regenerated,n/a
docs/specifications_old/ddl/DDL_USER_DEFINED_RESOURCES.md,docs/specifications/21_V3_Dialect_Surface/legacy_imports/specifications_old/ddl/DDL_USER_DEFINED_RESOURCES.md,21_V3_Dialect_Surface,regenerated,n/a
docs/specifications_old/ddl/09_DDL_FOREIGN_DATA.md,docs/specifications/21_V3_Dialect_Surface/legacy_imports/specifications_old/ddl/09_DDL_FOREIGN_DATA.md,21_V3_Dialect_Surface,regenerated,n/a
docs/specifications_old/ddl/DDL_TEMPORAL_TABLES.md,docs/specifications/21_V3_Dialect_Surface/legacy_imports/specifications_old/ddl/DDL_TEMPORAL_TABLES.md,21_V3_Dialect_Surface,regenerated,n/a
docs/specifications_old/ddl/DDL_SEQUENCES.md,docs/specifications/21_V3_Dialect_Surface/legacy_imports/specifications_old/ddl/DDL_SEQUENCES.md,21_V3_Dialect_Surface,regenerated,n/a
docs/specifications_old/Cluster Specification Work/SBCLUSTER-NORMATIVE-LANGUAGE.md,docs/specifications/21_V3_Dialect_Surface/legacy_imports/specifications_old/Cluster Specification Work/SBCLUSTER-NORMATIVE-LANGUAGE.md,21_V3_Dialect_Surface,regenerated,n/a
docs/specifications_old/tools/SB_ISQL_CLI_SPECIFICATION.md,docs/specifications/21_V3_Dialect_Surface/legacy_imports/specifications_old/tools/SB_ISQL_CLI_SPECIFICATION.md,21_V3_Dialect_Surface,regenerated,n/a
docs/specifications_old/parser/01_SQL_DIALECT_OVERVIEW.md,docs/specifications/21_V3_Dialect_Surface/legacy_imports/specifications_old/parser/01_SQL_DIALECT_OVERVIEW.md,21_V3_Dialect_Surface,regenerated,n/a
docs/specifications_old/parser/05_PSQL_PROCEDURAL_LANGUAGE.md,docs/specifications/21_V3_Dialect_Surface/legacy_imports/specifications_old/parser/05_PSQL_PROCEDURAL_LANGUAGE.md,21_V3_Dialect_Surface,regenerated,n/a
docs/specifications_old/parser/PSQL_CURSOR_HANDLES.md,docs/specifications/21_V3_Dialect_Surface/legacy_imports/specifications_old/parser/PSQL_CURSOR_HANDLES.md,21_V3_Dialect_Surface,regenerated,n/a
docs/specifications_old/parser/SCRATCHBIRD_SQL_CORE_LANGUAGE.md,docs/specifications/21_V3_Dialect_Surface/legacy_imports/specifications_old/parser/SCRATCHBIRD_SQL_CORE_LANGUAGE.md,21_V3_Dialect_Surface,regenerated,n/a
docs/specifications_old/parser/SCRATCHBIRD_SQL_COMPLETE_BNF.md,docs/specifications/21_V3_Dialect_Surface/legacy_imports/specifications_old/parser/SCRATCHBIRD_SQL_COMPLETE_BNF.md,21_V3_Dialect_Surface,regenerated,n/a
docs/specifications_old/parser/POSTGRESQL_PARSER_IMPLEMENTATION.md,docs/specifications/21_V3_Dialect_Surface/legacy_imports/specifications_old/parser/POSTGRESQL_PARSER_IMPLEMENTATION.md,21_V3_Dialect_Surface,regenerated,n/a
docs/specifications_old/parser/POSTGRESQL_PARSER_SPECIFICATION.md,docs/specifications/21_V3_Dialect_Surface/legacy_imports/specifications_old/parser/POSTGRESQL_PARSER_SPECIFICATION.md,21_V3_Dialect_Surface,regenerated,n/a
docs/specifications_old/parser/ScratchBird SQL Language Specification - Master Document.md,docs/specifications/21_V3_Dialect_Surface/legacy_imports/specifications_old/parser/ScratchBird SQL Language Specification - Master Document.md,21_V3_Dialect_Surface,regenerated,n/a
docs/specifications_old/parser/SCRATCHBIRD_UNIFIED_NOSQL_EXTENSIONS.md,docs/specifications/21_V3_Dialect_Surface/legacy_imports/specifications_old/parser/SCRATCHBIRD_UNIFIED_NOSQL_EXTENSIONS.md,21_V3_Dialect_Surface,regenerated,n/a
docs/specifications_old/parser/MYSQL_PARSER_SPECIFICATION.md,docs/specifications/21_V3_Dialect_Surface/legacy_imports/specifications_old/parser/MYSQL_PARSER_SPECIFICATION.md,21_V3_Dialect_Surface,regenerated,n/a
docs/specifications_old/operations/MONITORING_SQL_VIEWS.md,docs/specifications/21_V3_Dialect_Surface/legacy_imports/specifications_old/operations/MONITORING_SQL_VIEWS.md,21_V3_Dialect_Surface,regenerated,n/a
docs/specifications_old/operations/MONITORING_DIALECT_MAPPINGS.md,docs/specifications/21_V3_Dialect_Surface/legacy_imports/specifications_old/operations/MONITORING_DIALECT_MAPPINGS.md,21_V3_Dialect_Surface,regenerated,n/a
docs/specifications_old/Alpha Phase 2/11d-MSSQL-Client-Implementation.md,docs/specifications/21_V3_Dialect_Surface/legacy_imports/specifications_old/Alpha Phase 2/11d-MSSQL-Client-Implementation.md,21_V3_Dialect_Surface,regenerated,n/a
docs/specifications_old/Alpha Phase 2/11b-PostgreSQL-Client-Implementation.md,docs/specifications/21_V3_Dialect_Surface/legacy_imports/specifications_old/Alpha Phase 2/11b-PostgreSQL-Client-Implementation.md,21_V3_Dialect_Surface,regenerated,n/a
docs/specifications_old/Alpha Phase 2/11c-MySQL-Client-Implementation.md,docs/specifications/21_V3_Dialect_Surface/legacy_imports/specifications_old/Alpha Phase 2/11c-MySQL-Client-Implementation.md,21_V3_Dialect_Surface,regenerated,n/a
docs/specifications_old/triggers/README.md,docs/specifications/21_V3_Dialect_Surface/legacy_imports/specifications_old/triggers/README.md,21_V3_Dialect_Surface,regenerated,n/a
docs/specifications_old/beta_requirements/nosql/README.md,docs/specifications/21_V3_Dialect_Surface/legacy_imports/specifications_old/beta_requirements/nosql/README.md,21_V3_Dialect_Surface,regenerated,n/a
docs/specifications_old/beta_requirements/nosql/NOSQL_CONSOLIDATION_AND_GAP_MATRIX.md,docs/specifications/21_V3_Dialect_Surface/legacy_imports/specifications_old/beta_requirements/nosql/NOSQL_CONSOLIDATION_AND_GAP_MATRIX.md,21_V3_Dialect_Surface,regenerated,n/a
docs/specifications_old/beta_requirements/nosql/NOSQL_STORAGE_STRUCTURES_REPORT.md,docs/specifications/21_V3_Dialect_Surface/legacy_imports/specifications_old/beta_requirements/nosql/NOSQL_STORAGE_STRUCTURES_REPORT.md,21_V3_Dialect_Surface,regenerated,n/a
docs/specifications_old/beta_requirements/nosql/NOSQL_SCHEMA_SPECIFICATION.md,docs/specifications/21_V3_Dialect_Surface/legacy_imports/specifications_old/beta_requirements/nosql/NOSQL_SCHEMA_SPECIFICATION.md,21_V3_Dialect_Surface,regenerated,n/a
docs/specifications_old/beta_requirements/nosql/NOSQL_CATALOG_MODEL_SPEC.md,docs/specifications/21_V3_Dialect_Surface/legacy_imports/specifications_old/beta_requirements/nosql/NOSQL_CATALOG_MODEL_SPEC.md,21_V3_Dialect_Surface,regenerated,n/a
docs/specifications_old/beta_requirements/nosql/NOSQL_LANGUAGE_SPEC_TRACKER.md,docs/specifications/21_V3_Dialect_Surface/legacy_imports/specifications_old/beta_requirements/nosql/NOSQL_LANGUAGE_SPEC_TRACKER.md,21_V3_Dialect_Surface,regenerated,n/a
docs/specifications_old/beta_requirements/nosql/languages/README.md,docs/specifications/21_V3_Dialect_Surface/legacy_imports/specifications_old/beta_requirements/nosql/languages/README.md,21_V3_Dialect_Surface,regenerated,n/a
docs/specifications_old/beta_requirements/nosql/languages/mongodb_mql/SPECIFICATION.md,docs/specifications/21_V3_Dialect_Surface/legacy_imports/specifications_old/beta_requirements/nosql/languages/mongodb_mql/SPECIFICATION.md,21_V3_Dialect_Surface,regenerated,n/a
docs/specifications_old/beta_requirements/nosql/languages/influxql/SPECIFICATION.md,docs/specifications/21_V3_Dialect_Surface/legacy_imports/specifications_old/beta_requirements/nosql/languages/influxql/SPECIFICATION.md,21_V3_Dialect_Surface,regenerated,n/a
docs/specifications_old/beta_requirements/nosql/languages/arangodb_aql/SPECIFICATION.md,docs/specifications/21_V3_Dialect_Surface/legacy_imports/specifications_old/beta_requirements/nosql/languages/arangodb_aql/SPECIFICATION.md,21_V3_Dialect_Surface,regenerated,n/a
docs/specifications_old/beta_requirements/nosql/languages/weaviate_graphql/SPECIFICATION.md,docs/specifications/21_V3_Dialect_Surface/legacy_imports/specifications_old/beta_requirements/nosql/languages/weaviate_graphql/SPECIFICATION.md,21_V3_Dialect_Surface,regenerated,n/a
docs/specifications_old/beta_requirements/nosql/languages/cypher/SPECIFICATION.md,docs/specifications/21_V3_Dialect_Surface/legacy_imports/specifications_old/beta_requirements/nosql/languages/cypher/SPECIFICATION.md,21_V3_Dialect_Surface,regenerated,n/a
docs/specifications_old/beta_requirements/nosql/languages/cassandra_cql/SPECIFICATION.md,docs/specifications/21_V3_Dialect_Surface/legacy_imports/specifications_old/beta_requirements/nosql/languages/cassandra_cql/SPECIFICATION.md,21_V3_Dialect_Surface,regenerated,n/a
docs/specifications_old/beta_requirements/nosql/languages/sparql/SPECIFICATION.md,docs/specifications/21_V3_Dialect_Surface/legacy_imports/specifications_old/beta_requirements/nosql/languages/sparql/SPECIFICATION.md,21_V3_Dialect_Surface,regenerated,n/a
docs/specifications_old/beta_requirements/nosql/languages/redis_resp/SPECIFICATION.md,docs/specifications/21_V3_Dialect_Surface/legacy_imports/specifications_old/beta_requirements/nosql/languages/redis_resp/SPECIFICATION.md,21_V3_Dialect_Surface,regenerated,n/a
docs/specifications_old/beta_requirements/nosql/languages/gremlin/SPECIFICATION.md,docs/specifications/21_V3_Dialect_Surface/legacy_imports/specifications_old/beta_requirements/nosql/languages/gremlin/SPECIFICATION.md,21_V3_Dialect_Surface,regenerated,n/a
docs/specifications_old/beta_requirements/nosql/languages/couchbase_n1ql/SPECIFICATION.md,docs/specifications/21_V3_Dialect_Surface/legacy_imports/specifications_old/beta_requirements/nosql/languages/couchbase_n1ql/SPECIFICATION.md,21_V3_Dialect_Surface,regenerated,n/a
docs/specifications_old/beta_requirements/nosql/languages/hbase_shell/SPECIFICATION.md,docs/specifications/21_V3_Dialect_Surface/legacy_imports/specifications_old/beta_requirements/nosql/languages/hbase_shell/SPECIFICATION.md,21_V3_Dialect_Surface,regenerated,n/a
docs/specifications_old/beta_requirements/nosql/languages/elasticsearch_dsl/SPECIFICATION.md,docs/specifications/21_V3_Dialect_Surface/legacy_imports/specifications_old/beta_requirements/nosql/languages/elasticsearch_dsl/SPECIFICATION.md,21_V3_Dialect_Surface,regenerated,n/a
docs/specifications_old/beta_requirements/nosql/languages/promql/SPECIFICATION.md,docs/specifications/21_V3_Dialect_Surface/legacy_imports/specifications_old/beta_requirements/nosql/languages/promql/SPECIFICATION.md,21_V3_Dialect_Surface,regenerated,n/a
docs/specifications_old/beta_requirements/nosql/languages/flux/SPECIFICATION.md,docs/specifications/21_V3_Dialect_Surface/legacy_imports/specifications_old/beta_requirements/nosql/languages/flux/SPECIFICATION.md,21_V3_Dialect_Surface,regenerated,n/a
docs/specifications_old/beta_requirements/nosql/languages/milvus_query/SPECIFICATION.md,docs/specifications/21_V3_Dialect_Surface/legacy_imports/specifications_old/beta_requirements/nosql/languages/milvus_query/SPECIFICATION.md,21_V3_Dialect_Surface,regenerated,n/a
docs/specifications_old/beta_requirements/nosql/languages/couchdb_mango/SPECIFICATION.md,docs/specifications/21_V3_Dialect_Surface/legacy_imports/specifications_old/beta_requirements/nosql/languages/couchdb_mango/SPECIFICATION.md,21_V3_Dialect_Surface,regenerated,n/a
docs/specifications_old/beta_requirements/nosql/languages/lucene_query_syntax/SPECIFICATION.md,docs/specifications/21_V3_Dialect_Surface/legacy_imports/specifications_old/beta_requirements/nosql/languages/lucene_query_syntax/SPECIFICATION.md,21_V3_Dialect_Surface,regenerated,n/a
docs/specifications_old/parser/v3/PSQL_STATEMENTS.md,docs/specifications/21_V3_Dialect_Surface/legacy_imports/specifications_old/parser/v3/PSQL_STATEMENTS.md,21_V3_Dialect_Surface,regenerated,n/a
docs/specifications_old/parser/v3/EXECUTOR_V3_SQL_ENGINE.md,docs/specifications/21_V3_Dialect_Surface/legacy_imports/specifications_old/parser/v3/EXECUTOR_V3_SQL_ENGINE.md,21_V3_Dialect_Surface,regenerated,n/a
docs/specifications_old/parser/v3/POSTGRESQL_PARSER_IMPLEMENTATION_GAPS.md,docs/specifications/21_V3_Dialect_Surface/legacy_imports/specifications_old/parser/v3/POSTGRESQL_PARSER_IMPLEMENTATION_GAPS.md,21_V3_Dialect_Surface,regenerated,n/a
docs/specifications_old/parser/v3/PSQL_RUNTIME_V3.md,docs/specifications/21_V3_Dialect_Surface/legacy_imports/specifications_old/parser/v3/PSQL_RUNTIME_V3.md,21_V3_Dialect_Surface,regenerated,n/a
docs/specifications_old/parser/v3/BETA_SQL2023_IMPLEMENTATION_SPECIFICATION.md,docs/specifications/21_V3_Dialect_Surface/legacy_imports/specifications_old/parser/v3/BETA_SQL2023_IMPLEMENTATION_SPECIFICATION.md,21_V3_Dialect_Surface,regenerated,n/a
docs/specifications_old/parser/v3/MYSQL_PARSER_IMPLEMENTATION_GAPS.md,docs/specifications/21_V3_Dialect_Surface/legacy_imports/specifications_old/parser/v3/MYSQL_PARSER_IMPLEMENTATION_GAPS.md,21_V3_Dialect_Surface,regenerated,n/a
docs/specifications_old/parser/v3/wire_protocols/POSTGRESQL_EMULATION_BEHAVIOR.md,docs/specifications/21_V3_Dialect_Surface/legacy_imports/specifications_old/parser/v3/wire_protocols/POSTGRESQL_EMULATION_BEHAVIOR.md,21_V3_Dialect_Surface,regenerated,n/a
docs/specifications_old/parser/v3/wire_protocols/MYSQL_EMULATION_BEHAVIOR.md,docs/specifications/21_V3_Dialect_Surface/legacy_imports/specifications_old/parser/v3/wire_protocols/MYSQL_EMULATION_BEHAVIOR.md,21_V3_Dialect_Surface,regenerated,n/a
docs/specifications_old/parser/v3/wire_protocols/mysql_wire_protocol.md,docs/specifications/21_V3_Dialect_Surface/legacy_imports/specifications_old/parser/v3/wire_protocols/mysql_wire_protocol.md,21_V3_Dialect_Surface,regenerated,n/a
docs/specifications_old/parser/v3/wire_protocols/postgresql_wire_protocol.md,docs/specifications/21_V3_Dialect_Surface/legacy_imports/specifications_old/parser/v3/wire_protocols/postgresql_wire_protocol.md,21_V3_Dialect_Surface,regenerated,n/a
docs/specifications_old/parser/v3/testing/DIALECT_CONFORMANCE_ASSERTIONS.md,docs/specifications/21_V3_Dialect_Surface/legacy_imports/specifications_old/parser/v3/testing/DIALECT_CONFORMANCE_ASSERTIONS.md,21_V3_Dialect_Surface,regenerated,n/a
docs/specifications_old/parser/v3/design/alpha_1_05_sql_parser_design_decisions.md,docs/specifications/21_V3_Dialect_Surface/legacy_imports/specifications_old/parser/v3/design/alpha_1_05_sql_parser_design_decisions.md,21_V3_Dialect_Surface,regenerated,n/a
docs/specifications_old/parser/v3/Cluster Specification Work/SBCLUSTER-NORMATIVE-LANGUAGE.md,docs/specifications/21_V3_Dialect_Surface/legacy_imports/specifications_old/parser/v3/Cluster Specification Work/SBCLUSTER-NORMATIVE-LANGUAGE.md,21_V3_Dialect_Surface,regenerated,n/a
docs/specifications_old/parser/v3/tools/SB_ISQL_CLI_SPECIFICATION.md,docs/specifications/21_V3_Dialect_Surface/legacy_imports/specifications_old/parser/v3/tools/SB_ISQL_CLI_SPECIFICATION.md,21_V3_Dialect_Surface,regenerated,n/a
docs/specifications_old/parser/v3/parser/01_SQL_DIALECT_OVERVIEW.md,docs/specifications/21_V3_Dialect_Surface/legacy_imports/specifications_old/parser/v3/parser/01_SQL_DIALECT_OVERVIEW.md,21_V3_Dialect_Surface,regenerated,n/a
docs/specifications_old/parser/v3/parser/05_PSQL_PROCEDURAL_LANGUAGE.md,docs/specifications/21_V3_Dialect_Surface/legacy_imports/specifications_old/parser/v3/parser/05_PSQL_PROCEDURAL_LANGUAGE.md,21_V3_Dialect_Surface,regenerated,n/a
docs/specifications_old/parser/v3/parser/PSQL_CURSOR_HANDLES.md,docs/specifications/21_V3_Dialect_Surface/legacy_imports/specifications_old/parser/v3/parser/PSQL_CURSOR_HANDLES.md,21_V3_Dialect_Surface,regenerated,n/a
docs/specifications_old/parser/v3/parser/SCRATCHBIRD_SQL_CORE_LANGUAGE.md,docs/specifications/21_V3_Dialect_Surface/legacy_imports/specifications_old/parser/v3/parser/SCRATCHBIRD_SQL_CORE_LANGUAGE.md,21_V3_Dialect_Surface,regenerated,n/a
docs/specifications_old/parser/v3/parser/SCRATCHBIRD_SQL_COMPLETE_BNF.md,docs/specifications/21_V3_Dialect_Surface/legacy_imports/specifications_old/parser/v3/parser/SCRATCHBIRD_SQL_COMPLETE_BNF.md,21_V3_Dialect_Surface,regenerated,n/a
docs/specifications_old/parser/v3/parser/POSTGRESQL_PARSER_IMPLEMENTATION.md,docs/specifications/21_V3_Dialect_Surface/legacy_imports/specifications_old/parser/v3/parser/POSTGRESQL_PARSER_IMPLEMENTATION.md,21_V3_Dialect_Surface,regenerated,n/a
docs/specifications_old/parser/v3/parser/POSTGRESQL_PARSER_SPECIFICATION.md,docs/specifications/21_V3_Dialect_Surface/legacy_imports/specifications_old/parser/v3/parser/POSTGRESQL_PARSER_SPECIFICATION.md,21_V3_Dialect_Surface,regenerated,n/a
docs/specifications_old/parser/v3/parser/ScratchBird SQL Language Specification - Master Document.md,docs/specifications/21_V3_Dialect_Surface/legacy_imports/specifications_old/parser/v3/parser/ScratchBird SQL Language Specification - Master Document.md,21_V3_Dialect_Surface,regenerated,n/a
docs/specifications_old/parser/v3/parser/SCRATCHBIRD_UNIFIED_NOSQL_EXTENSIONS.md,docs/specifications/21_V3_Dialect_Surface/legacy_imports/specifications_old/parser/v3/parser/SCRATCHBIRD_UNIFIED_NOSQL_EXTENSIONS.md,21_V3_Dialect_Surface,regenerated,n/a
docs/specifications_old/parser/v3/parser/MYSQL_PARSER_SPECIFICATION.md,docs/specifications/21_V3_Dialect_Surface/legacy_imports/specifications_old/parser/v3/parser/MYSQL_PARSER_SPECIFICATION.md,21_V3_Dialect_Surface,regenerated,n/a
docs/specifications_old/parser/v3/operations/MONITORING_SQL_VIEWS.md,docs/specifications/21_V3_Dialect_Surface/legacy_imports/specifications_old/parser/v3/operations/MONITORING_SQL_VIEWS.md,21_V3_Dialect_Surface,regenerated,n/a
docs/specifications_old/parser/v3/operations/MONITORING_DIALECT_MAPPINGS.md,docs/specifications/21_V3_Dialect_Surface/legacy_imports/specifications_old/parser/v3/operations/MONITORING_DIALECT_MAPPINGS.md,21_V3_Dialect_Surface,regenerated,n/a
docs/specifications_old/parser/v3/beta_requirements/nosql/README.md,docs/specifications/21_V3_Dialect_Surface/legacy_imports/specifications_old/parser/v3/beta_requirements/nosql/README.md,21_V3_Dialect_Surface,regenerated,n/a
docs/specifications_old/parser/v3/beta_requirements/nosql/NOSQL_CONSOLIDATION_AND_GAP_MATRIX.md,docs/specifications/21_V3_Dialect_Surface/legacy_imports/specifications_old/parser/v3/beta_requirements/nosql/NOSQL_CONSOLIDATION_AND_GAP_MATRIX.md,21_V3_Dialect_Surface,regenerated,n/a
docs/specifications_old/parser/v3/beta_requirements/nosql/NOSQL_STORAGE_STRUCTURES_REPORT.md,docs/specifications/21_V3_Dialect_Surface/legacy_imports/specifications_old/parser/v3/beta_requirements/nosql/NOSQL_STORAGE_STRUCTURES_REPORT.md,21_V3_Dialect_Surface,regenerated,n/a
docs/specifications_old/parser/v3/beta_requirements/nosql/NOSQL_SCHEMA_SPECIFICATION.md,docs/specifications/21_V3_Dialect_Surface/legacy_imports/specifications_old/parser/v3/beta_requirements/nosql/NOSQL_SCHEMA_SPECIFICATION.md,21_V3_Dialect_Surface,regenerated,n/a
docs/specifications_old/parser/v3/beta_requirements/nosql/NOSQL_CATALOG_MODEL_SPEC.md,docs/specifications/21_V3_Dialect_Surface/legacy_imports/specifications_old/parser/v3/beta_requirements/nosql/NOSQL_CATALOG_MODEL_SPEC.md,21_V3_Dialect_Surface,regenerated,n/a
docs/specifications_old/parser/v3/beta_requirements/nosql/NOSQL_LANGUAGE_SPEC_TRACKER.md,docs/specifications/21_V3_Dialect_Surface/legacy_imports/specifications_old/parser/v3/beta_requirements/nosql/NOSQL_LANGUAGE_SPEC_TRACKER.md,21_V3_Dialect_Surface,regenerated,n/a
docs/specifications_old/parser/v3/beta_requirements/orms-frameworks/sqlalchemy/README.md,docs/specifications/21_V3_Dialect_Surface/legacy_imports/specifications_old/parser/v3/beta_requirements/orms-frameworks/sqlalchemy/README.md,21_V3_Dialect_Surface,regenerated,n/a
docs/specifications_old/parser/v3/beta_requirements/tools/mysql-workbench/README.md,docs/specifications/21_V3_Dialect_Surface/legacy_imports/specifications_old/parser/v3/beta_requirements/tools/mysql-workbench/README.md,21_V3_Dialect_Surface,regenerated,n/a
docs/specifications_old/parser/v3/beta_requirements/nosql/languages/README.md,docs/specifications/21_V3_Dialect_Surface/legacy_imports/specifications_old/parser/v3/beta_requirements/nosql/languages/README.md,21_V3_Dialect_Surface,regenerated,n/a
docs/specifications_old/parser/v3/beta_requirements/nosql/languages/mongodb_mql/SPECIFICATION.md,docs/specifications/21_V3_Dialect_Surface/legacy_imports/specifications_old/parser/v3/beta_requirements/nosql/languages/mongodb_mql/SPECIFICATION.md,21_V3_Dialect_Surface,regenerated,n/a
docs/specifications_old/parser/v3/beta_requirements/nosql/languages/influxql/SPECIFICATION.md,docs/specifications/21_V3_Dialect_Surface/legacy_imports/specifications_old/parser/v3/beta_requirements/nosql/languages/influxql/SPECIFICATION.md,21_V3_Dialect_Surface,regenerated,n/a
docs/specifications_old/parser/v3/beta_requirements/nosql/languages/arangodb_aql/SPECIFICATION.md,docs/specifications/21_V3_Dialect_Surface/legacy_imports/specifications_old/parser/v3/beta_requirements/nosql/languages/arangodb_aql/SPECIFICATION.md,21_V3_Dialect_Surface,regenerated,n/a
docs/specifications_old/parser/v3/beta_requirements/nosql/languages/weaviate_graphql/SPECIFICATION.md,docs/specifications/21_V3_Dialect_Surface/legacy_imports/specifications_old/parser/v3/beta_requirements/nosql/languages/weaviate_graphql/SPECIFICATION.md,21_V3_Dialect_Surface,regenerated,n/a
docs/specifications_old/parser/v3/beta_requirements/nosql/languages/cypher/SPECIFICATION.md,docs/specifications/21_V3_Dialect_Surface/legacy_imports/specifications_old/parser/v3/beta_requirements/nosql/languages/cypher/SPECIFICATION.md,21_V3_Dialect_Surface,regenerated,n/a
docs/specifications_old/parser/v3/beta_requirements/nosql/languages/cassandra_cql/SPECIFICATION.md,docs/specifications/21_V3_Dialect_Surface/legacy_imports/specifications_old/parser/v3/beta_requirements/nosql/languages/cassandra_cql/SPECIFICATION.md,21_V3_Dialect_Surface,regenerated,n/a
docs/specifications_old/parser/v3/beta_requirements/nosql/languages/sparql/SPECIFICATION.md,docs/specifications/21_V3_Dialect_Surface/legacy_imports/specifications_old/parser/v3/beta_requirements/nosql/languages/sparql/SPECIFICATION.md,21_V3_Dialect_Surface,regenerated,n/a
docs/specifications_old/parser/v3/beta_requirements/nosql/languages/redis_resp/SPECIFICATION.md,docs/specifications/21_V3_Dialect_Surface/legacy_imports/specifications_old/parser/v3/beta_requirements/nosql/languages/redis_resp/SPECIFICATION.md,21_V3_Dialect_Surface,regenerated,n/a
docs/specifications_old/parser/v3/beta_requirements/nosql/languages/gremlin/SPECIFICATION.md,docs/specifications/21_V3_Dialect_Surface/legacy_imports/specifications_old/parser/v3/beta_requirements/nosql/languages/gremlin/SPECIFICATION.md,21_V3_Dialect_Surface,regenerated,n/a
docs/specifications_old/parser/v3/beta_requirements/nosql/languages/couchbase_n1ql/SPECIFICATION.md,docs/specifications/21_V3_Dialect_Surface/legacy_imports/specifications_old/parser/v3/beta_requirements/nosql/languages/couchbase_n1ql/SPECIFICATION.md,21_V3_Dialect_Surface,regenerated,n/a
docs/specifications_old/parser/v3/beta_requirements/nosql/languages/hbase_shell/SPECIFICATION.md,docs/specifications/21_V3_Dialect_Surface/legacy_imports/specifications_old/parser/v3/beta_requirements/nosql/languages/hbase_shell/SPECIFICATION.md,21_V3_Dialect_Surface,regenerated,n/a
docs/specifications_old/parser/v3/beta_requirements/nosql/languages/elasticsearch_dsl/SPECIFICATION.md,docs/specifications/21_V3_Dialect_Surface/legacy_imports/specifications_old/parser/v3/beta_requirements/nosql/languages/elasticsearch_dsl/SPECIFICATION.md,21_V3_Dialect_Surface,regenerated,n/a
docs/specifications_old/parser/v3/beta_requirements/nosql/languages/promql/SPECIFICATION.md,docs/specifications/21_V3_Dialect_Surface/legacy_imports/specifications_old/parser/v3/beta_requirements/nosql/languages/promql/SPECIFICATION.md,21_V3_Dialect_Surface,regenerated,n/a
docs/specifications_old/parser/v3/beta_requirements/nosql/languages/flux/SPECIFICATION.md,docs/specifications/21_V3_Dialect_Surface/legacy_imports/specifications_old/parser/v3/beta_requirements/nosql/languages/flux/SPECIFICATION.md,21_V3_Dialect_Surface,regenerated,n/a
docs/specifications_old/parser/v3/beta_requirements/nosql/languages/milvus_query/SPECIFICATION.md,docs/specifications/21_V3_Dialect_Surface/legacy_imports/specifications_old/parser/v3/beta_requirements/nosql/languages/milvus_query/SPECIFICATION.md,21_V3_Dialect_Surface,regenerated,n/a
docs/specifications_old/parser/v3/beta_requirements/nosql/languages/couchdb_mango/SPECIFICATION.md,docs/specifications/21_V3_Dialect_Surface/legacy_imports/specifications_old/parser/v3/beta_requirements/nosql/languages/couchdb_mango/SPECIFICATION.md,21_V3_Dialect_Surface,regenerated,n/a
docs/specifications_old/parser/v3/beta_requirements/nosql/languages/lucene_query_syntax/SPECIFICATION.md,docs/specifications/21_V3_Dialect_Surface/legacy_imports/specifications_old/parser/v3/beta_requirements/nosql/languages/lucene_query_syntax/SPECIFICATION.md,21_V3_Dialect_Surface,regenerated,n/a
docs/specifications_old/reference/firebird/firebird-isql.pdf,docs/specifications/21_V3_Dialect_Surface/legacy_imports/specifications_old/reference/firebird/firebird-isql.pdf,21_V3_Dialect_Surface,regenerated,n/a
docs/specifications_old/reference/firebird/firebird-50-language-reference.pdf,docs/specifications/21_V3_Dialect_Surface/legacy_imports/specifications_old/reference/firebird/firebird-50-language-reference.pdf,21_V3_Dialect_Surface,regenerated,n/a
docs/specifications_old/reference/postgresql/emulation_specs_18_1/30_wire_protocol.md,docs/specifications/21_V3_Dialect_Surface/legacy_imports/specifications_old/reference/postgresql/emulation_specs_18_1/30_wire_protocol.md,21_V3_Dialect_Surface,regenerated,n/a
docs/specifications_old/reference/postgresql/emulation_specs_18_1/README.md,docs/specifications/21_V3_Dialect_Surface/legacy_imports/specifications_old/reference/postgresql/emulation_specs_18_1/README.md,21_V3_Dialect_Surface,regenerated,n/a
docs/specifications_old/reference/postgresql/emulation_specs_18_1/00_scope_and_compliance.md,docs/specifications/21_V3_Dialect_Surface/legacy_imports/specifications_old/reference/postgresql/emulation_specs_18_1/00_scope_and_compliance.md,21_V3_Dialect_Surface,regenerated,n/a
docs/specifications_old/reference/postgresql/emulation_specs_18_1/60_builtins.md,docs/specifications/21_V3_Dialect_Surface/legacy_imports/specifications_old/reference/postgresql/emulation_specs_18_1/60_builtins.md,21_V3_Dialect_Surface,regenerated,n/a
docs/specifications_old/reference/postgresql/emulation_specs_18_1/10_sql_language.md,docs/specifications/21_V3_Dialect_Surface/legacy_imports/specifications_old/reference/postgresql/emulation_specs_18_1/10_sql_language.md,21_V3_Dialect_Surface,regenerated,n/a
docs/specifications_old/reference/postgresql/emulation_specs_18_1/50_catalog.md,docs/specifications/21_V3_Dialect_Surface/legacy_imports/specifications_old/reference/postgresql/emulation_specs_18_1/50_catalog.md,21_V3_Dialect_Surface,regenerated,n/a
docs/specifications_old/reference/postgresql/emulation_specs_18_1/20_api_surface.md,docs/specifications/21_V3_Dialect_Surface/legacy_imports/specifications_old/reference/postgresql/emulation_specs_18_1/20_api_surface.md,21_V3_Dialect_Surface,regenerated,n/a
docs/specifications_old/reference/postgresql/emulation_specs_18_1/01_source_map.md,docs/specifications/21_V3_Dialect_Surface/legacy_imports/specifications_old/reference/postgresql/emulation_specs_18_1/01_source_map.md,21_V3_Dialect_Surface,regenerated,n/a
docs/specifications_old/reference/postgresql/emulation_specs_18_1/90_test_vectors.md,docs/specifications/21_V3_Dialect_Surface/legacy_imports/specifications_old/reference/postgresql/emulation_specs_18_1/90_test_vectors.md,21_V3_Dialect_Surface,regenerated,n/a
docs/specifications_old/reference/postgresql/emulation_specs_18_1/doc/src/sgml/targets-meson.txt,docs/specifications/21_V3_Dialect_Surface/legacy_imports/specifications_old/reference/postgresql/emulation_specs_18_1/doc/src/sgml/targets-meson.txt,21_V3_Dialect_Surface,regenerated,n/a
docs/specifications_old/reference/postgresql/emulation_specs_18_1/doc/src/sgml/keywords/sql2016-09-nonreserved.txt,docs/specifications/21_V3_Dialect_Surface/legacy_imports/specifications_old/reference/postgresql/emulation_specs_18_1/doc/src/sgml/keywords/sql2016-09-nonreserved.txt,21_V3_Dialect_Surface,regenerated,n/a
docs/specifications_old/reference/postgresql/emulation_specs_18_1/doc/src/sgml/keywords/sql2023-02-nonreserved.txt,docs/specifications/21_V3_Dialect_Surface/legacy_imports/specifications_old/reference/postgresql/emulation_specs_18_1/doc/src/sgml/keywords/sql2023-02-nonreserved.txt,21_V3_Dialect_Surface,regenerated,n/a
docs/specifications_old/reference/postgresql/emulation_specs_18_1/doc/src/sgml/keywords/sql2016-09-reserved.txt,docs/specifications/21_V3_Dialect_Surface/legacy_imports/specifications_old/reference/postgresql/emulation_specs_18_1/doc/src/sgml/keywords/sql2016-09-reserved.txt,21_V3_Dialect_Surface,regenerated,n/a
docs/specifications_old/reference/postgresql/emulation_specs_18_1/doc/src/sgml/keywords/sql2016-02-reserved.txt,docs/specifications/21_V3_Dialect_Surface/legacy_imports/specifications_old/reference/postgresql/emulation_specs_18_1/doc/src/sgml/keywords/sql2016-02-reserved.txt,21_V3_Dialect_Surface,regenerated,n/a
docs/specifications_old/reference/postgresql/emulation_specs_18_1/doc/src/sgml/keywords/sql2023-09-nonreserved.txt,docs/specifications/21_V3_Dialect_Surface/legacy_imports/specifications_old/reference/postgresql/emulation_specs_18_1/doc/src/sgml/keywords/sql2023-09-nonreserved.txt,21_V3_Dialect_Surface,regenerated,n/a
docs/specifications_old/reference/postgresql/emulation_specs_18_1/doc/src/sgml/keywords/sql2023-09-reserved.txt,docs/specifications/21_V3_Dialect_Surface/legacy_imports/specifications_old/reference/postgresql/emulation_specs_18_1/doc/src/sgml/keywords/sql2023-09-reserved.txt,21_V3_Dialect_Surface,regenerated,n/a
docs/specifications_old/reference/postgresql/emulation_specs_18_1/doc/src/sgml/keywords/sql1992-nonreserved.txt,docs/specifications/21_V3_Dialect_Surface/legacy_imports/specifications_old/reference/postgresql/emulation_specs_18_1/doc/src/sgml/keywords/sql1992-nonreserved.txt,21_V3_Dialect_Surface,regenerated,n/a
docs/specifications_old/reference/postgresql/emulation_specs_18_1/doc/src/sgml/keywords/sql1992-reserved.txt,docs/specifications/21_V3_Dialect_Surface/legacy_imports/specifications_old/reference/postgresql/emulation_specs_18_1/doc/src/sgml/keywords/sql1992-reserved.txt,21_V3_Dialect_Surface,regenerated,n/a
docs/specifications_old/reference/postgresql/emulation_specs_18_1/doc/src/sgml/keywords/sql2016-14-nonreserved.txt,docs/specifications/21_V3_Dialect_Surface/legacy_imports/specifications_old/reference/postgresql/emulation_specs_18_1/doc/src/sgml/keywords/sql2016-14-nonreserved.txt,21_V3_Dialect_Surface,regenerated,n/a
docs/specifications_old/reference/postgresql/emulation_specs_18_1/doc/src/sgml/keywords/sql2023-02-reserved.txt,docs/specifications/21_V3_Dialect_Surface/legacy_imports/specifications_old/reference/postgresql/emulation_specs_18_1/doc/src/sgml/keywords/sql2023-02-reserved.txt,21_V3_Dialect_Surface,regenerated,n/a
docs/specifications_old/reference/postgresql/emulation_specs_18_1/doc/src/sgml/keywords/sql2023-14-nonreserved.txt,docs/specifications/21_V3_Dialect_Surface/legacy_imports/specifications_old/reference/postgresql/emulation_specs_18_1/doc/src/sgml/keywords/sql2023-14-nonreserved.txt,21_V3_Dialect_Surface,regenerated,n/a
docs/specifications_old/reference/postgresql/emulation_specs_18_1/doc/src/sgml/keywords/sql2016-02-nonreserved.txt,docs/specifications/21_V3_Dialect_Surface/legacy_imports/specifications_old/reference/postgresql/emulation_specs_18_1/doc/src/sgml/keywords/sql2016-02-nonreserved.txt,21_V3_Dialect_Surface,regenerated,n/a
docs/specifications_old/reference/postgresql/emulation_specs_18_1/doc/src/sgml/keywords/sql2023-14-reserved.txt,docs/specifications/21_V3_Dialect_Surface/legacy_imports/specifications_old/reference/postgresql/emulation_specs_18_1/doc/src/sgml/keywords/sql2023-14-reserved.txt,21_V3_Dialect_Surface,regenerated,n/a
docs/specifications_old/reference/postgresql/emulation_specs_18_1/doc/src/sgml/keywords/sql2016-14-reserved.txt,docs/specifications/21_V3_Dialect_Surface/legacy_imports/specifications_old/reference/postgresql/emulation_specs_18_1/doc/src/sgml/keywords/sql2016-14-reserved.txt,21_V3_Dialect_Surface,regenerated,n/a
docs/specifications_old/reference/postgresql/emulation_specs_18_1/src/timezone/known_abbrevs.txt,docs/specifications/21_V3_Dialect_Surface/legacy_imports/specifications_old/reference/postgresql/emulation_specs_18_1/src/timezone/known_abbrevs.txt,21_V3_Dialect_Surface,regenerated,n/a
docs/specifications_old/reference/postgresql/emulation_specs_18_1/src/timezone/tznames/Pacific.txt,docs/specifications/21_V3_Dialect_Surface/legacy_imports/specifications_old/reference/postgresql/emulation_specs_18_1/src/timezone/tznames/Pacific.txt,21_V3_Dialect_Surface,regenerated,n/a
docs/specifications_old/reference/postgresql/emulation_specs_18_1/src/timezone/tznames/Indian.txt,docs/specifications/21_V3_Dialect_Surface/legacy_imports/specifications_old/reference/postgresql/emulation_specs_18_1/src/timezone/tznames/Indian.txt,21_V3_Dialect_Surface,regenerated,n/a
docs/specifications_old/reference/postgresql/emulation_specs_18_1/src/timezone/tznames/America.txt,docs/specifications/21_V3_Dialect_Surface/legacy_imports/specifications_old/reference/postgresql/emulation_specs_18_1/src/timezone/tznames/America.txt,21_V3_Dialect_Surface,regenerated,n/a
docs/specifications_old/reference/postgresql/emulation_specs_18_1/src/timezone/tznames/Etc.txt,docs/specifications/21_V3_Dialect_Surface/legacy_imports/specifications_old/reference/postgresql/emulation_specs_18_1/src/timezone/tznames/Etc.txt,21_V3_Dialect_Surface,regenerated,n/a
docs/specifications_old/reference/postgresql/emulation_specs_18_1/src/timezone/tznames/Asia.txt,docs/specifications/21_V3_Dialect_Surface/legacy_imports/specifications_old/reference/postgresql/emulation_specs_18_1/src/timezone/tznames/Asia.txt,21_V3_Dialect_Surface,regenerated,n/a
docs/specifications_old/reference/postgresql/emulation_specs_18_1/src/timezone/tznames/Antarctica.txt,docs/specifications/21_V3_Dialect_Surface/legacy_imports/specifications_old/reference/postgresql/emulation_specs_18_1/src/timezone/tznames/Antarctica.txt,21_V3_Dialect_Surface,regenerated,n/a
docs/specifications_old/reference/postgresql/emulation_specs_18_1/src/timezone/tznames/Europe.txt,docs/specifications/21_V3_Dialect_Surface/legacy_imports/specifications_old/reference/postgresql/emulation_specs_18_1/src/timezone/tznames/Europe.txt,21_V3_Dialect_Surface,regenerated,n/a
docs/specifications_old/reference/postgresql/emulation_specs_18_1/src/timezone/tznames/Africa.txt,docs/specifications/21_V3_Dialect_Surface/legacy_imports/specifications_old/reference/postgresql/emulation_specs_18_1/src/timezone/tznames/Africa.txt,21_V3_Dialect_Surface,regenerated,n/a
docs/specifications_old/reference/postgresql/emulation_specs_18_1/src/timezone/tznames/Atlantic.txt,docs/specifications/21_V3_Dialect_Surface/legacy_imports/specifications_old/reference/postgresql/emulation_specs_18_1/src/timezone/tznames/Atlantic.txt,21_V3_Dialect_Surface,regenerated,n/a
docs/specifications_old/reference/postgresql/emulation_specs_18_1/src/timezone/tznames/Australia.txt,docs/specifications/21_V3_Dialect_Surface/legacy_imports/specifications_old/reference/postgresql/emulation_specs_18_1/src/timezone/tznames/Australia.txt,21_V3_Dialect_Surface,regenerated,n/a
docs/specifications_old/reference/postgresql/emulation_specs_18_1/src/backend/utils/errcodes.txt,docs/specifications/21_V3_Dialect_Surface/legacy_imports/specifications_old/reference/postgresql/emulation_specs_18_1/src/backend/utils/errcodes.txt,21_V3_Dialect_Surface,regenerated,n/a
docs/specifications_old/reference/postgresql/emulation_specs_18_1/src/backend/catalog/sql_feature_packages.txt,docs/specifications/21_V3_Dialect_Surface/legacy_imports/specifications_old/reference/postgresql/emulation_specs_18_1/src/backend/catalog/sql_feature_packages.txt,21_V3_Dialect_Surface,regenerated,n/a
docs/specifications_old/reference/postgresql/emulation_specs_18_1/src/backend/catalog/sql_features.txt,docs/specifications/21_V3_Dialect_Surface/legacy_imports/specifications_old/reference/postgresql/emulation_specs_18_1/src/backend/catalog/sql_features.txt,21_V3_Dialect_Surface,regenerated,n/a
docs/specifications_old/reference/postgresql/emulation_specs_18_1/src/backend/storage/aio/README.md,docs/specifications/21_V3_Dialect_Surface/legacy_imports/specifications_old/reference/postgresql/emulation_specs_18_1/src/backend/storage/aio/README.md,21_V3_Dialect_Surface,regenerated,n/a
docs/specifications_old/reference/postgresql/emulation_specs_18_1/src/backend/utils/activity/wait_event_names.txt,docs/specifications/21_V3_Dialect_Surface/legacy_imports/specifications_old/reference/postgresql/emulation_specs_18_1/src/backend/utils/activity/wait_event_names.txt,21_V3_Dialect_Surface,regenerated,n/a
docs/specifications_old/reference/postgresql/emulation_specs_18_1/src/backend/utils/mb/Unicode/euc-jis-2004-std.txt,docs/specifications/21_V3_Dialect_Surface/legacy_imports/specifications_old/reference/postgresql/emulation_specs_18_1/src/backend/utils/mb/Unicode/euc-jis-2004-std.txt,21_V3_Dialect_Surface,regenerated,n/a
docs/specifications_old/reference/postgresql/emulation_specs_18_1/src/backend/utils/mb/Unicode/sjis-0213-2004-std.txt,docs/specifications/21_V3_Dialect_Surface/legacy_imports/specifications_old/reference/postgresql/emulation_specs_18_1/src/backend/utils/mb/Unicode/sjis-0213-2004-std.txt,21_V3_Dialect_Surface,regenerated,n/a
docs/specifications_old/reference/postgresql/emulation_specs_18_1/src/interfaces/libpq/exports.txt,docs/specifications/21_V3_Dialect_Surface/legacy_imports/specifications_old/reference/postgresql/emulation_specs_18_1/src/interfaces/libpq/exports.txt,21_V3_Dialect_Surface,regenerated,n/a
docs/specifications_old/reference/postgresql/emulation_specs_18_1/src/interfaces/ecpg/ecpglib/exports.txt,docs/specifications/21_V3_Dialect_Surface/legacy_imports/specifications_old/reference/postgresql/emulation_specs_18_1/src/interfaces/ecpg/ecpglib/exports.txt,21_V3_Dialect_Surface,regenerated,n/a
docs/specifications_old/reference/postgresql/emulation_specs_18_1/src/interfaces/ecpg/compatlib/exports.txt,docs/specifications/21_V3_Dialect_Surface/legacy_imports/specifications_old/reference/postgresql/emulation_specs_18_1/src/interfaces/ecpg/compatlib/exports.txt,21_V3_Dialect_Surface,regenerated,n/a
docs/specifications_old/reference/postgresql/emulation_specs_18_1/src/bin/pgevent/exports.txt,docs/specifications/21_V3_Dialect_Surface/legacy_imports/specifications_old/reference/postgresql/emulation_specs_18_1/src/bin/pgevent/exports.txt,21_V3_Dialect_Surface,regenerated,n/a
docs/specifications_old/reference/mysql/emulation_specs_8_4/30_wire_protocol.md,docs/specifications/21_V3_Dialect_Surface/legacy_imports/specifications_old/reference/mysql/emulation_specs_8_4/30_wire_protocol.md,21_V3_Dialect_Surface,regenerated,n/a
docs/specifications_old/reference/mysql/emulation_specs_8_4/README.md,docs/specifications/21_V3_Dialect_Surface/legacy_imports/specifications_old/reference/mysql/emulation_specs_8_4/README.md,21_V3_Dialect_Surface,regenerated,n/a
docs/specifications_old/reference/mysql/emulation_specs_8_4/00_scope_and_compliance.md,docs/specifications/21_V3_Dialect_Surface/legacy_imports/specifications_old/reference/mysql/emulation_specs_8_4/00_scope_and_compliance.md,21_V3_Dialect_Surface,regenerated,n/a
docs/specifications_old/reference/mysql/emulation_specs_8_4/60_builtins.md,docs/specifications/21_V3_Dialect_Surface/legacy_imports/specifications_old/reference/mysql/emulation_specs_8_4/60_builtins.md,21_V3_Dialect_Surface,regenerated,n/a
docs/specifications_old/reference/mysql/emulation_specs_8_4/10_sql_language.md,docs/specifications/21_V3_Dialect_Surface/legacy_imports/specifications_old/reference/mysql/emulation_specs_8_4/10_sql_language.md,21_V3_Dialect_Surface,regenerated,n/a
docs/specifications_old/reference/mysql/emulation_specs_8_4/50_catalog.md,docs/specifications/21_V3_Dialect_Surface/legacy_imports/specifications_old/reference/mysql/emulation_specs_8_4/50_catalog.md,21_V3_Dialect_Surface,regenerated,n/a
docs/specifications_old/reference/mysql/emulation_specs_8_4/20_api_surface.md,docs/specifications/21_V3_Dialect_Surface/legacy_imports/specifications_old/reference/mysql/emulation_specs_8_4/20_api_surface.md,21_V3_Dialect_Surface,regenerated,n/a
docs/specifications_old/reference/mysql/emulation_specs_8_4/01_source_map.md,docs/specifications/21_V3_Dialect_Surface/legacy_imports/specifications_old/reference/mysql/emulation_specs_8_4/01_source_map.md,21_V3_Dialect_Surface,regenerated,n/a
docs/specifications_old/reference/mysql/emulation_specs_8_4/90_test_vectors.md,docs/specifications/21_V3_Dialect_Surface/legacy_imports/specifications_old/reference/mysql/emulation_specs_8_4/90_test_vectors.md,21_V3_Dialect_Surface,regenerated,n/a
docs/specifications_old/reference/mysql/emulation_specs_8_4/mysql_docs/man/CMakeLists.txt,docs/specifications/21_V3_Dialect_Surface/legacy_imports/specifications_old/reference/mysql/emulation_specs_8_4/mysql_docs/man/CMakeLists.txt,21_V3_Dialect_Surface,regenerated,n/a
docs/specifications_old/reference/mysql/emulation_specs_8_4/mysql_docs/Docs/sp-imp-spec.txt,docs/specifications/21_V3_Dialect_Surface/legacy_imports/specifications_old/reference/mysql/emulation_specs_8_4/mysql_docs/Docs/sp-imp-spec.txt,21_V3_Dialect_Surface,regenerated,n/a
docs/specifications_old/reference/mysql/emulation_specs_8_4/source_copies/strings/CMakeLists.txt,docs/specifications/21_V3_Dialect_Surface/legacy_imports/specifications_old/reference/mysql/emulation_specs_8_4/source_copies/strings/CMakeLists.txt,21_V3_Dialect_Surface,regenerated,n/a
docs/specifications_old/reference/mysql/emulation_specs_8_4/source_copies/strings/CHARSET_INFO.txt,docs/specifications/21_V3_Dialect_Surface/legacy_imports/specifications_old/reference/mysql/emulation_specs_8_4/source_copies/strings/CHARSET_INFO.txt,21_V3_Dialect_Surface,regenerated,n/a
docs/specifications_old/reference/mysql/emulation_specs_8_4/source_copies/share/messages_to_error_log.txt,docs/specifications/21_V3_Dialect_Surface/legacy_imports/specifications_old/reference/mysql/emulation_specs_8_4/source_copies/share/messages_to_error_log.txt,21_V3_Dialect_Surface,regenerated,n/a
docs/specifications_old/reference/mysql/emulation_specs_8_4/source_copies/share/dictionary.txt,docs/specifications/21_V3_Dialect_Surface/legacy_imports/specifications_old/reference/mysql/emulation_specs_8_4/source_copies/share/dictionary.txt,21_V3_Dialect_Surface,regenerated,n/a
docs/specifications_old/reference/mysql/emulation_specs_8_4/source_copies/share/CMakeLists.txt,docs/specifications/21_V3_Dialect_Surface/legacy_imports/specifications_old/reference/mysql/emulation_specs_8_4/source_copies/share/CMakeLists.txt,21_V3_Dialect_Surface,regenerated,n/a
docs/specifications_old/reference/mysql/emulation_specs_8_4/source_copies/share/messages_to_clients.txt,docs/specifications/21_V3_Dialect_Surface/legacy_imports/specifications_old/reference/mysql/emulation_specs_8_4/source_copies/share/messages_to_clients.txt,21_V3_Dialect_Surface,regenerated,n/a
docs/specifications_old/reference/mysql/emulation_specs_8_4/source_copies/share/errmsg_readme.txt,docs/specifications/21_V3_Dialect_Surface/legacy_imports/specifications_old/reference/mysql/emulation_specs_8_4/source_copies/share/errmsg_readme.txt,21_V3_Dialect_Surface,regenerated,n/a
docs/specifications_old/reference/mysql/emulation_specs_8_4/source_copies/vio/CMakeLists.txt,docs/specifications/21_V3_Dialect_Surface/legacy_imports/specifications_old/reference/mysql/emulation_specs_8_4/source_copies/vio/CMakeLists.txt,21_V3_Dialect_Surface,regenerated,n/a
docs/specifications_old/reference/mysql/emulation_specs_8_4/source_copies/libmysql/CMakeLists.txt,docs/specifications/21_V3_Dialect_Surface/legacy_imports/specifications_old/reference/mysql/emulation_specs_8_4/source_copies/libmysql/CMakeLists.txt,21_V3_Dialect_Surface,regenerated,n/a
docs/specifications_old/reference/mysql/emulation_specs_8_4/source_copies/mysys/CMakeLists.txt,docs/specifications/21_V3_Dialect_Surface/legacy_imports/specifications_old/reference/mysql/emulation_specs_8_4/source_copies/mysys/CMakeLists.txt,21_V3_Dialect_Surface,regenerated,n/a
docs/specifications_old/reference/mysql/emulation_specs_8_4/source_copies/sql/CMakeLists.txt,docs/specifications/21_V3_Dialect_Surface/legacy_imports/specifications_old/reference/mysql/emulation_specs_8_4/source_copies/sql/CMakeLists.txt,21_V3_Dialect_Surface,regenerated,n/a
docs/specifications_old/reference/mysql/emulation_specs_8_4/source_copies/include/CMakeLists.txt,docs/specifications/21_V3_Dialect_Surface/legacy_imports/specifications_old/reference/mysql/emulation_specs_8_4/source_copies/include/CMakeLists.txt,21_V3_Dialect_Surface,regenerated,n/a
docs/specifications_old/reference/mysql/emulation_specs_8_4/source_copies/plugin/test_plugins/CMakeLists.txt,docs/specifications/21_V3_Dialect_Surface/legacy_imports/specifications_old/reference/mysql/emulation_specs_8_4/source_copies/plugin/test_plugins/CMakeLists.txt,21_V3_Dialect_Surface,regenerated,n/a
docs/specifications_old/reference/mysql/emulation_specs_8_4/source_copies/plugin/test_service_sql_api/CMakeLists.txt,docs/specifications/21_V3_Dialect_Surface/legacy_imports/specifications_old/reference/mysql/emulation_specs_8_4/source_copies/plugin/test_service_sql_api/CMakeLists.txt,21_V3_Dialect_Surface,regenerated,n/a
docs/specifications_old/reference/mysql/emulation_specs_8_4/source_copies/plugin/keyring_udf/CMakeLists.txt,docs/specifications/21_V3_Dialect_Surface/legacy_imports/specifications_old/reference/mysql/emulation_specs_8_4/source_copies/plugin/keyring_udf/CMakeLists.txt,21_V3_Dialect_Surface,regenerated,n/a
docs/specifications_old/reference/mysql/emulation_specs_8_4/source_copies/plugin/udf_services/CMakeLists.txt,docs/specifications/21_V3_Dialect_Surface/legacy_imports/specifications_old/reference/mysql/emulation_specs_8_4/source_copies/plugin/udf_services/CMakeLists.txt,21_V3_Dialect_Surface,regenerated,n/a
docs/specifications_old/reference/mysql/emulation_specs_8_4/source_copies/plugin/semisync/CMakeLists.txt,docs/specifications/21_V3_Dialect_Surface/legacy_imports/specifications_old/reference/mysql/emulation_specs_8_4/source_copies/plugin/semisync/CMakeLists.txt,21_V3_Dialect_Surface,regenerated,n/a
docs/specifications_old/reference/mysql/emulation_specs_8_4/source_copies/plugin/pfs_table_plugin/CMakeLists.txt,docs/specifications/21_V3_Dialect_Surface/legacy_imports/specifications_old/reference/mysql/emulation_specs_8_4/source_copies/plugin/pfs_table_plugin/CMakeLists.txt,21_V3_Dialect_Surface,regenerated,n/a
docs/specifications_old/reference/mysql/emulation_specs_8_4/source_copies/plugin/test_services/CMakeLists.txt,docs/specifications/21_V3_Dialect_Surface/legacy_imports/specifications_old/reference/mysql/emulation_specs_8_4/source_copies/plugin/test_services/CMakeLists.txt,21_V3_Dialect_Surface,regenerated,n/a
docs/specifications_old/reference/mysql/emulation_specs_8_4/source_copies/plugin/ddl_rewriter/CMakeLists.txt,docs/specifications/21_V3_Dialect_Surface/legacy_imports/specifications_old/reference/mysql/emulation_specs_8_4/source_copies/plugin/ddl_rewriter/CMakeLists.txt,21_V3_Dialect_Surface,regenerated,n/a
docs/specifications_old/reference/mysql/emulation_specs_8_4/source_copies/plugin/rewrite_example/CMakeLists.txt,docs/specifications/21_V3_Dialect_Surface/legacy_imports/specifications_old/reference/mysql/emulation_specs_8_4/source_copies/plugin/rewrite_example/CMakeLists.txt,21_V3_Dialect_Surface,regenerated,n/a
docs/specifications_old/reference/mysql/emulation_specs_8_4/source_copies/plugin/fulltext/CMakeLists.txt,docs/specifications/21_V3_Dialect_Surface/legacy_imports/specifications_old/reference/mysql/emulation_specs_8_4/source_copies/plugin/fulltext/CMakeLists.txt,21_V3_Dialect_Surface,regenerated,n/a
docs/specifications_old/reference/mysql/emulation_specs_8_4/source_copies/plugin/group_replication/CMakeLists.txt,docs/specifications/21_V3_Dialect_Surface/legacy_imports/specifications_old/reference/mysql/emulation_specs_8_4/source_copies/plugin/group_replication/CMakeLists.txt,21_V3_Dialect_Surface,regenerated,n/a
docs/specifications_old/reference/mysql/emulation_specs_8_4/source_copies/plugin/daemon_example/CMakeLists.txt,docs/specifications/21_V3_Dialect_Surface/legacy_imports/specifications_old/reference/mysql/emulation_specs_8_4/source_copies/plugin/daemon_example/CMakeLists.txt,21_V3_Dialect_Surface,regenerated,n/a
docs/specifications_old/reference/mysql/emulation_specs_8_4/source_copies/plugin/rewriter/CMakeLists.txt,docs/specifications/21_V3_Dialect_Surface/legacy_imports/specifications_old/reference/mysql/emulation_specs_8_4/source_copies/plugin/rewriter/CMakeLists.txt,21_V3_Dialect_Surface,regenerated,n/a
docs/specifications_old/reference/mysql/emulation_specs_8_4/source_copies/plugin/clone/CMakeLists.txt,docs/specifications/21_V3_Dialect_Surface/legacy_imports/specifications_old/reference/mysql/emulation_specs_8_4/source_copies/plugin/clone/CMakeLists.txt,21_V3_Dialect_Surface,regenerated,n/a
docs/specifications_old/reference/mysql/emulation_specs_8_4/source_copies/plugin/password_validation/CMakeLists.txt,docs/specifications/21_V3_Dialect_Surface/legacy_imports/specifications_old/reference/mysql/emulation_specs_8_4/source_copies/plugin/password_validation/CMakeLists.txt,21_V3_Dialect_Surface,regenerated,n/a
docs/specifications_old/reference/mysql/emulation_specs_8_4/source_copies/plugin/x/CMakeLists.txt,docs/specifications/21_V3_Dialect_Surface/legacy_imports/specifications_old/reference/mysql/emulation_specs_8_4/source_copies/plugin/x/CMakeLists.txt,21_V3_Dialect_Surface,regenerated,n/a
docs/specifications_old/reference/mysql/emulation_specs_8_4/source_copies/plugin/connection_control/CMakeLists.txt,docs/specifications/21_V3_Dialect_Surface/legacy_imports/specifications_old/reference/mysql/emulation_specs_8_4/source_copies/plugin/connection_control/CMakeLists.txt,21_V3_Dialect_Surface,regenerated,n/a
docs/specifications_old/reference/mysql/emulation_specs_8_4/source_copies/plugin/replication_observers_example/CMakeLists.txt,docs/specifications/21_V3_Dialect_Surface/legacy_imports/specifications_old/reference/mysql/emulation_specs_8_4/source_copies/plugin/replication_observers_example/CMakeLists.txt,21_V3_Dialect_Surface,regenerated,n/a
docs/specifications_old/reference/mysql/emulation_specs_8_4/source_copies/plugin/group_replication/libmysqlgcs/CMakeLists.txt,docs/specifications/21_V3_Dialect_Surface/legacy_imports/specifications_old/reference/mysql/emulation_specs_8_4/source_copies/plugin/group_replication/libmysqlgcs/CMakeLists.txt,21_V3_Dialect_Surface,regenerated,n/a
docs/specifications_old/reference/mysql/emulation_specs_8_4/source_copies/plugin/group_replication/protobuf/CMakeLists.txt,docs/specifications/21_V3_Dialect_Surface/legacy_imports/specifications_old/reference/mysql/emulation_specs_8_4/source_copies/plugin/group_replication/protobuf/CMakeLists.txt,21_V3_Dialect_Surface,regenerated,n/a
docs/specifications_old/reference/mysql/emulation_specs_8_4/source_copies/plugin/x/tests/CMakeLists.txt,docs/specifications/21_V3_Dialect_Surface/legacy_imports/specifications_old/reference/mysql/emulation_specs_8_4/source_copies/plugin/x/tests/CMakeLists.txt,21_V3_Dialect_Surface,regenerated,n/a
docs/specifications_old/reference/mysql/emulation_specs_8_4/source_copies/plugin/x/protocol/CMakeLists.txt,docs/specifications/21_V3_Dialect_Surface/legacy_imports/specifications_old/reference/mysql/emulation_specs_8_4/source_copies/plugin/x/protocol/CMakeLists.txt,21_V3_Dialect_Surface,regenerated,n/a
docs/specifications_old/reference/mysql/emulation_specs_8_4/source_copies/plugin/x/client/CMakeLists.txt,docs/specifications/21_V3_Dialect_Surface/legacy_imports/specifications_old/reference/mysql/emulation_specs_8_4/source_copies/plugin/x/client/CMakeLists.txt,21_V3_Dialect_Surface,regenerated,n/a
docs/specifications_old/reference/mysql/emulation_specs_8_4/source_copies/plugin/x/tests/components/CMakeLists.txt,docs/specifications/21_V3_Dialect_Surface/legacy_imports/specifications_old/reference/mysql/emulation_specs_8_4/source_copies/plugin/x/tests/components/CMakeLists.txt,21_V3_Dialect_Surface,regenerated,n/a
docs/specifications_old/reference/mysql/emulation_specs_8_4/source_copies/plugin/x/tests/driver/CMakeLists.txt,docs/specifications/21_V3_Dialect_Surface/legacy_imports/specifications_old/reference/mysql/emulation_specs_8_4/source_copies/plugin/x/tests/driver/CMakeLists.txt,21_V3_Dialect_Surface,regenerated,n/a
docs/specifications_old/reference/mysql/emulation_specs_8_4/source_copies/plugin/x/protocol/plugin/CMakeLists.txt,docs/specifications/21_V3_Dialect_Surface/legacy_imports/specifications_old/reference/mysql/emulation_specs_8_4/source_copies/plugin/x/protocol/plugin/CMakeLists.txt,21_V3_Dialect_Surface,regenerated,n/a
docs/specifications_old/reference/mysql/emulation_specs_8_4/source_copies/plugin/x/protocol/protobuf/CMakeLists.txt,docs/specifications/21_V3_Dialect_Surface/legacy_imports/specifications_old/reference/mysql/emulation_specs_8_4/source_copies/plugin/x/protocol/protobuf/CMakeLists.txt,21_V3_Dialect_Surface,regenerated,n/a
docs/specifications_old/reference/mysql/emulation_specs_8_4/source_copies/sql-common/oci/CMakeLists.txt,docs/specifications/21_V3_Dialect_Surface/legacy_imports/specifications_old/reference/mysql/emulation_specs_8_4/source_copies/sql-common/oci/CMakeLists.txt,21_V3_Dialect_Surface,regenerated,n/a
docs/specifications_old/reference/mysql/emulation_specs_8_4/source_copies/storage/blackhole/CMakeLists.txt,docs/specifications/21_V3_Dialect_Surface/legacy_imports/specifications_old/reference/mysql/emulation_specs_8_4/source_copies/storage/blackhole/CMakeLists.txt,21_V3_Dialect_Surface,regenerated,n/a
docs/specifications_old/reference/mysql/emulation_specs_8_4/source_copies/storage/perfschema/CMakeLists.txt,docs/specifications/21_V3_Dialect_Surface/legacy_imports/specifications_old/reference/mysql/emulation_specs_8_4/source_copies/storage/perfschema/CMakeLists.txt,21_V3_Dialect_Surface,regenerated,n/a
docs/specifications_old/reference/mysql/emulation_specs_8_4/source_copies/storage/federated/CMakeLists.txt,docs/specifications/21_V3_Dialect_Surface/legacy_imports/specifications_old/reference/mysql/emulation_specs_8_4/source_copies/storage/federated/CMakeLists.txt,21_V3_Dialect_Surface,regenerated,n/a
docs/specifications_old/reference/mysql/emulation_specs_8_4/source_copies/storage/example/CMakeLists.txt,docs/specifications/21_V3_Dialect_Surface/legacy_imports/specifications_old/reference/mysql/emulation_specs_8_4/source_copies/storage/example/CMakeLists.txt,21_V3_Dialect_Surface,regenerated,n/a
docs/specifications_old/reference/mysql/emulation_specs_8_4/source_copies/storage/innobase/CMakeLists.txt,docs/specifications/21_V3_Dialect_Surface/legacy_imports/specifications_old/reference/mysql/emulation_specs_8_4/source_copies/storage/innobase/CMakeLists.txt,21_V3_Dialect_Surface,regenerated,n/a
docs/specifications_old/reference/mysql/emulation_specs_8_4/source_copies/storage/secondary_engine_mock/CMakeLists.txt,docs/specifications/21_V3_Dialect_Surface/legacy_imports/specifications_old/reference/mysql/emulation_specs_8_4/source_copies/storage/secondary_engine_mock/CMakeLists.txt,21_V3_Dialect_Surface,regenerated,n/a
docs/specifications_old/reference/mysql/emulation_specs_8_4/source_copies/storage/myisammrg/CMakeLists.txt,docs/specifications/21_V3_Dialect_Surface/legacy_imports/specifications_old/reference/mysql/emulation_specs_8_4/source_copies/storage/myisammrg/CMakeLists.txt,21_V3_Dialect_Surface,regenerated,n/a
docs/specifications_old/reference/mysql/emulation_specs_8_4/source_copies/storage/heap/CMakeLists.txt,docs/specifications/21_V3_Dialect_Surface/legacy_imports/specifications_old/reference/mysql/emulation_specs_8_4/source_copies/storage/heap/CMakeLists.txt,21_V3_Dialect_Surface,regenerated,n/a
docs/specifications_old/reference/mysql/emulation_specs_8_4/source_copies/storage/csv/CMakeLists.txt,docs/specifications/21_V3_Dialect_Surface/legacy_imports/specifications_old/reference/mysql/emulation_specs_8_4/source_copies/storage/csv/CMakeLists.txt,21_V3_Dialect_Surface,regenerated,n/a
docs/specifications_old/reference/mysql/emulation_specs_8_4/source_copies/storage/myisam/CMakeLists.txt,docs/specifications/21_V3_Dialect_Surface/legacy_imports/specifications_old/reference/mysql/emulation_specs_8_4/source_copies/storage/myisam/CMakeLists.txt,21_V3_Dialect_Surface,regenerated,n/a
docs/specifications_old/reference/mysql/emulation_specs_8_4/source_copies/storage/temptable/CMakeLists.txt,docs/specifications/21_V3_Dialect_Surface/legacy_imports/specifications_old/reference/mysql/emulation_specs_8_4/source_copies/storage/temptable/CMakeLists.txt,21_V3_Dialect_Surface,regenerated,n/a
docs/specifications_old/reference/mysql/emulation_specs_8_4/source_copies/storage/ndb/CMakeLists.txt,docs/specifications/21_V3_Dialect_Surface/legacy_imports/specifications_old/reference/mysql/emulation_specs_8_4/source_copies/storage/ndb/CMakeLists.txt,21_V3_Dialect_Surface,regenerated,n/a
docs/specifications_old/reference/mysql/emulation_specs_8_4/source_copies/storage/perfschema/unittest/CMakeLists.txt,docs/specifications/21_V3_Dialect_Surface/legacy_imports/specifications_old/reference/mysql/emulation_specs_8_4/source_copies/storage/perfschema/unittest/CMakeLists.txt,21_V3_Dialect_Surface,regenerated,n/a
docs/specifications_old/reference/mysql/emulation_specs_8_4/source_copies/storage/perfschema/unittest/conf.txt,docs/specifications/21_V3_Dialect_Surface/legacy_imports/specifications_old/reference/mysql/emulation_specs_8_4/source_copies/storage/perfschema/unittest/conf.txt,21_V3_Dialect_Surface,regenerated,n/a
docs/specifications_old/reference/mysql/emulation_specs_8_4/source_copies/storage/ndb/test/CMakeLists.txt,docs/specifications/21_V3_Dialect_Surface/legacy_imports/specifications_old/reference/mysql/emulation_specs_8_4/source_copies/storage/ndb/test/CMakeLists.txt,21_V3_Dialect_Surface,regenerated,n/a
docs/specifications_old/reference/mysql/emulation_specs_8_4/source_copies/storage/ndb/ndbapi-examples/CMakeLists.txt,docs/specifications/21_V3_Dialect_Surface/legacy_imports/specifications_old/reference/mysql/emulation_specs_8_4/source_copies/storage/ndb/ndbapi-examples/CMakeLists.txt,21_V3_Dialect_Surface,regenerated,n/a
docs/specifications_old/reference/mysql/emulation_specs_8_4/source_copies/storage/ndb/docs/wl2077.txt,docs/specifications/21_V3_Dialect_Surface/legacy_imports/specifications_old/reference/mysql/emulation_specs_8_4/source_copies/storage/ndb/docs/wl2077.txt,21_V3_Dialect_Surface,regenerated,n/a
docs/specifications_old/reference/mysql/emulation_specs_8_4/source_copies/storage/ndb/wix/CMakeLists.txt,docs/specifications/21_V3_Dialect_Surface/legacy_imports/specifications_old/reference/mysql/emulation_specs_8_4/source_copies/storage/ndb/wix/CMakeLists.txt,21_V3_Dialect_Surface,regenerated,n/a
docs/specifications_old/reference/mysql/emulation_specs_8_4/source_copies/storage/ndb/tools/CMakeLists.txt,docs/specifications/21_V3_Dialect_Surface/legacy_imports/specifications_old/reference/mysql/emulation_specs_8_4/source_copies/storage/ndb/tools/CMakeLists.txt,21_V3_Dialect_Surface,regenerated,n/a
docs/specifications_old/reference/mysql/emulation_specs_8_4/source_copies/storage/ndb/clusterj/CMakeLists.txt,docs/specifications/21_V3_Dialect_Surface/legacy_imports/specifications_old/reference/mysql/emulation_specs_8_4/source_copies/storage/ndb/clusterj/CMakeLists.txt,21_V3_Dialect_Surface,regenerated,n/a
docs/specifications_old/reference/mysql/emulation_specs_8_4/source_copies/storage/ndb/include/CMakeLists.txt,docs/specifications/21_V3_Dialect_Surface/legacy_imports/specifications_old/reference/mysql/emulation_specs_8_4/source_copies/storage/ndb/include/CMakeLists.txt,21_V3_Dialect_Surface,regenerated,n/a
docs/specifications_old/reference/mysql/emulation_specs_8_4/source_copies/storage/ndb/src/CMakeLists.txt,docs/specifications/21_V3_Dialect_Surface/legacy_imports/specifications_old/reference/mysql/emulation_specs_8_4/source_copies/storage/ndb/src/CMakeLists.txt,21_V3_Dialect_Surface,regenerated,n/a
docs/specifications_old/reference/mysql/emulation_specs_8_4/source_copies/storage/ndb/test/run-test/daily-basic--12-tests.txt,docs/specifications/21_V3_Dialect_Surface/legacy_imports/specifications_old/reference/mysql/emulation_specs_8_4/source_copies/storage/ndb/test/run-test/daily-basic--12-tests.txt,21_V3_Dialect_Surface,regenerated,n/a
docs/specifications_old/reference/mysql/emulation_specs_8_4/source_copies/storage/ndb/test/run-test/daily-basic--13-tests.txt,docs/specifications/21_V3_Dialect_Surface/legacy_imports/specifications_old/reference/mysql/emulation_specs_8_4/source_copies/storage/ndb/test/run-test/daily-basic--13-tests.txt,21_V3_Dialect_Surface,regenerated,n/a
docs/specifications_old/reference/mysql/emulation_specs_8_4/source_copies/storage/ndb/test/run-test/daily-devel--01-tests.txt,docs/specifications/21_V3_Dialect_Surface/legacy_imports/specifications_old/reference/mysql/emulation_specs_8_4/source_copies/storage/ndb/test/run-test/daily-devel--01-tests.txt,21_V3_Dialect_Surface,regenerated,n/a
docs/specifications_old/reference/mysql/emulation_specs_8_4/source_copies/storage/ndb/test/run-test/weekly-basic--01-tests.txt,docs/specifications/21_V3_Dialect_Surface/legacy_imports/specifications_old/reference/mysql/emulation_specs_8_4/source_copies/storage/ndb/test/run-test/weekly-basic--01-tests.txt,21_V3_Dialect_Surface,regenerated,n/a
docs/specifications_old/reference/mysql/emulation_specs_8_4/source_copies/storage/ndb/test/run-test/daily-devel--03-tests.txt,docs/specifications/21_V3_Dialect_Surface/legacy_imports/specifications_old/reference/mysql/emulation_specs_8_4/source_copies/storage/ndb/test/run-test/daily-devel--03-tests.txt,21_V3_Dialect_Surface,regenerated,n/a
docs/specifications_old/reference/mysql/emulation_specs_8_4/source_copies/storage/ndb/test/run-test/daily-devel-tests.txt,docs/specifications/21_V3_Dialect_Surface/legacy_imports/specifications_old/reference/mysql/emulation_specs_8_4/source_copies/storage/ndb/test/run-test/daily-devel-tests.txt,21_V3_Dialect_Surface,regenerated,n/a
docs/specifications_old/reference/mysql/emulation_specs_8_4/source_copies/storage/ndb/test/run-test/weekly-devel--09-tests.txt,docs/specifications/21_V3_Dialect_Surface/legacy_imports/specifications_old/reference/mysql/emulation_specs_8_4/source_copies/storage/ndb/test/run-test/weekly-devel--09-tests.txt,21_V3_Dialect_Surface,regenerated,n/a
docs/specifications_old/reference/mysql/emulation_specs_8_4/source_copies/storage/ndb/test/run-test/daily-basic--15-tests.txt,docs/specifications/21_V3_Dialect_Surface/legacy_imports/specifications_old/reference/mysql/emulation_specs_8_4/source_copies/storage/ndb/test/run-test/daily-basic--15-tests.txt,21_V3_Dialect_Surface,regenerated,n/a
docs/specifications_old/reference/mysql/emulation_specs_8_4/source_copies/storage/ndb/test/run-test/weekly-devel--08-tests.txt,docs/specifications/21_V3_Dialect_Surface/legacy_imports/specifications_old/reference/mysql/emulation_specs_8_4/source_copies/storage/ndb/test/run-test/weekly-devel--08-tests.txt,21_V3_Dialect_Surface,regenerated,n/a
docs/specifications_old/reference/mysql/emulation_specs_8_4/source_copies/storage/ndb/test/run-test/daily-basic--04-tests.txt,docs/specifications/21_V3_Dialect_Surface/legacy_imports/specifications_old/reference/mysql/emulation_specs_8_4/source_copies/storage/ndb/test/run-test/daily-basic--04-tests.txt,21_V3_Dialect_Surface,regenerated,n/a
docs/specifications_old/reference/mysql/emulation_specs_8_4/source_copies/storage/ndb/test/run-test/weekly-devel--14-tests.txt,docs/specifications/21_V3_Dialect_Surface/legacy_imports/specifications_old/reference/mysql/emulation_specs_8_4/source_copies/storage/ndb/test/run-test/weekly-devel--14-tests.txt,21_V3_Dialect_Surface,regenerated,n/a
docs/specifications_old/reference/mysql/emulation_specs_8_4/source_copies/storage/ndb/test/run-test/weekly-devel--13-tests.txt,docs/specifications/21_V3_Dialect_Surface/legacy_imports/specifications_old/reference/mysql/emulation_specs_8_4/source_copies/storage/ndb/test/run-test/weekly-devel--13-tests.txt,21_V3_Dialect_Surface,regenerated,n/a
docs/specifications_old/reference/mysql/emulation_specs_8_4/source_copies/storage/ndb/test/run-test/CMakeLists.txt,docs/specifications/21_V3_Dialect_Surface/legacy_imports/specifications_old/reference/mysql/emulation_specs_8_4/source_copies/storage/ndb/test/run-test/CMakeLists.txt,21_V3_Dialect_Surface,regenerated,n/a
docs/specifications_old/reference/mysql/emulation_specs_8_4/source_copies/storage/ndb/test/run-test/daily-devel--05-tests.txt,docs/specifications/21_V3_Dialect_Surface/legacy_imports/specifications_old/reference/mysql/emulation_specs_8_4/source_copies/storage/ndb/test/run-test/daily-devel--05-tests.txt,21_V3_Dialect_Surface,regenerated,n/a
docs/specifications_old/reference/mysql/emulation_specs_8_4/source_copies/storage/ndb/test/run-test/daily-perf--01-tests.txt,docs/specifications/21_V3_Dialect_Surface/legacy_imports/specifications_old/reference/mysql/emulation_specs_8_4/source_copies/storage/ndb/test/run-test/daily-perf--01-tests.txt,21_V3_Dialect_Surface,regenerated,n/a
docs/specifications_old/reference/mysql/emulation_specs_8_4/source_copies/storage/ndb/test/run-test/basic.txt,docs/specifications/21_V3_Dialect_Surface/legacy_imports/specifications_old/reference/mysql/emulation_specs_8_4/source_copies/storage/ndb/test/run-test/basic.txt,21_V3_Dialect_Surface,regenerated,n/a
docs/specifications_old/reference/mysql/emulation_specs_8_4/source_copies/storage/ndb/test/run-test/daily-basic--11-tests.txt,docs/specifications/21_V3_Dialect_Surface/legacy_imports/specifications_old/reference/mysql/emulation_specs_8_4/source_copies/storage/ndb/test/run-test/daily-basic--11-tests.txt,21_V3_Dialect_Surface,regenerated,n/a
docs/specifications_old/reference/mysql/emulation_specs_8_4/source_copies/storage/ndb/test/run-test/daily-devel--07-tests.txt,docs/specifications/21_V3_Dialect_Surface/legacy_imports/specifications_old/reference/mysql/emulation_specs_8_4/source_copies/storage/ndb/test/run-test/daily-devel--07-tests.txt,21_V3_Dialect_Surface,regenerated,n/a
docs/specifications_old/reference/mysql/emulation_specs_8_4/source_copies/storage/ndb/test/run-test/daily-devel--04-tests.txt,docs/specifications/21_V3_Dialect_Surface/legacy_imports/specifications_old/reference/mysql/emulation_specs_8_4/source_copies/storage/ndb/test/run-test/daily-devel--04-tests.txt,21_V3_Dialect_Surface,regenerated,n/a
docs/specifications_old/reference/mysql/emulation_specs_8_4/source_copies/storage/ndb/test/run-test/16node-tests.txt,docs/specifications/21_V3_Dialect_Surface/legacy_imports/specifications_old/reference/mysql/emulation_specs_8_4/source_copies/storage/ndb/test/run-test/16node-tests.txt,21_V3_Dialect_Surface,regenerated,n/a
docs/specifications_old/reference/mysql/emulation_specs_8_4/source_copies/storage/ndb/test/run-test/release-bigmem-tests.txt,docs/specifications/21_V3_Dialect_Surface/legacy_imports/specifications_old/reference/mysql/emulation_specs_8_4/source_copies/storage/ndb/test/run-test/release-bigmem-tests.txt,21_V3_Dialect_Surface,regenerated,n/a
docs/specifications_old/reference/mysql/emulation_specs_8_4/source_copies/storage/ndb/test/run-test/daily-perf-tests.txt,docs/specifications/21_V3_Dialect_Surface/legacy_imports/specifications_old/reference/mysql/emulation_specs_8_4/source_copies/storage/ndb/test/run-test/daily-perf-tests.txt,21_V3_Dialect_Surface,regenerated,n/a
docs/specifications_old/reference/mysql/emulation_specs_8_4/source_copies/storage/ndb/test/run-test/daily-basic--03-tests.txt,docs/specifications/21_V3_Dialect_Surface/legacy_imports/specifications_old/reference/mysql/emulation_specs_8_4/source_copies/storage/ndb/test/run-test/daily-basic--03-tests.txt,21_V3_Dialect_Surface,regenerated,n/a
docs/specifications_old/reference/mysql/emulation_specs_8_4/source_copies/storage/ndb/test/run-test/daily-devel--02-tests.txt,docs/specifications/21_V3_Dialect_Surface/legacy_imports/specifications_old/reference/mysql/emulation_specs_8_4/source_copies/storage/ndb/test/run-test/daily-devel--02-tests.txt,21_V3_Dialect_Surface,regenerated,n/a
docs/specifications_old/reference/mysql/emulation_specs_8_4/source_copies/storage/ndb/test/run-test/daily-devel--06-tests.txt,docs/specifications/21_V3_Dialect_Surface/legacy_imports/specifications_old/reference/mysql/emulation_specs_8_4/source_copies/storage/ndb/test/run-test/daily-devel--06-tests.txt,21_V3_Dialect_Surface,regenerated,n/a
docs/specifications_old/reference/mysql/emulation_specs_8_4/source_copies/storage/ndb/test/run-test/test-tests.txt,docs/specifications/21_V3_Dialect_Surface/legacy_imports/specifications_old/reference/mysql/emulation_specs_8_4/source_copies/storage/ndb/test/run-test/test-tests.txt,21_V3_Dialect_Surface,regenerated,n/a
docs/specifications_old/reference/mysql/emulation_specs_8_4/source_copies/storage/ndb/test/run-test/daily-basic--10-tests.txt,docs/specifications/21_V3_Dialect_Surface/legacy_imports/specifications_old/reference/mysql/emulation_specs_8_4/source_copies/storage/ndb/test/run-test/daily-basic--10-tests.txt,21_V3_Dialect_Surface,regenerated,n/a
docs/specifications_old/reference/mysql/emulation_specs_8_4/source_copies/storage/ndb/test/run-test/weekly-devel--11-tests.txt,docs/specifications/21_V3_Dialect_Surface/legacy_imports/specifications_old/reference/mysql/emulation_specs_8_4/source_copies/storage/ndb/test/run-test/weekly-devel--11-tests.txt,21_V3_Dialect_Surface,regenerated,n/a
docs/specifications_old/reference/mysql/emulation_specs_8_4/source_copies/storage/ndb/test/run-test/daily-basic--06-tests.txt,docs/specifications/21_V3_Dialect_Surface/legacy_imports/specifications_old/reference/mysql/emulation_specs_8_4/source_copies/storage/ndb/test/run-test/daily-basic--06-tests.txt,21_V3_Dialect_Surface,regenerated,n/a
docs/specifications_old/reference/mysql/emulation_specs_8_4/source_copies/storage/ndb/test/run-test/weekly-devel--02-tests.txt,docs/specifications/21_V3_Dialect_Surface/legacy_imports/specifications_old/reference/mysql/emulation_specs_8_4/source_copies/storage/ndb/test/run-test/weekly-devel--02-tests.txt,21_V3_Dialect_Surface,regenerated,n/a
docs/specifications_old/reference/mysql/emulation_specs_8_4/source_copies/storage/ndb/test/run-test/weekly-devel--03-tests.txt,docs/specifications/21_V3_Dialect_Surface/legacy_imports/specifications_old/reference/mysql/emulation_specs_8_4/source_copies/storage/ndb/test/run-test/weekly-devel--03-tests.txt,21_V3_Dialect_Surface,regenerated,n/a
docs/specifications_old/reference/mysql/emulation_specs_8_4/source_copies/storage/ndb/test/run-test/weekly-devel--05-tests.txt,docs/specifications/21_V3_Dialect_Surface/legacy_imports/specifications_old/reference/mysql/emulation_specs_8_4/source_copies/storage/ndb/test/run-test/weekly-devel--05-tests.txt,21_V3_Dialect_Surface,regenerated,n/a
docs/specifications_old/reference/mysql/emulation_specs_8_4/source_copies/storage/ndb/test/run-test/upgrade-tests.txt,docs/specifications/21_V3_Dialect_Surface/legacy_imports/specifications_old/reference/mysql/emulation_specs_8_4/source_copies/storage/ndb/test/run-test/upgrade-tests.txt,21_V3_Dialect_Surface,regenerated,n/a
docs/specifications_old/reference/mysql/emulation_specs_8_4/source_copies/storage/ndb/test/run-test/daily-basic--01-tests.txt,docs/specifications/21_V3_Dialect_Surface/legacy_imports/specifications_old/reference/mysql/emulation_specs_8_4/source_copies/storage/ndb/test/run-test/daily-basic--01-tests.txt,21_V3_Dialect_Surface,regenerated,n/a
docs/specifications_old/reference/mysql/emulation_specs_8_4/source_copies/storage/ndb/test/run-test/weekly-devel--01-tests.txt,docs/specifications/21_V3_Dialect_Surface/legacy_imports/specifications_old/reference/mysql/emulation_specs_8_4/source_copies/storage/ndb/test/run-test/weekly-devel--01-tests.txt,21_V3_Dialect_Surface,regenerated,n/a
docs/specifications_old/reference/mysql/emulation_specs_8_4/source_copies/storage/ndb/test/run-test/daily-basic--14-tests.txt,docs/specifications/21_V3_Dialect_Surface/legacy_imports/specifications_old/reference/mysql/emulation_specs_8_4/source_copies/storage/ndb/test/run-test/daily-basic--14-tests.txt,21_V3_Dialect_Surface,regenerated,n/a
docs/specifications_old/reference/mysql/emulation_specs_8_4/source_copies/storage/ndb/test/run-test/daily-basic--02-tests.txt,docs/specifications/21_V3_Dialect_Surface/legacy_imports/specifications_old/reference/mysql/emulation_specs_8_4/source_copies/storage/ndb/test/run-test/daily-basic--02-tests.txt,21_V3_Dialect_Surface,regenerated,n/a
docs/specifications_old/reference/mysql/emulation_specs_8_4/source_copies/storage/ndb/test/run-test/weekly-devel--07-tests.txt,docs/specifications/21_V3_Dialect_Surface/legacy_imports/specifications_old/reference/mysql/emulation_specs_8_4/source_copies/storage/ndb/test/run-test/weekly-devel--07-tests.txt,21_V3_Dialect_Surface,regenerated,n/a
docs/specifications_old/reference/mysql/emulation_specs_8_4/source_copies/storage/ndb/test/run-test/daily-basic--07-tests.txt,docs/specifications/21_V3_Dialect_Surface/legacy_imports/specifications_old/reference/mysql/emulation_specs_8_4/source_copies/storage/ndb/test/run-test/daily-basic--07-tests.txt,21_V3_Dialect_Surface,regenerated,n/a
docs/specifications_old/reference/mysql/emulation_specs_8_4/source_copies/storage/ndb/test/run-test/daily-basic-tests.txt,docs/specifications/21_V3_Dialect_Surface/legacy_imports/specifications_old/reference/mysql/emulation_specs_8_4/source_copies/storage/ndb/test/run-test/daily-basic-tests.txt,21_V3_Dialect_Surface,regenerated,n/a
docs/specifications_old/reference/mysql/emulation_specs_8_4/source_copies/storage/ndb/test/run-test/downgrade-tests.txt,docs/specifications/21_V3_Dialect_Surface/legacy_imports/specifications_old/reference/mysql/emulation_specs_8_4/source_copies/storage/ndb/test/run-test/downgrade-tests.txt,21_V3_Dialect_Surface,regenerated,n/a
docs/specifications_old/reference/mysql/emulation_specs_8_4/source_copies/storage/ndb/test/run-test/daily-basic--08-tests.txt,docs/specifications/21_V3_Dialect_Surface/legacy_imports/specifications_old/reference/mysql/emulation_specs_8_4/source_copies/storage/ndb/test/run-test/daily-basic--08-tests.txt,21_V3_Dialect_Surface,regenerated,n/a
docs/specifications_old/reference/mysql/emulation_specs_8_4/source_copies/storage/ndb/test/run-test/daily-basic--09-tests.txt,docs/specifications/21_V3_Dialect_Surface/legacy_imports/specifications_old/reference/mysql/emulation_specs_8_4/source_copies/storage/ndb/test/run-test/daily-basic--09-tests.txt,21_V3_Dialect_Surface,regenerated,n/a
docs/specifications_old/reference/mysql/emulation_specs_8_4/source_copies/storage/ndb/test/run-test/weekly-devel--04-tests.txt,docs/specifications/21_V3_Dialect_Surface/legacy_imports/specifications_old/reference/mysql/emulation_specs_8_4/source_copies/storage/ndb/test/run-test/weekly-devel--04-tests.txt,21_V3_Dialect_Surface,regenerated,n/a
docs/specifications_old/reference/mysql/emulation_specs_8_4/source_copies/storage/ndb/test/run-test/ATRT_USAGE_README.txt,docs/specifications/21_V3_Dialect_Surface/legacy_imports/specifications_old/reference/mysql/emulation_specs_8_4/source_copies/storage/ndb/test/run-test/ATRT_USAGE_README.txt,21_V3_Dialect_Surface,regenerated,n/a
docs/specifications_old/reference/mysql/emulation_specs_8_4/source_copies/storage/ndb/test/run-test/weekly-devel--10-tests.txt,docs/specifications/21_V3_Dialect_Surface/legacy_imports/specifications_old/reference/mysql/emulation_specs_8_4/source_copies/storage/ndb/test/run-test/weekly-devel--10-tests.txt,21_V3_Dialect_Surface,regenerated,n/a
docs/specifications_old/reference/mysql/emulation_specs_8_4/source_copies/storage/ndb/test/run-test/weekly-devel--06-tests.txt,docs/specifications/21_V3_Dialect_Surface/legacy_imports/specifications_old/reference/mysql/emulation_specs_8_4/source_copies/storage/ndb/test/run-test/weekly-devel--06-tests.txt,21_V3_Dialect_Surface,regenerated,n/a
docs/specifications_old/reference/mysql/emulation_specs_8_4/source_copies/storage/ndb/test/run-test/daily-basic--05-tests.txt,docs/specifications/21_V3_Dialect_Surface/legacy_imports/specifications_old/reference/mysql/emulation_specs_8_4/source_copies/storage/ndb/test/run-test/daily-basic--05-tests.txt,21_V3_Dialect_Surface,regenerated,n/a
docs/specifications_old/reference/mysql/emulation_specs_8_4/source_copies/storage/ndb/test/run-test/weekly-devel--12-tests.txt,docs/specifications/21_V3_Dialect_Surface/legacy_imports/specifications_old/reference/mysql/emulation_specs_8_4/source_copies/storage/ndb/test/run-test/weekly-devel--12-tests.txt,21_V3_Dialect_Surface,regenerated,n/a
docs/specifications_old/reference/mysql/emulation_specs_8_4/source_copies/storage/ndb/test/run-test/weekly-basic--02-tests.txt,docs/specifications/21_V3_Dialect_Surface/legacy_imports/specifications_old/reference/mysql/emulation_specs_8_4/source_copies/storage/ndb/test/run-test/weekly-basic--02-tests.txt,21_V3_Dialect_Surface,regenerated,n/a
docs/specifications_old/reference/mysql/emulation_specs_8_4/source_copies/storage/ndb/test/tools/CMakeLists.txt,docs/specifications/21_V3_Dialect_Surface/legacy_imports/specifications_old/reference/mysql/emulation_specs_8_4/source_copies/storage/ndb/test/tools/CMakeLists.txt,21_V3_Dialect_Surface,regenerated,n/a
docs/specifications_old/reference/mysql/emulation_specs_8_4/source_copies/storage/ndb/test/ndbapi/CMakeLists.txt,docs/specifications/21_V3_Dialect_Surface/legacy_imports/specifications_old/reference/mysql/emulation_specs_8_4/source_copies/storage/ndb/test/ndbapi/CMakeLists.txt,21_V3_Dialect_Surface,regenerated,n/a
docs/specifications_old/reference/mysql/emulation_specs_8_4/source_copies/storage/ndb/test/crund/CMakeLists.txt,docs/specifications/21_V3_Dialect_Surface/legacy_imports/specifications_old/reference/mysql/emulation_specs_8_4/source_copies/storage/ndb/test/crund/CMakeLists.txt,21_V3_Dialect_Surface,regenerated,n/a
docs/specifications_old/reference/mysql/emulation_specs_8_4/source_copies/storage/ndb/test/src/CMakeLists.txt,docs/specifications/21_V3_Dialect_Surface/legacy_imports/specifications_old/reference/mysql/emulation_specs_8_4/source_copies/storage/ndb/test/src/CMakeLists.txt,21_V3_Dialect_Surface,regenerated,n/a
docs/specifications_old/reference/mysql/emulation_specs_8_4/source_copies/storage/ndb/test/ndbapi/bank/CMakeLists.txt,docs/specifications/21_V3_Dialect_Surface/legacy_imports/specifications_old/reference/mysql/emulation_specs_8_4/source_copies/storage/ndb/test/ndbapi/bank/CMakeLists.txt,21_V3_Dialect_Surface,regenerated,n/a
docs/specifications_old/reference/mysql/emulation_specs_8_4/source_copies/storage/ndb/test/crund/cpp/CMakeLists.txt,docs/specifications/21_V3_Dialect_Surface/legacy_imports/specifications_old/reference/mysql/emulation_specs_8_4/source_copies/storage/ndb/test/crund/cpp/CMakeLists.txt,21_V3_Dialect_Surface,regenerated,n/a
docs/specifications_old/reference/mysql/emulation_specs_8_4/source_copies/storage/ndb/test/crund/helpers/README.txt,docs/specifications/21_V3_Dialect_Surface/legacy_imports/specifications_old/reference/mysql/emulation_specs_8_4/source_copies/storage/ndb/test/crund/helpers/README.txt,21_V3_Dialect_Surface,regenerated,n/a
docs/specifications_old/reference/mysql/emulation_specs_8_4/source_copies/storage/ndb/test/crund/java/CMakeLists.txt,docs/specifications/21_V3_Dialect_Surface/legacy_imports/specifications_old/reference/mysql/emulation_specs_8_4/source_copies/storage/ndb/test/crund/java/CMakeLists.txt,21_V3_Dialect_Surface,regenerated,n/a
docs/specifications_old/reference/mysql/emulation_specs_8_4/source_copies/storage/ndb/ndbapi-examples/ndbapi_scan/readme.txt,docs/specifications/21_V3_Dialect_Surface/legacy_imports/specifications_old/reference/mysql/emulation_specs_8_4/source_copies/storage/ndb/ndbapi-examples/ndbapi_scan/readme.txt,21_V3_Dialect_Surface,regenerated,n/a
docs/specifications_old/reference/mysql/emulation_specs_8_4/source_copies/storage/ndb/ndbapi-examples/ndbapi_async/readme.txt,docs/specifications/21_V3_Dialect_Surface/legacy_imports/specifications_old/reference/mysql/emulation_specs_8_4/source_copies/storage/ndb/ndbapi-examples/ndbapi_async/readme.txt,21_V3_Dialect_Surface,regenerated,n/a
docs/specifications_old/reference/mysql/emulation_specs_8_4/source_copies/storage/ndb/clusterj/clusterj-core/CMakeLists.txt,docs/specifications/21_V3_Dialect_Surface/legacy_imports/specifications_old/reference/mysql/emulation_specs_8_4/source_copies/storage/ndb/clusterj/clusterj-core/CMakeLists.txt,21_V3_Dialect_Surface,regenerated,n/a
docs/specifications_old/reference/mysql/emulation_specs_8_4/source_copies/storage/ndb/clusterj/clusterj-api/CMakeLists.txt,docs/specifications/21_V3_Dialect_Surface/legacy_imports/specifications_old/reference/mysql/emulation_specs_8_4/source_copies/storage/ndb/clusterj/clusterj-api/CMakeLists.txt,21_V3_Dialect_Surface,regenerated,n/a
docs/specifications_old/reference/mysql/emulation_specs_8_4/source_copies/storage/ndb/clusterj/clusterj-test/CMakeLists.txt,docs/specifications/21_V3_Dialect_Surface/legacy_imports/specifications_old/reference/mysql/emulation_specs_8_4/source_copies/storage/ndb/clusterj/clusterj-test/CMakeLists.txt,21_V3_Dialect_Surface,regenerated,n/a
docs/specifications_old/reference/mysql/emulation_specs_8_4/source_copies/storage/ndb/clusterj/clusterj-tie/CMakeLists.txt,docs/specifications/21_V3_Dialect_Surface/legacy_imports/specifications_old/reference/mysql/emulation_specs_8_4/source_copies/storage/ndb/clusterj/clusterj-tie/CMakeLists.txt,21_V3_Dialect_Surface,regenerated,n/a
docs/specifications_old/reference/mysql/emulation_specs_8_4/source_copies/storage/ndb/include/mgmapi/ndb_logevent.txt,docs/specifications/21_V3_Dialect_Surface/legacy_imports/specifications_old/reference/mysql/emulation_specs_8_4/source_copies/storage/ndb/include/mgmapi/ndb_logevent.txt,21_V3_Dialect_Surface,regenerated,n/a
docs/specifications_old/reference/mysql/emulation_specs_8_4/source_copies/storage/ndb/src/kernel/CMakeLists.txt,docs/specifications/21_V3_Dialect_Surface/legacy_imports/specifications_old/reference/mysql/emulation_specs_8_4/source_copies/storage/ndb/src/kernel/CMakeLists.txt,21_V3_Dialect_Surface,regenerated,n/a
docs/specifications_old/reference/mysql/emulation_specs_8_4/source_copies/storage/ndb/src/mgmsrv/CMakeLists.txt,docs/specifications/21_V3_Dialect_Surface/legacy_imports/specifications_old/reference/mysql/emulation_specs_8_4/source_copies/storage/ndb/src/mgmsrv/CMakeLists.txt,21_V3_Dialect_Surface,regenerated,n/a
docs/specifications_old/reference/mysql/emulation_specs_8_4/source_copies/storage/ndb/src/mgmsrv/ERROR_codes.txt,docs/specifications/21_V3_Dialect_Surface/legacy_imports/specifications_old/reference/mysql/emulation_specs_8_4/source_copies/storage/ndb/src/mgmsrv/ERROR_codes.txt,21_V3_Dialect_Surface,regenerated,n/a
docs/specifications_old/reference/mysql/emulation_specs_8_4/source_copies/storage/ndb/src/mgmclient/CMakeLists.txt,docs/specifications/21_V3_Dialect_Surface/legacy_imports/specifications_old/reference/mysql/emulation_specs_8_4/source_copies/storage/ndb/src/mgmclient/CMakeLists.txt,21_V3_Dialect_Surface,regenerated,n/a
docs/specifications_old/reference/mysql/emulation_specs_8_4/source_copies/storage/ndb/src/ndbapi/CMakeLists.txt,docs/specifications/21_V3_Dialect_Surface/legacy_imports/specifications_old/reference/mysql/emulation_specs_8_4/source_copies/storage/ndb/src/ndbapi/CMakeLists.txt,21_V3_Dialect_Surface,regenerated,n/a
docs/specifications_old/reference/mysql/emulation_specs_8_4/source_copies/storage/ndb/src/ndbapi/ScanOperation.txt,docs/specifications/21_V3_Dialect_Surface/legacy_imports/specifications_old/reference/mysql/emulation_specs_8_4/source_copies/storage/ndb/src/ndbapi/ScanOperation.txt,21_V3_Dialect_Surface,regenerated,n/a
docs/specifications_old/reference/mysql/emulation_specs_8_4/source_copies/storage/ndb/src/ndbjtie/README.txt,docs/specifications/21_V3_Dialect_Surface/legacy_imports/specifications_old/reference/mysql/emulation_specs_8_4/source_copies/storage/ndb/src/ndbjtie/README.txt,21_V3_Dialect_Surface,regenerated,n/a
docs/specifications_old/reference/mysql/emulation_specs_8_4/source_copies/storage/ndb/src/ndbjtie/CMakeLists.txt,docs/specifications/21_V3_Dialect_Surface/legacy_imports/specifications_old/reference/mysql/emulation_specs_8_4/source_copies/storage/ndb/src/ndbjtie/CMakeLists.txt,21_V3_Dialect_Surface,regenerated,n/a
docs/specifications_old/reference/mysql/emulation_specs_8_4/source_copies/storage/ndb/src/ndbjtie/HOWTO.txt,docs/specifications/21_V3_Dialect_Surface/legacy_imports/specifications_old/reference/mysql/emulation_specs_8_4/source_copies/storage/ndb/src/ndbjtie/HOWTO.txt,21_V3_Dialect_Surface,regenerated,n/a
docs/specifications_old/reference/mysql/emulation_specs_8_4/source_copies/storage/ndb/src/mgmapi/CMakeLists.txt,docs/specifications/21_V3_Dialect_Surface/legacy_imports/specifications_old/reference/mysql/emulation_specs_8_4/source_copies/storage/ndb/src/mgmapi/CMakeLists.txt,21_V3_Dialect_Surface,regenerated,n/a
docs/specifications_old/reference/mysql/emulation_specs_8_4/source_copies/storage/ndb/src/common/CMakeLists.txt,docs/specifications/21_V3_Dialect_Surface/legacy_imports/specifications_old/reference/mysql/emulation_specs_8_4/source_copies/storage/ndb/src/common/CMakeLists.txt,21_V3_Dialect_Surface,regenerated,n/a
docs/specifications_old/reference/mysql/emulation_specs_8_4/source_copies/storage/ndb/src/kernel/error/CMakeLists.txt,docs/specifications/21_V3_Dialect_Surface/legacy_imports/specifications_old/reference/mysql/emulation_specs_8_4/source_copies/storage/ndb/src/kernel/error/CMakeLists.txt,21_V3_Dialect_Surface,regenerated,n/a
docs/specifications_old/reference/mysql/emulation_specs_8_4/source_copies/storage/ndb/src/kernel/vm/CMakeLists.txt,docs/specifications/21_V3_Dialect_Surface/legacy_imports/specifications_old/reference/mysql/emulation_specs_8_4/source_copies/storage/ndb/src/kernel/vm/CMakeLists.txt,21_V3_Dialect_Surface,regenerated,n/a
docs/specifications_old/reference/mysql/emulation_specs_8_4/source_copies/storage/ndb/src/kernel/vm/mem.txt,docs/specifications/21_V3_Dialect_Surface/legacy_imports/specifications_old/reference/mysql/emulation_specs_8_4/source_copies/storage/ndb/src/kernel/vm/mem.txt,21_V3_Dialect_Surface,regenerated,n/a
docs/specifications_old/reference/mysql/emulation_specs_8_4/source_copies/storage/ndb/src/kernel/blocks/CMakeLists.txt,docs/specifications/21_V3_Dialect_Surface/legacy_imports/specifications_old/reference/mysql/emulation_specs_8_4/source_copies/storage/ndb/src/kernel/blocks/CMakeLists.txt,21_V3_Dialect_Surface,regenerated,n/a
docs/specifications_old/reference/mysql/emulation_specs_8_4/source_copies/storage/ndb/src/kernel/blocks/NodeRestart.txt,docs/specifications/21_V3_Dialect_Surface/legacy_imports/specifications_old/reference/mysql/emulation_specs_8_4/source_copies/storage/ndb/src/kernel/blocks/NodeRestart.txt,21_V3_Dialect_Surface,regenerated,n/a
docs/specifications_old/reference/mysql/emulation_specs_8_4/source_copies/storage/ndb/src/kernel/blocks/SystemRestart.new.txt,docs/specifications/21_V3_Dialect_Surface/legacy_imports/specifications_old/reference/mysql/emulation_specs_8_4/source_copies/storage/ndb/src/kernel/blocks/SystemRestart.new.txt,21_V3_Dialect_Surface,regenerated,n/a
docs/specifications_old/reference/mysql/emulation_specs_8_4/source_copies/storage/ndb/src/kernel/blocks/OptNR.txt,docs/specifications/21_V3_Dialect_Surface/legacy_imports/specifications_old/reference/mysql/emulation_specs_8_4/source_copies/storage/ndb/src/kernel/blocks/OptNR.txt,21_V3_Dialect_Surface,regenerated,n/a
docs/specifications_old/reference/mysql/emulation_specs_8_4/source_copies/storage/ndb/src/kernel/blocks/ERROR_codes.txt,docs/specifications/21_V3_Dialect_Surface/legacy_imports/specifications_old/reference/mysql/emulation_specs_8_4/source_copies/storage/ndb/src/kernel/blocks/ERROR_codes.txt,21_V3_Dialect_Surface,regenerated,n/a
docs/specifications_old/reference/mysql/emulation_specs_8_4/source_copies/storage/ndb/src/kernel/blocks/NodeRestart.new.txt,docs/specifications/21_V3_Dialect_Surface/legacy_imports/specifications_old/reference/mysql/emulation_specs_8_4/source_copies/storage/ndb/src/kernel/blocks/NodeRestart.new.txt,21_V3_Dialect_Surface,regenerated,n/a
docs/specifications_old/reference/mysql/emulation_specs_8_4/source_copies/storage/ndb/src/kernel/blocks/Start.txt,docs/specifications/21_V3_Dialect_Surface/legacy_imports/specifications_old/reference/mysql/emulation_specs_8_4/source_copies/storage/ndb/src/kernel/blocks/Start.txt,21_V3_Dialect_Surface,regenerated,n/a
docs/specifications_old/reference/mysql/emulation_specs_8_4/source_copies/storage/ndb/src/kernel/blocks/SystemRestart.txt,docs/specifications/21_V3_Dialect_Surface/legacy_imports/specifications_old/reference/mysql/emulation_specs_8_4/source_copies/storage/ndb/src/kernel/blocks/SystemRestart.txt,21_V3_Dialect_Surface,regenerated,n/a
docs/specifications_old/reference/mysql/emulation_specs_8_4/source_copies/storage/ndb/src/kernel/blocks/suma/Suma.txt,docs/specifications/21_V3_Dialect_Surface/legacy_imports/specifications_old/reference/mysql/emulation_specs_8_4/source_copies/storage/ndb/src/kernel/blocks/suma/Suma.txt,21_V3_Dialect_Surface,regenerated,n/a
docs/specifications_old/reference/mysql/emulation_specs_8_4/source_copies/storage/ndb/src/kernel/blocks/dbtup/CMakeLists.txt,docs/specifications/21_V3_Dialect_Surface/legacy_imports/specifications_old/reference/mysql/emulation_specs_8_4/source_copies/storage/ndb/src/kernel/blocks/dbtup/CMakeLists.txt,21_V3_Dialect_Surface,regenerated,n/a
docs/specifications_old/reference/mysql/emulation_specs_8_4/source_copies/storage/ndb/src/kernel/blocks/dbtup/Notes.txt,docs/specifications/21_V3_Dialect_Surface/legacy_imports/specifications_old/reference/mysql/emulation_specs_8_4/source_copies/storage/ndb/src/kernel/blocks/dbtup/Notes.txt,21_V3_Dialect_Surface,regenerated,n/a
docs/specifications_old/reference/mysql/emulation_specs_8_4/source_copies/storage/ndb/src/kernel/blocks/dbdict/Event.txt,docs/specifications/21_V3_Dialect_Surface/legacy_imports/specifications_old/reference/mysql/emulation_specs_8_4/source_copies/storage/ndb/src/kernel/blocks/dbdict/Event.txt,21_V3_Dialect_Surface,regenerated,n/a
docs/specifications_old/reference/mysql/emulation_specs_8_4/source_copies/storage/ndb/src/kernel/blocks/dbdict/CMakeLists.txt,docs/specifications/21_V3_Dialect_Surface/legacy_imports/specifications_old/reference/mysql/emulation_specs_8_4/source_copies/storage/ndb/src/kernel/blocks/dbdict/CMakeLists.txt,21_V3_Dialect_Surface,regenerated,n/a
docs/specifications_old/reference/mysql/emulation_specs_8_4/source_copies/storage/ndb/src/kernel/blocks/dbdict/wl3600.txt,docs/specifications/21_V3_Dialect_Surface/legacy_imports/specifications_old/reference/mysql/emulation_specs_8_4/source_copies/storage/ndb/src/kernel/blocks/dbdict/wl3600.txt,21_V3_Dialect_Surface,regenerated,n/a
docs/specifications_old/reference/mysql/emulation_specs_8_4/source_copies/storage/ndb/src/kernel/blocks/dbdict/DictLock.txt,docs/specifications/21_V3_Dialect_Surface/legacy_imports/specifications_old/reference/mysql/emulation_specs_8_4/source_copies/storage/ndb/src/kernel/blocks/dbdict/DictLock.txt,21_V3_Dialect_Surface,regenerated,n/a
docs/specifications_old/reference/mysql/emulation_specs_8_4/source_copies/storage/ndb/src/kernel/blocks/dbdict/CreateTable.new.txt,docs/specifications/21_V3_Dialect_Surface/legacy_imports/specifications_old/reference/mysql/emulation_specs_8_4/source_copies/storage/ndb/src/kernel/blocks/dbdict/CreateTable.new.txt,21_V3_Dialect_Surface,regenerated,n/a
docs/specifications_old/reference/mysql/emulation_specs_8_4/source_copies/storage/ndb/src/kernel/blocks/dbdict/Dbdict.txt,docs/specifications/21_V3_Dialect_Surface/legacy_imports/specifications_old/reference/mysql/emulation_specs_8_4/source_copies/storage/ndb/src/kernel/blocks/dbdict/Dbdict.txt,21_V3_Dialect_Surface,regenerated,n/a
docs/specifications_old/reference/mysql/emulation_specs_8_4/source_copies/storage/ndb/src/kernel/blocks/dbdict/CreateTable.txt,docs/specifications/21_V3_Dialect_Surface/legacy_imports/specifications_old/reference/mysql/emulation_specs_8_4/source_copies/storage/ndb/src/kernel/blocks/dbdict/CreateTable.txt,21_V3_Dialect_Surface,regenerated,n/a
docs/specifications_old/reference/mysql/emulation_specs_8_4/source_copies/storage/ndb/src/kernel/blocks/dbdict/MasterTakeover.txt,docs/specifications/21_V3_Dialect_Surface/legacy_imports/specifications_old/reference/mysql/emulation_specs_8_4/source_copies/storage/ndb/src/kernel/blocks/dbdict/MasterTakeover.txt,21_V3_Dialect_Surface,regenerated,n/a
docs/specifications_old/reference/mysql/emulation_specs_8_4/source_copies/storage/ndb/src/kernel/blocks/dbdict/DropTable.txt,docs/specifications/21_V3_Dialect_Surface/legacy_imports/specifications_old/reference/mysql/emulation_specs_8_4/source_copies/storage/ndb/src/kernel/blocks/dbdict/DropTable.txt,21_V3_Dialect_Surface,regenerated,n/a
docs/specifications_old/reference/mysql/emulation_specs_8_4/source_copies/storage/ndb/src/kernel/blocks/dbinfo/DbinfoScan.txt,docs/specifications/21_V3_Dialect_Surface/legacy_imports/specifications_old/reference/mysql/emulation_specs_8_4/source_copies/storage/ndb/src/kernel/blocks/dbinfo/DbinfoScan.txt,21_V3_Dialect_Surface,regenerated,n/a
docs/specifications_old/reference/mysql/emulation_specs_8_4/source_copies/storage/ndb/src/kernel/blocks/dbutil/DbUtil.txt,docs/specifications/21_V3_Dialect_Surface/legacy_imports/specifications_old/reference/mysql/emulation_specs_8_4/source_copies/storage/ndb/src/kernel/blocks/dbutil/DbUtil.txt,21_V3_Dialect_Surface,regenerated,n/a
docs/specifications_old/reference/mysql/emulation_specs_8_4/source_copies/storage/ndb/src/kernel/blocks/backup/CMakeLists.txt,docs/specifications/21_V3_Dialect_Surface/legacy_imports/specifications_old/reference/mysql/emulation_specs_8_4/source_copies/storage/ndb/src/kernel/blocks/backup/CMakeLists.txt,21_V3_Dialect_Surface,regenerated,n/a
docs/specifications_old/reference/mysql/emulation_specs_8_4/source_copies/storage/ndb/src/kernel/blocks/backup/Backup.txt,docs/specifications/21_V3_Dialect_Surface/legacy_imports/specifications_old/reference/mysql/emulation_specs_8_4/source_copies/storage/ndb/src/kernel/blocks/backup/Backup.txt,21_V3_Dialect_Surface,regenerated,n/a
docs/specifications_old/reference/mysql/emulation_specs_8_4/source_copies/storage/ndb/src/kernel/blocks/dbdih/CMakeLists.txt,docs/specifications/21_V3_Dialect_Surface/legacy_imports/specifications_old/reference/mysql/emulation_specs_8_4/source_copies/storage/ndb/src/kernel/blocks/dbdih/CMakeLists.txt,21_V3_Dialect_Surface,regenerated,n/a
docs/specifications_old/reference/mysql/emulation_specs_8_4/source_copies/storage/ndb/src/kernel/blocks/dbdih/LCP.txt,docs/specifications/21_V3_Dialect_Surface/legacy_imports/specifications_old/reference/mysql/emulation_specs_8_4/source_copies/storage/ndb/src/kernel/blocks/dbdih/LCP.txt,21_V3_Dialect_Surface,regenerated,n/a
docs/specifications_old/reference/mysql/emulation_specs_8_4/source_copies/storage/ndb/src/kernel/blocks/dblqh/CMakeLists.txt,docs/specifications/21_V3_Dialect_Surface/legacy_imports/specifications_old/reference/mysql/emulation_specs_8_4/source_copies/storage/ndb/src/kernel/blocks/dblqh/CMakeLists.txt,21_V3_Dialect_Surface,regenerated,n/a
docs/specifications_old/reference/mysql/emulation_specs_8_4/source_copies/storage/ndb/src/kernel/blocks/dbtux/Times.txt,docs/specifications/21_V3_Dialect_Surface/legacy_imports/specifications_old/reference/mysql/emulation_specs_8_4/source_copies/storage/ndb/src/kernel/blocks/dbtux/Times.txt,21_V3_Dialect_Surface,regenerated,n/a
docs/specifications_old/reference/mysql/emulation_specs_8_4/source_copies/storage/ndb/src/cw/cpcd/CMakeLists.txt,docs/specifications/21_V3_Dialect_Surface/legacy_imports/specifications_old/reference/mysql/emulation_specs_8_4/source_copies/storage/ndb/src/cw/cpcd/CMakeLists.txt,21_V3_Dialect_Surface,regenerated,n/a
docs/specifications_old/reference/mysql/emulation_specs_8_4/source_copies/storage/ndb/src/ndbjtie/jtie/CMakeLists.txt,docs/specifications/21_V3_Dialect_Surface/legacy_imports/specifications_old/reference/mysql/emulation_specs_8_4/source_copies/storage/ndb/src/ndbjtie/jtie/CMakeLists.txt,21_V3_Dialect_Surface,regenerated,n/a
docs/specifications_old/reference/mysql/emulation_specs_8_4/source_copies/storage/ndb/src/ndbjtie/test/CMakeLists.txt,docs/specifications/21_V3_Dialect_Surface/legacy_imports/specifications_old/reference/mysql/emulation_specs_8_4/source_copies/storage/ndb/src/ndbjtie/test/CMakeLists.txt,21_V3_Dialect_Surface,regenerated,n/a
docs/specifications_old/reference/mysql/emulation_specs_8_4/source_copies/storage/ndb/src/ndbjtie/jtie/test/CMakeLists.txt,docs/specifications/21_V3_Dialect_Surface/legacy_imports/specifications_old/reference/mysql/emulation_specs_8_4/source_copies/storage/ndb/src/ndbjtie/jtie/test/CMakeLists.txt,21_V3_Dialect_Surface,regenerated,n/a
docs/specifications_old/reference/mysql/emulation_specs_8_4/source_copies/storage/ndb/src/ndbjtie/jtie/test/myapi/CMakeLists.txt,docs/specifications/21_V3_Dialect_Surface/legacy_imports/specifications_old/reference/mysql/emulation_specs_8_4/source_copies/storage/ndb/src/ndbjtie/jtie/test/myapi/CMakeLists.txt,21_V3_Dialect_Surface,regenerated,n/a
docs/specifications_old/reference/mysql/emulation_specs_8_4/source_copies/storage/ndb/src/ndbjtie/jtie/test/unload/CMakeLists.txt,docs/specifications/21_V3_Dialect_Surface/legacy_imports/specifications_old/reference/mysql/emulation_specs_8_4/source_copies/storage/ndb/src/ndbjtie/jtie/test/unload/CMakeLists.txt,21_V3_Dialect_Surface,regenerated,n/a
docs/specifications_old/reference/mysql/emulation_specs_8_4/source_copies/storage/ndb/src/ndbjtie/jtie/test/myjapi/CMakeLists.txt,docs/specifications/21_V3_Dialect_Surface/legacy_imports/specifications_old/reference/mysql/emulation_specs_8_4/source_copies/storage/ndb/src/ndbjtie/jtie/test/myjapi/CMakeLists.txt,21_V3_Dialect_Surface,regenerated,n/a
docs/specifications_old/reference/mysql/emulation_specs_8_4/source_copies/storage/ndb/src/ndbjtie/com/mysql/ndbjtie/ndbapi/issues.txt,docs/specifications/21_V3_Dialect_Surface/legacy_imports/specifications_old/reference/mysql/emulation_specs_8_4/source_copies/storage/ndb/src/ndbjtie/com/mysql/ndbjtie/ndbapi/issues.txt,21_V3_Dialect_Surface,regenerated,n/a
docs/specifications_old/reference/mysql/emulation_specs_8_4/source_copies/storage/ndb/src/common/portlib/CMakeLists.txt,docs/specifications/21_V3_Dialect_Surface/legacy_imports/specifications_old/reference/mysql/emulation_specs_8_4/source_copies/storage/ndb/src/common/portlib/CMakeLists.txt,21_V3_Dialect_Surface,regenerated,n/a
docs/specifications_old/reference/mysql/emulation_specs_8_4/source_copies/storage/ndb/src/common/mgmcommon/CMakeLists.txt,docs/specifications/21_V3_Dialect_Surface/legacy_imports/specifications_old/reference/mysql/emulation_specs_8_4/source_copies/storage/ndb/src/common/mgmcommon/CMakeLists.txt,21_V3_Dialect_Surface,regenerated,n/a
docs/specifications_old/reference/mysql/emulation_specs_8_4/source_copies/storage/ndb/src/common/logger/CMakeLists.txt,docs/specifications/21_V3_Dialect_Surface/legacy_imports/specifications_old/reference/mysql/emulation_specs_8_4/source_copies/storage/ndb/src/common/logger/CMakeLists.txt,21_V3_Dialect_Surface,regenerated,n/a
docs/specifications_old/reference/mysql/emulation_specs_8_4/source_copies/storage/ndb/src/common/transporter/trp.txt,docs/specifications/21_V3_Dialect_Surface/legacy_imports/specifications_old/reference/mysql/emulation_specs_8_4/source_copies/storage/ndb/src/common/transporter/trp.txt,21_V3_Dialect_Surface,regenerated,n/a
docs/specifications_old/reference/mysql/emulation_specs_8_4/source_copies/storage/ndb/src/common/transporter/CMakeLists.txt,docs/specifications/21_V3_Dialect_Surface/legacy_imports/specifications_old/reference/mysql/emulation_specs_8_4/source_copies/storage/ndb/src/common/transporter/CMakeLists.txt,21_V3_Dialect_Surface,regenerated,n/a
docs/specifications_old/reference/mysql/emulation_specs_8_4/source_copies/storage/ndb/src/common/debugger/CMakeLists.txt,docs/specifications/21_V3_Dialect_Surface/legacy_imports/specifications_old/reference/mysql/emulation_specs_8_4/source_copies/storage/ndb/src/common/debugger/CMakeLists.txt,21_V3_Dialect_Surface,regenerated,n/a
docs/specifications_old/reference/mysql/emulation_specs_8_4/source_copies/storage/ndb/src/common/util/CMakeLists.txt,docs/specifications/21_V3_Dialect_Surface/legacy_imports/specifications_old/reference/mysql/emulation_specs_8_4/source_copies/storage/ndb/src/common/util/CMakeLists.txt,21_V3_Dialect_Surface,regenerated,n/a
docs/specifications_old/reference/mysql/emulation_specs_8_4/source_copies/storage/ndb/src/common/debugger/signaldata/CMakeLists.txt,docs/specifications/21_V3_Dialect_Surface/legacy_imports/specifications_old/reference/mysql/emulation_specs_8_4/source_copies/storage/ndb/src/common/debugger/signaldata/CMakeLists.txt,21_V3_Dialect_Surface,regenerated,n/a
docs/specifications_old/reference/mysql/emulation_specs_8_4/source_copies/strings/lang_data/zh_hans.txt,docs/specifications/21_V3_Dialect_Surface/legacy_imports/specifications_old/reference/mysql/emulation_specs_8_4/source_copies/strings/lang_data/zh_hans.txt,21_V3_Dialect_Surface,regenerated,n/a
docs/specifications_old/reference/mysql/emulation_specs_8_4/source_copies/strings/lang_data/ja_hans.txt,docs/specifications/21_V3_Dialect_Surface/legacy_imports/specifications_old/reference/mysql/emulation_specs_8_4/source_copies/strings/lang_data/ja_hans.txt,21_V3_Dialect_Surface,regenerated,n/a
docs/specifications_old/reference/mysql/emulation_specs_8_4/source_copies/extra/abseil/CMakeLists.txt,docs/specifications/21_V3_Dialect_Surface/legacy_imports/specifications_old/reference/mysql/emulation_specs_8_4/source_copies/extra/abseil/CMakeLists.txt,21_V3_Dialect_Surface,regenerated,n/a
docs/specifications_old/reference/mysql/emulation_specs_8_4/source_copies/extra/gperftools/CMakeLists.txt,docs/specifications/21_V3_Dialect_Surface/legacy_imports/specifications_old/reference/mysql/emulation_specs_8_4/source_copies/extra/gperftools/CMakeLists.txt,21_V3_Dialect_Surface,regenerated,n/a
docs/specifications_old/reference/mysql/emulation_specs_8_4/source_copies/extra/curl/CMakeLists.txt,docs/specifications/21_V3_Dialect_Surface/legacy_imports/specifications_old/reference/mysql/emulation_specs_8_4/source_copies/extra/curl/CMakeLists.txt,21_V3_Dialect_Surface,regenerated,n/a
docs/specifications_old/reference/mysql/emulation_specs_8_4/source_copies/extra/xxhash/CMakeLists.txt,docs/specifications/21_V3_Dialect_Surface/legacy_imports/specifications_old/reference/mysql/emulation_specs_8_4/source_copies/extra/xxhash/CMakeLists.txt,21_V3_Dialect_Surface,regenerated,n/a
docs/specifications_old/reference/mysql/emulation_specs_8_4/source_copies/extra/icu/CMakeLists.txt,docs/specifications/21_V3_Dialect_Surface/legacy_imports/specifications_old/reference/mysql/emulation_specs_8_4/source_copies/extra/icu/CMakeLists.txt,21_V3_Dialect_Surface,regenerated,n/a
docs/specifications_old/reference/mysql/emulation_specs_8_4/source_copies/extra/lz4/CMakeLists.txt,docs/specifications/21_V3_Dialect_Surface/legacy_imports/specifications_old/reference/mysql/emulation_specs_8_4/source_copies/extra/lz4/CMakeLists.txt,21_V3_Dialect_Surface,regenerated,n/a
docs/specifications_old/reference/mysql/emulation_specs_8_4/source_copies/extra/libfido2/CMakeLists.txt,docs/specifications/21_V3_Dialect_Surface/legacy_imports/specifications_old/reference/mysql/emulation_specs_8_4/source_copies/extra/libfido2/CMakeLists.txt,21_V3_Dialect_Surface,regenerated,n/a
docs/specifications_old/reference/mysql/emulation_specs_8_4/source_copies/extra/libcbor/CMakeLists.txt,docs/specifications/21_V3_Dialect_Surface/legacy_imports/specifications_old/reference/mysql/emulation_specs_8_4/source_copies/extra/libcbor/CMakeLists.txt,21_V3_Dialect_Surface,regenerated,n/a
docs/specifications_old/reference/mysql/emulation_specs_8_4/source_copies/extra/libcno/CMakeLists.txt,docs/specifications/21_V3_Dialect_Surface/legacy_imports/specifications_old/reference/mysql/emulation_specs_8_4/source_copies/extra/libcno/CMakeLists.txt,21_V3_Dialect_Surface,regenerated,n/a
docs/specifications_old/reference/mysql/emulation_specs_8_4/source_copies/extra/rapidjson/license.txt,docs/specifications/21_V3_Dialect_Surface/legacy_imports/specifications_old/reference/mysql/emulation_specs_8_4/source_copies/extra/rapidjson/license.txt,21_V3_Dialect_Surface,regenerated,n/a
docs/specifications_old/reference/mysql/emulation_specs_8_4/source_copies/extra/rapidjson/license_readme-oracle.txt,docs/specifications/21_V3_Dialect_Surface/legacy_imports/specifications_old/reference/mysql/emulation_specs_8_4/source_copies/extra/rapidjson/license_readme-oracle.txt,21_V3_Dialect_Surface,regenerated,n/a
docs/specifications_old/reference/mysql/emulation_specs_8_4/source_copies/extra/zstd/CMakeLists.txt,docs/specifications/21_V3_Dialect_Surface/legacy_imports/specifications_old/reference/mysql/emulation_specs_8_4/source_copies/extra/zstd/CMakeLists.txt,21_V3_Dialect_Surface,regenerated,n/a
docs/specifications_old/reference/mysql/emulation_specs_8_4/source_copies/extra/protobuf/CMakeLists.txt,docs/specifications/21_V3_Dialect_Surface/legacy_imports/specifications_old/reference/mysql/emulation_specs_8_4/source_copies/extra/protobuf/CMakeLists.txt,21_V3_Dialect_Surface,regenerated,n/a
docs/specifications_old/reference/mysql/emulation_specs_8_4/source_copies/extra/libbacktrace/CMakeLists.txt,docs/specifications/21_V3_Dialect_Surface/legacy_imports/specifications_old/reference/mysql/emulation_specs_8_4/source_copies/extra/libbacktrace/CMakeLists.txt,21_V3_Dialect_Surface,regenerated,n/a
docs/specifications_old/reference/mysql/emulation_specs_8_4/source_copies/extra/unordered_dense/CMakeLists.txt,docs/specifications/21_V3_Dialect_Surface/legacy_imports/specifications_old/reference/mysql/emulation_specs_8_4/source_copies/extra/unordered_dense/CMakeLists.txt,21_V3_Dialect_Surface,regenerated,n/a
docs/specifications_old/reference/mysql/emulation_specs_8_4/source_copies/extra/tirpc/CMakeLists.txt,docs/specifications/21_V3_Dialect_Surface/legacy_imports/specifications_old/reference/mysql/emulation_specs_8_4/source_copies/extra/tirpc/CMakeLists.txt,21_V3_Dialect_Surface,regenerated,n/a
docs/specifications_old/reference/mysql/emulation_specs_8_4/source_copies/extra/zlib/CMakeLists.txt,docs/specifications/21_V3_Dialect_Surface/legacy_imports/specifications_old/reference/mysql/emulation_specs_8_4/source_copies/extra/zlib/CMakeLists.txt,21_V3_Dialect_Surface,regenerated,n/a
docs/specifications_old/reference/mysql/emulation_specs_8_4/source_copies/extra/abseil/abseil-cpp-20230802.1/README.md,docs/specifications/21_V3_Dialect_Surface/legacy_imports/specifications_old/reference/mysql/emulation_specs_8_4/source_copies/extra/abseil/abseil-cpp-20230802.1/README.md,21_V3_Dialect_Surface,regenerated,n/a
docs/specifications_old/reference/mysql/emulation_specs_8_4/source_copies/extra/abseil/abseil-cpp-20230802.1/CMakeLists.txt,docs/specifications/21_V3_Dialect_Surface/legacy_imports/specifications_old/reference/mysql/emulation_specs_8_4/source_copies/extra/abseil/abseil-cpp-20230802.1/CMakeLists.txt,21_V3_Dialect_Surface,regenerated,n/a
docs/specifications_old/reference/mysql/emulation_specs_8_4/source_copies/extra/abseil/abseil-cpp-20230802.1/UPGRADES.md,docs/specifications/21_V3_Dialect_Surface/legacy_imports/specifications_old/reference/mysql/emulation_specs_8_4/source_copies/extra/abseil/abseil-cpp-20230802.1/UPGRADES.md,21_V3_Dialect_Surface,regenerated,n/a
docs/specifications_old/reference/mysql/emulation_specs_8_4/source_copies/extra/abseil/abseil-cpp-20230802.1/CONTRIBUTING.md,docs/specifications/21_V3_Dialect_Surface/legacy_imports/specifications_old/reference/mysql/emulation_specs_8_4/source_copies/extra/abseil/abseil-cpp-20230802.1/CONTRIBUTING.md,21_V3_Dialect_Surface,regenerated,n/a
docs/specifications_old/reference/mysql/emulation_specs_8_4/source_copies/extra/abseil/abseil-cpp-20230802.1/FAQ.md,docs/specifications/21_V3_Dialect_Surface/legacy_imports/specifications_old/reference/mysql/emulation_specs_8_4/source_copies/extra/abseil/abseil-cpp-20230802.1/FAQ.md,21_V3_Dialect_Surface,regenerated,n/a
docs/specifications_old/reference/mysql/emulation_specs_8_4/source_copies/extra/abseil/abseil-cpp-20230802.1/ABSEIL_ISSUE_TEMPLATE.md,docs/specifications/21_V3_Dialect_Surface/legacy_imports/specifications_old/reference/mysql/emulation_specs_8_4/source_copies/extra/abseil/abseil-cpp-20230802.1/ABSEIL_ISSUE_TEMPLATE.md,21_V3_Dialect_Surface,regenerated,n/a
docs/specifications_old/reference/mysql/emulation_specs_8_4/source_copies/extra/abseil/abseil-cpp-20230802.1/.github/PULL_REQUEST_TEMPLATE.md,docs/specifications/21_V3_Dialect_Surface/legacy_imports/specifications_old/reference/mysql/emulation_specs_8_4/source_copies/extra/abseil/abseil-cpp-20230802.1/.github/PULL_REQUEST_TEMPLATE.md,21_V3_Dialect_Surface,regenerated,n/a
docs/specifications_old/reference/mysql/emulation_specs_8_4/source_copies/extra/abseil/abseil-cpp-20230802.1/absl/CMakeLists.txt,docs/specifications/21_V3_Dialect_Surface/legacy_imports/specifications_old/reference/mysql/emulation_specs_8_4/source_copies/extra/abseil/abseil-cpp-20230802.1/absl/CMakeLists.txt,21_V3_Dialect_Surface,regenerated,n/a
docs/specifications_old/reference/mysql/emulation_specs_8_4/source_copies/extra/abseil/abseil-cpp-20230802.1/CMake/README.md,docs/specifications/21_V3_Dialect_Surface/legacy_imports/specifications_old/reference/mysql/emulation_specs_8_4/source_copies/extra/abseil/abseil-cpp-20230802.1/CMake/README.md,21_V3_Dialect_Surface,regenerated,n/a
docs/specifications_old/reference/mysql/emulation_specs_8_4/source_copies/extra/abseil/abseil-cpp-20230802.1/absl/flags/CMakeLists.txt,docs/specifications/21_V3_Dialect_Surface/legacy_imports/specifications_old/reference/mysql/emulation_specs_8_4/source_copies/extra/abseil/abseil-cpp-20230802.1/absl/flags/CMakeLists.txt,21_V3_Dialect_Surface,regenerated,n/a
docs/specifications_old/reference/mysql/emulation_specs_8_4/source_copies/extra/abseil/abseil-cpp-20230802.1/absl/debugging/CMakeLists.txt,docs/specifications/21_V3_Dialect_Surface/legacy_imports/specifications_old/reference/mysql/emulation_specs_8_4/source_copies/extra/abseil/abseil-cpp-20230802.1/absl/debugging/CMakeLists.txt,21_V3_Dialect_Surface,regenerated,n/a
docs/specifications_old/reference/mysql/emulation_specs_8_4/source_copies/extra/abseil/abseil-cpp-20230802.1/absl/container/CMakeLists.txt,docs/specifications/21_V3_Dialect_Surface/legacy_imports/specifications_old/reference/mysql/emulation_specs_8_4/source_copies/extra/abseil/abseil-cpp-20230802.1/absl/container/CMakeLists.txt,21_V3_Dialect_Surface,regenerated,n/a
docs/specifications_old/reference/mysql/emulation_specs_8_4/source_copies/extra/abseil/abseil-cpp-20230802.1/absl/utility/CMakeLists.txt,docs/specifications/21_V3_Dialect_Surface/legacy_imports/specifications_old/reference/mysql/emulation_specs_8_4/source_copies/extra/abseil/abseil-cpp-20230802.1/absl/utility/CMakeLists.txt,21_V3_Dialect_Surface,regenerated,n/a
docs/specifications_old/reference/mysql/emulation_specs_8_4/source_copies/extra/abseil/abseil-cpp-20230802.1/absl/strings/CMakeLists.txt,docs/specifications/21_V3_Dialect_Surface/legacy_imports/specifications_old/reference/mysql/emulation_specs_8_4/source_copies/extra/abseil/abseil-cpp-20230802.1/absl/strings/CMakeLists.txt,21_V3_Dialect_Surface,regenerated,n/a
docs/specifications_old/reference/mysql/emulation_specs_8_4/source_copies/extra/abseil/abseil-cpp-20230802.1/absl/profiling/CMakeLists.txt,docs/specifications/21_V3_Dialect_Surface/legacy_imports/specifications_old/reference/mysql/emulation_specs_8_4/source_copies/extra/abseil/abseil-cpp-20230802.1/absl/profiling/CMakeLists.txt,21_V3_Dialect_Surface,regenerated,n/a
docs/specifications_old/reference/mysql/emulation_specs_8_4/source_copies/extra/abseil/abseil-cpp-20230802.1/absl/log/CMakeLists.txt,docs/specifications/21_V3_Dialect_Surface/legacy_imports/specifications_old/reference/mysql/emulation_specs_8_4/source_copies/extra/abseil/abseil-cpp-20230802.1/absl/log/CMakeLists.txt,21_V3_Dialect_Surface,regenerated,n/a
docs/specifications_old/reference/mysql/emulation_specs_8_4/source_copies/extra/abseil/abseil-cpp-20230802.1/absl/meta/CMakeLists.txt,docs/specifications/21_V3_Dialect_Surface/legacy_imports/specifications_old/reference/mysql/emulation_specs_8_4/source_copies/extra/abseil/abseil-cpp-20230802.1/absl/meta/CMakeLists.txt,21_V3_Dialect_Surface,regenerated,n/a
docs/specifications_old/reference/mysql/emulation_specs_8_4/source_copies/extra/abseil/abseil-cpp-20230802.1/absl/random/CMakeLists.txt,docs/specifications/21_V3_Dialect_Surface/legacy_imports/specifications_old/reference/mysql/emulation_specs_8_4/source_copies/extra/abseil/abseil-cpp-20230802.1/absl/random/CMakeLists.txt,21_V3_Dialect_Surface,regenerated,n/a
docs/specifications_old/reference/mysql/emulation_specs_8_4/source_copies/extra/abseil/abseil-cpp-20230802.1/absl/synchronization/CMakeLists.txt,docs/specifications/21_V3_Dialect_Surface/legacy_imports/specifications_old/reference/mysql/emulation_specs_8_4/source_copies/extra/abseil/abseil-cpp-20230802.1/absl/synchronization/CMakeLists.txt,21_V3_Dialect_Surface,regenerated,n/a
docs/specifications_old/reference/mysql/emulation_specs_8_4/source_copies/extra/abseil/abseil-cpp-20230802.1/absl/cleanup/CMakeLists.txt,docs/specifications/21_V3_Dialect_Surface/legacy_imports/specifications_old/reference/mysql/emulation_specs_8_4/source_copies/extra/abseil/abseil-cpp-20230802.1/absl/cleanup/CMakeLists.txt,21_V3_Dialect_Surface,regenerated,n/a
docs/specifications_old/reference/mysql/emulation_specs_8_4/source_copies/extra/abseil/abseil-cpp-20230802.1/absl/numeric/CMakeLists.txt,docs/specifications/21_V3_Dialect_Surface/legacy_imports/specifications_old/reference/mysql/emulation_specs_8_4/source_copies/extra/abseil/abseil-cpp-20230802.1/absl/numeric/CMakeLists.txt,21_V3_Dialect_Surface,regenerated,n/a
docs/specifications_old/reference/mysql/emulation_specs_8_4/source_copies/extra/abseil/abseil-cpp-20230802.1/absl/time/CMakeLists.txt,docs/specifications/21_V3_Dialect_Surface/legacy_imports/specifications_old/reference/mysql/emulation_specs_8_4/source_copies/extra/abseil/abseil-cpp-20230802.1/absl/time/CMakeLists.txt,21_V3_Dialect_Surface,regenerated,n/a
docs/specifications_old/reference/mysql/emulation_specs_8_4/source_copies/extra/abseil/abseil-cpp-20230802.1/absl/algorithm/CMakeLists.txt,docs/specifications/21_V3_Dialect_Surface/legacy_imports/specifications_old/reference/mysql/emulation_specs_8_4/source_copies/extra/abseil/abseil-cpp-20230802.1/absl/algorithm/CMakeLists.txt,21_V3_Dialect_Surface,regenerated,n/a
docs/specifications_old/reference/mysql/emulation_specs_8_4/source_copies/extra/abseil/abseil-cpp-20230802.1/absl/memory/CMakeLists.txt,docs/specifications/21_V3_Dialect_Surface/legacy_imports/specifications_old/reference/mysql/emulation_specs_8_4/source_copies/extra/abseil/abseil-cpp-20230802.1/absl/memory/CMakeLists.txt,21_V3_Dialect_Surface,regenerated,n/a
docs/specifications_old/reference/mysql/emulation_specs_8_4/source_copies/extra/abseil/abseil-cpp-20230802.1/absl/crc/CMakeLists.txt,docs/specifications/21_V3_Dialect_Surface/legacy_imports/specifications_old/reference/mysql/emulation_specs_8_4/source_copies/extra/abseil/abseil-cpp-20230802.1/absl/crc/CMakeLists.txt,21_V3_Dialect_Surface,regenerated,n/a
docs/specifications_old/reference/mysql/emulation_specs_8_4/source_copies/extra/abseil/abseil-cpp-20230802.1/absl/hash/CMakeLists.txt,docs/specifications/21_V3_Dialect_Surface/legacy_imports/specifications_old/reference/mysql/emulation_specs_8_4/source_copies/extra/abseil/abseil-cpp-20230802.1/absl/hash/CMakeLists.txt,21_V3_Dialect_Surface,regenerated,n/a
docs/specifications_old/reference/mysql/emulation_specs_8_4/source_copies/extra/abseil/abseil-cpp-20230802.1/absl/base/CMakeLists.txt,docs/specifications/21_V3_Dialect_Surface/legacy_imports/specifications_old/reference/mysql/emulation_specs_8_4/source_copies/extra/abseil/abseil-cpp-20230802.1/absl/base/CMakeLists.txt,21_V3_Dialect_Surface,regenerated,n/a
docs/specifications_old/reference/mysql/emulation_specs_8_4/source_copies/extra/abseil/abseil-cpp-20230802.1/CMake/install_test_project/CMakeLists.txt,docs/specifications/21_V3_Dialect_Surface/legacy_imports/specifications_old/reference/mysql/emulation_specs_8_4/source_copies/extra/abseil/abseil-cpp-20230802.1/CMake/install_test_project/CMakeLists.txt,21_V3_Dialect_Surface,regenerated,n/a
docs/specifications_old/reference/mysql/emulation_specs_8_4/source_copies/extra/gperftools/gperftools-2.15/CMakeLists.txt,docs/specifications/21_V3_Dialect_Surface/legacy_imports/specifications_old/reference/mysql/emulation_specs_8_4/source_copies/extra/gperftools/gperftools-2.15/CMakeLists.txt,21_V3_Dialect_Surface,regenerated,n/a
docs/specifications_old/reference/mysql/emulation_specs_8_4/source_copies/extra/gperftools/gperftools-2.15/README_windows.txt,docs/specifications/21_V3_Dialect_Surface/legacy_imports/specifications_old/reference/mysql/emulation_specs_8_4/source_copies/extra/gperftools/gperftools-2.15/README_windows.txt,21_V3_Dialect_Surface,regenerated,n/a
docs/specifications_old/reference/mysql/emulation_specs_8_4/source_copies/extra/curl/curl-8.14.1/CMakeLists.txt,docs/specifications/21_V3_Dialect_Surface/legacy_imports/specifications_old/reference/mysql/emulation_specs_8_4/source_copies/extra/curl/curl-8.14.1/CMakeLists.txt,21_V3_Dialect_Surface,regenerated,n/a
docs/specifications_old/reference/mysql/emulation_specs_8_4/source_copies/extra/curl/curl-8.14.1/CHANGES.md,docs/specifications/21_V3_Dialect_Surface/legacy_imports/specifications_old/reference/mysql/emulation_specs_8_4/source_copies/extra/curl/curl-8.14.1/CHANGES.md,21_V3_Dialect_Surface,regenerated,n/a
docs/specifications_old/reference/mysql/emulation_specs_8_4/source_copies/extra/curl/curl-8.14.1/lib/CMakeLists.txt,docs/specifications/21_V3_Dialect_Surface/legacy_imports/specifications_old/reference/mysql/emulation_specs_8_4/source_copies/extra/curl/curl-8.14.1/lib/CMakeLists.txt,21_V3_Dialect_Surface,regenerated,n/a
docs/specifications_old/reference/mysql/emulation_specs_8_4/source_copies/extra/curl/curl-8.14.1/scripts/CMakeLists.txt,docs/specifications/21_V3_Dialect_Surface/legacy_imports/specifications_old/reference/mysql/emulation_specs_8_4/source_copies/extra/curl/curl-8.14.1/scripts/CMakeLists.txt,21_V3_Dialect_Surface,regenerated,n/a
docs/specifications_old/reference/mysql/emulation_specs_8_4/source_copies/extra/curl/curl-8.14.1/include/README.md,docs/specifications/21_V3_Dialect_Surface/legacy_imports/specifications_old/reference/mysql/emulation_specs_8_4/source_copies/extra/curl/curl-8.14.1/include/README.md,21_V3_Dialect_Surface,regenerated,n/a
docs/specifications_old/reference/mysql/emulation_specs_8_4/source_copies/extra/icu/icu-release-77-1/source/stubdata/sources.txt,docs/specifications/21_V3_Dialect_Surface/legacy_imports/specifications_old/reference/mysql/emulation_specs_8_4/source_copies/extra/icu/icu-release-77-1/source/stubdata/sources.txt,21_V3_Dialect_Surface,regenerated,n/a
docs/specifications_old/reference/mysql/emulation_specs_8_4/source_copies/extra/icu/icu-release-77-1/source/i18n/regexcst.txt,docs/specifications/21_V3_Dialect_Surface/legacy_imports/specifications_old/reference/mysql/emulation_specs_8_4/source_copies/extra/icu/icu-release-77-1/source/i18n/regexcst.txt,21_V3_Dialect_Surface,regenerated,n/a
docs/specifications_old/reference/mysql/emulation_specs_8_4/source_copies/extra/icu/icu-release-77-1/source/i18n/sources.txt,docs/specifications/21_V3_Dialect_Surface/legacy_imports/specifications_old/reference/mysql/emulation_specs_8_4/source_copies/extra/icu/icu-release-77-1/source/i18n/sources.txt,21_V3_Dialect_Surface,regenerated,n/a
docs/specifications_old/reference/mysql/emulation_specs_8_4/source_copies/extra/icu/icu-release-77-1/source/common/rbbirpt.txt,docs/specifications/21_V3_Dialect_Surface/legacy_imports/specifications_old/reference/mysql/emulation_specs_8_4/source_copies/extra/icu/icu-release-77-1/source/common/rbbirpt.txt,21_V3_Dialect_Surface,regenerated,n/a
docs/specifications_old/reference/mysql/emulation_specs_8_4/source_copies/extra/icu/icu-release-77-1/source/common/sources.txt,docs/specifications/21_V3_Dialect_Surface/legacy_imports/specifications_old/reference/mysql/emulation_specs_8_4/source_copies/extra/icu/icu-release-77-1/source/common/sources.txt,21_V3_Dialect_Surface,regenerated,n/a
docs/specifications_old/reference/mysql/emulation_specs_8_4/source_copies/extra/libfido2/libfido2-1.15.0/README.adoc,docs/specifications/21_V3_Dialect_Surface/legacy_imports/specifications_old/reference/mysql/emulation_specs_8_4/source_copies/extra/libfido2/libfido2-1.15.0/README.adoc,21_V3_Dialect_Surface,regenerated,n/a
docs/specifications_old/reference/mysql/emulation_specs_8_4/source_copies/extra/libfido2/libfido2-1.15.0/CMakeLists.txt,docs/specifications/21_V3_Dialect_Surface/legacy_imports/specifications_old/reference/mysql/emulation_specs_8_4/source_copies/extra/libfido2/libfido2-1.15.0/CMakeLists.txt,21_V3_Dialect_Surface,regenerated,n/a
docs/specifications_old/reference/mysql/emulation_specs_8_4/source_copies/extra/libfido2/libfido2-1.15.0/regress/CMakeLists.txt,docs/specifications/21_V3_Dialect_Surface/legacy_imports/specifications_old/reference/mysql/emulation_specs_8_4/source_copies/extra/libfido2/libfido2-1.15.0/regress/CMakeLists.txt,21_V3_Dialect_Surface,regenerated,n/a
docs/specifications_old/reference/mysql/emulation_specs_8_4/source_copies/extra/libfido2/libfido2-1.15.0/examples/README.adoc,docs/specifications/21_V3_Dialect_Surface/legacy_imports/specifications_old/reference/mysql/emulation_specs_8_4/source_copies/extra/libfido2/libfido2-1.15.0/examples/README.adoc,21_V3_Dialect_Surface,regenerated,n/a
docs/specifications_old/reference/mysql/emulation_specs_8_4/source_copies/extra/libfido2/libfido2-1.15.0/examples/CMakeLists.txt,docs/specifications/21_V3_Dialect_Surface/legacy_imports/specifications_old/reference/mysql/emulation_specs_8_4/source_copies/extra/libfido2/libfido2-1.15.0/examples/CMakeLists.txt,21_V3_Dialect_Surface,regenerated,n/a
docs/specifications_old/reference/mysql/emulation_specs_8_4/source_copies/extra/libfido2/libfido2-1.15.0/man/CMakeLists.txt,docs/specifications/21_V3_Dialect_Surface/legacy_imports/specifications_old/reference/mysql/emulation_specs_8_4/source_copies/extra/libfido2/libfido2-1.15.0/man/CMakeLists.txt,21_V3_Dialect_Surface,regenerated,n/a
docs/specifications_old/reference/mysql/emulation_specs_8_4/source_copies/extra/libfido2/libfido2-1.15.0/udev/CMakeLists.txt,docs/specifications/21_V3_Dialect_Surface/legacy_imports/specifications_old/reference/mysql/emulation_specs_8_4/source_copies/extra/libfido2/libfido2-1.15.0/udev/CMakeLists.txt,21_V3_Dialect_Surface,regenerated,n/a
docs/specifications_old/reference/mysql/emulation_specs_8_4/source_copies/extra/libfido2/libfido2-1.15.0/tools/CMakeLists.txt,docs/specifications/21_V3_Dialect_Surface/legacy_imports/specifications_old/reference/mysql/emulation_specs_8_4/source_copies/extra/libfido2/libfido2-1.15.0/tools/CMakeLists.txt,21_V3_Dialect_Surface,regenerated,n/a
docs/specifications_old/reference/mysql/emulation_specs_8_4/source_copies/extra/libfido2/libfido2-1.15.0/src/CMakeLists.txt,docs/specifications/21_V3_Dialect_Surface/legacy_imports/specifications_old/reference/mysql/emulation_specs_8_4/source_copies/extra/libfido2/libfido2-1.15.0/src/CMakeLists.txt,21_V3_Dialect_Surface,regenerated,n/a
docs/specifications_old/reference/mysql/emulation_specs_8_4/source_copies/extra/libcbor/libcbor-0.11.0/LICENSE.md,docs/specifications/21_V3_Dialect_Surface/legacy_imports/specifications_old/reference/mysql/emulation_specs_8_4/source_copies/extra/libcbor/libcbor-0.11.0/LICENSE.md,21_V3_Dialect_Surface,regenerated,n/a
docs/specifications_old/reference/mysql/emulation_specs_8_4/source_copies/extra/libcbor/libcbor-0.11.0/README.md,docs/specifications/21_V3_Dialect_Surface/legacy_imports/specifications_old/reference/mysql/emulation_specs_8_4/source_copies/extra/libcbor/libcbor-0.11.0/README.md,21_V3_Dialect_Surface,regenerated,n/a
docs/specifications_old/reference/mysql/emulation_specs_8_4/source_copies/extra/libcbor/libcbor-0.11.0/CMakeLists.txt,docs/specifications/21_V3_Dialect_Surface/legacy_imports/specifications_old/reference/mysql/emulation_specs_8_4/source_copies/extra/libcbor/libcbor-0.11.0/CMakeLists.txt,21_V3_Dialect_Surface,regenerated,n/a
docs/specifications_old/reference/mysql/emulation_specs_8_4/source_copies/extra/libcbor/libcbor-0.11.0/Bazel.md,docs/specifications/21_V3_Dialect_Surface/legacy_imports/specifications_old/reference/mysql/emulation_specs_8_4/source_copies/extra/libcbor/libcbor-0.11.0/Bazel.md,21_V3_Dialect_Surface,regenerated,n/a
docs/specifications_old/reference/mysql/emulation_specs_8_4/source_copies/extra/libcbor/libcbor-0.11.0/CHANGELOG.md,docs/specifications/21_V3_Dialect_Surface/legacy_imports/specifications_old/reference/mysql/emulation_specs_8_4/source_copies/extra/libcbor/libcbor-0.11.0/CHANGELOG.md,21_V3_Dialect_Surface,regenerated,n/a
docs/specifications_old/reference/mysql/emulation_specs_8_4/source_copies/extra/libcbor/libcbor-0.11.0/CONTRIBUTING.md,docs/specifications/21_V3_Dialect_Surface/legacy_imports/specifications_old/reference/mysql/emulation_specs_8_4/source_copies/extra/libcbor/libcbor-0.11.0/CONTRIBUTING.md,21_V3_Dialect_Surface,regenerated,n/a
docs/specifications_old/reference/mysql/emulation_specs_8_4/source_copies/extra/libcbor/libcbor-0.11.0/test/CMakeLists.txt,docs/specifications/21_V3_Dialect_Surface/legacy_imports/specifications_old/reference/mysql/emulation_specs_8_4/source_copies/extra/libcbor/libcbor-0.11.0/test/CMakeLists.txt,21_V3_Dialect_Surface,regenerated,n/a
docs/specifications_old/reference/mysql/emulation_specs_8_4/source_copies/extra/libcbor/libcbor-0.11.0/src/CMakeLists.txt,docs/specifications/21_V3_Dialect_Surface/legacy_imports/specifications_old/reference/mysql/emulation_specs_8_4/source_copies/extra/libcbor/libcbor-0.11.0/src/CMakeLists.txt,21_V3_Dialect_Surface,regenerated,n/a
docs/specifications_old/reference/mysql/emulation_specs_8_4/source_copies/extra/libcbor/libcbor-0.11.0/.github/ISSUE_TEMPLATE/bug_report.md,docs/specifications/21_V3_Dialect_Surface/legacy_imports/specifications_old/reference/mysql/emulation_specs_8_4/source_copies/extra/libcbor/libcbor-0.11.0/.github/ISSUE_TEMPLATE/bug_report.md,21_V3_Dialect_Surface,regenerated,n/a
docs/specifications_old/reference/mysql/emulation_specs_8_4/source_copies/extra/libcno/libcno-208939f540957a35b337dacdd5c5e34d51821bd2/README.md,docs/specifications/21_V3_Dialect_Surface/legacy_imports/specifications_old/reference/mysql/emulation_specs_8_4/source_copies/extra/libcno/libcno-208939f540957a35b337dacdd5c5e34d51821bd2/README.md,21_V3_Dialect_Surface,regenerated,n/a
docs/specifications_old/reference/mysql/emulation_specs_8_4/source_copies/extra/libcno/libcno-208939f540957a35b337dacdd5c5e34d51821bd2/picohttpparser/README.md,docs/specifications/21_V3_Dialect_Surface/legacy_imports/specifications_old/reference/mysql/emulation_specs_8_4/source_copies/extra/libcno/libcno-208939f540957a35b337dacdd5c5e34d51821bd2/picohttpparser/README.md,21_V3_Dialect_Surface,regenerated,n/a
docs/specifications_old/reference/mysql/emulation_specs_8_4/source_copies/extra/zstd/zstd-1.5.7/CODE_OF_CONDUCT.md,docs/specifications/21_V3_Dialect_Surface/legacy_imports/specifications_old/reference/mysql/emulation_specs_8_4/source_copies/extra/zstd/zstd-1.5.7/CODE_OF_CONDUCT.md,21_V3_Dialect_Surface,regenerated,n/a
docs/specifications_old/reference/mysql/emulation_specs_8_4/source_copies/extra/zstd/zstd-1.5.7/lib/README.md,docs/specifications/21_V3_Dialect_Surface/legacy_imports/specifications_old/reference/mysql/emulation_specs_8_4/source_copies/extra/zstd/zstd-1.5.7/lib/README.md,21_V3_Dialect_Surface,regenerated,n/a
docs/specifications_old/reference/mysql/emulation_specs_8_4/source_copies/extra/zstd/zstd-1.5.7/lib/dll/example/README.md,docs/specifications/21_V3_Dialect_Surface/legacy_imports/specifications_old/reference/mysql/emulation_specs_8_4/source_copies/extra/zstd/zstd-1.5.7/lib/dll/example/README.md,21_V3_Dialect_Surface,regenerated,n/a
docs/specifications_old/reference/mysql/emulation_specs_8_4/source_copies/extra/protobuf/protobuf-24.4/CODE_OF_CONDUCT.md,docs/specifications/21_V3_Dialect_Surface/legacy_imports/specifications_old/reference/mysql/emulation_specs_8_4/source_copies/extra/protobuf/protobuf-24.4/CODE_OF_CONDUCT.md,21_V3_Dialect_Surface,regenerated,n/a
docs/specifications_old/reference/mysql/emulation_specs_8_4/source_copies/extra/protobuf/protobuf-24.4/README.md,docs/specifications/21_V3_Dialect_Surface/legacy_imports/specifications_old/reference/mysql/emulation_specs_8_4/source_copies/extra/protobuf/protobuf-24.4/README.md,21_V3_Dialect_Surface,regenerated,n/a
docs/specifications_old/reference/mysql/emulation_specs_8_4/source_copies/extra/protobuf/protobuf-24.4/CMakeLists.txt,docs/specifications/21_V3_Dialect_Surface/legacy_imports/specifications_old/reference/mysql/emulation_specs_8_4/source_copies/extra/protobuf/protobuf-24.4/CMakeLists.txt,21_V3_Dialect_Surface,regenerated,n/a
docs/specifications_old/reference/mysql/emulation_specs_8_4/source_copies/extra/protobuf/protobuf-24.4/CONTRIBUTORS.txt,docs/specifications/21_V3_Dialect_Surface/legacy_imports/specifications_old/reference/mysql/emulation_specs_8_4/source_copies/extra/protobuf/protobuf-24.4/CONTRIBUTORS.txt,21_V3_Dialect_Surface,regenerated,n/a
docs/specifications_old/reference/mysql/emulation_specs_8_4/source_copies/extra/protobuf/protobuf-24.4/CONTRIBUTING.md,docs/specifications/21_V3_Dialect_Surface/legacy_imports/specifications_old/reference/mysql/emulation_specs_8_4/source_copies/extra/protobuf/protobuf-24.4/CONTRIBUTING.md,21_V3_Dialect_Surface,regenerated,n/a
docs/specifications_old/reference/mysql/emulation_specs_8_4/source_copies/extra/protobuf/protobuf-24.4/editors/README.txt,docs/specifications/21_V3_Dialect_Surface/legacy_imports/specifications_old/reference/mysql/emulation_specs_8_4/source_copies/extra/protobuf/protobuf-24.4/editors/README.txt,21_V3_Dialect_Surface,regenerated,n/a
docs/specifications_old/reference/mysql/emulation_specs_8_4/source_copies/extra/protobuf/protobuf-24.4/python/README.md,docs/specifications/21_V3_Dialect_Surface/legacy_imports/specifications_old/reference/mysql/emulation_specs_8_4/source_copies/extra/protobuf/protobuf-24.4/python/README.md,21_V3_Dialect_Surface,regenerated,n/a
docs/specifications_old/reference/mysql/emulation_specs_8_4/source_copies/extra/protobuf/protobuf-24.4/conformance/failure_list_java.txt,docs/specifications/21_V3_Dialect_Surface/legacy_imports/specifications_old/reference/mysql/emulation_specs_8_4/source_copies/extra/protobuf/protobuf-24.4/conformance/failure_list_java.txt,21_V3_Dialect_Surface,regenerated,n/a
docs/specifications_old/reference/mysql/emulation_specs_8_4/source_copies/extra/protobuf/protobuf-24.4/conformance/failure_list_java_lite.txt,docs/specifications/21_V3_Dialect_Surface/legacy_imports/specifications_old/reference/mysql/emulation_specs_8_4/source_copies/extra/protobuf/protobuf-24.4/conformance/failure_list_java_lite.txt,21_V3_Dialect_Surface,regenerated,n/a
docs/specifications_old/reference/mysql/emulation_specs_8_4/source_copies/extra/protobuf/protobuf-24.4/conformance/failure_list_cpp.txt,docs/specifications/21_V3_Dialect_Surface/legacy_imports/specifications_old/reference/mysql/emulation_specs_8_4/source_copies/extra/protobuf/protobuf-24.4/conformance/failure_list_cpp.txt,21_V3_Dialect_Surface,regenerated,n/a
docs/specifications_old/reference/mysql/emulation_specs_8_4/source_copies/extra/protobuf/protobuf-24.4/conformance/text_format_failure_list_python_cpp.txt,docs/specifications/21_V3_Dialect_Surface/legacy_imports/specifications_old/reference/mysql/emulation_specs_8_4/source_copies/extra/protobuf/protobuf-24.4/conformance/text_format_failure_list_python_cpp.txt,21_V3_Dialect_Surface,regenerated,n/a
docs/specifications_old/reference/mysql/emulation_specs_8_4/source_copies/extra/protobuf/protobuf-24.4/conformance/README.md,docs/specifications/21_V3_Dialect_Surface/legacy_imports/specifications_old/reference/mysql/emulation_specs_8_4/source_copies/extra/protobuf/protobuf-24.4/conformance/README.md,21_V3_Dialect_Surface,regenerated,n/a
docs/specifications_old/reference/mysql/emulation_specs_8_4/source_copies/extra/protobuf/protobuf-24.4/conformance/failure_list_ruby.txt,docs/specifications/21_V3_Dialect_Surface/legacy_imports/specifications_old/reference/mysql/emulation_specs_8_4/source_copies/extra/protobuf/protobuf-24.4/conformance/failure_list_ruby.txt,21_V3_Dialect_Surface,regenerated,n/a
docs/specifications_old/reference/mysql/emulation_specs_8_4/source_copies/extra/protobuf/protobuf-24.4/conformance/text_format_failure_list_java.txt,docs/specifications/21_V3_Dialect_Surface/legacy_imports/specifications_old/reference/mysql/emulation_specs_8_4/source_copies/extra/protobuf/protobuf-24.4/conformance/text_format_failure_list_java.txt,21_V3_Dialect_Surface,regenerated,n/a
docs/specifications_old/reference/mysql/emulation_specs_8_4/source_copies/extra/protobuf/protobuf-24.4/conformance/failure_list_python-post26.txt,docs/specifications/21_V3_Dialect_Surface/legacy_imports/specifications_old/reference/mysql/emulation_specs_8_4/source_copies/extra/protobuf/protobuf-24.4/conformance/failure_list_python-post26.txt,21_V3_Dialect_Surface,regenerated,n/a
docs/specifications_old/reference/mysql/emulation_specs_8_4/source_copies/extra/protobuf/protobuf-24.4/conformance/failure_list_objc.txt,docs/specifications/21_V3_Dialect_Surface/legacy_imports/specifications_old/reference/mysql/emulation_specs_8_4/source_copies/extra/protobuf/protobuf-24.4/conformance/failure_list_objc.txt,21_V3_Dialect_Surface,regenerated,n/a
docs/specifications_old/reference/mysql/emulation_specs_8_4/source_copies/extra/protobuf/protobuf-24.4/conformance/text_format_failure_list_csharp.txt,docs/specifications/21_V3_Dialect_Surface/legacy_imports/specifications_old/reference/mysql/emulation_specs_8_4/source_copies/extra/protobuf/protobuf-24.4/conformance/text_format_failure_list_csharp.txt,21_V3_Dialect_Surface,regenerated,n/a
docs/specifications_old/reference/mysql/emulation_specs_8_4/source_copies/extra/protobuf/protobuf-24.4/conformance/failure_list_python_cpp.txt,docs/specifications/21_V3_Dialect_Surface/legacy_imports/specifications_old/reference/mysql/emulation_specs_8_4/source_copies/extra/protobuf/protobuf-24.4/conformance/failure_list_python_cpp.txt,21_V3_Dialect_Surface,regenerated,n/a
docs/specifications_old/reference/mysql/emulation_specs_8_4/source_copies/extra/protobuf/protobuf-24.4/conformance/text_format_failure_list_jruby.txt,docs/specifications/21_V3_Dialect_Surface/legacy_imports/specifications_old/reference/mysql/emulation_specs_8_4/source_copies/extra/protobuf/protobuf-24.4/conformance/text_format_failure_list_jruby.txt,21_V3_Dialect_Surface,regenerated,n/a
docs/specifications_old/reference/mysql/emulation_specs_8_4/source_copies/extra/protobuf/protobuf-24.4/conformance/text_format_failure_list_python.txt,docs/specifications/21_V3_Dialect_Surface/legacy_imports/specifications_old/reference/mysql/emulation_specs_8_4/source_copies/extra/protobuf/protobuf-24.4/conformance/text_format_failure_list_python.txt,21_V3_Dialect_Surface,regenerated,n/a
docs/specifications_old/reference/mysql/emulation_specs_8_4/source_copies/extra/protobuf/protobuf-24.4/conformance/failure_list_php_c.txt,docs/specifications/21_V3_Dialect_Surface/legacy_imports/specifications_old/reference/mysql/emulation_specs_8_4/source_copies/extra/protobuf/protobuf-24.4/conformance/failure_list_php_c.txt,21_V3_Dialect_Surface,regenerated,n/a
docs/specifications_old/reference/mysql/emulation_specs_8_4/source_copies/extra/protobuf/protobuf-24.4/conformance/text_format_failure_list_ruby.txt,docs/specifications/21_V3_Dialect_Surface/legacy_imports/specifications_old/reference/mysql/emulation_specs_8_4/source_copies/extra/protobuf/protobuf-24.4/conformance/text_format_failure_list_ruby.txt,21_V3_Dialect_Surface,regenerated,n/a
docs/specifications_old/reference/mysql/emulation_specs_8_4/source_copies/extra/protobuf/protobuf-24.4/conformance/text_format_failure_list_java_lite.txt,docs/specifications/21_V3_Dialect_Surface/legacy_imports/specifications_old/reference/mysql/emulation_specs_8_4/source_copies/extra/protobuf/protobuf-24.4/conformance/text_format_failure_list_java_lite.txt,21_V3_Dialect_Surface,regenerated,n/a
docs/specifications_old/reference/mysql/emulation_specs_8_4/source_copies/extra/protobuf/protobuf-24.4/conformance/failure_list_jruby.txt,docs/specifications/21_V3_Dialect_Surface/legacy_imports/specifications_old/reference/mysql/emulation_specs_8_4/source_copies/extra/protobuf/protobuf-24.4/conformance/failure_list_jruby.txt,21_V3_Dialect_Surface,regenerated,n/a
docs/specifications_old/reference/mysql/emulation_specs_8_4/source_copies/extra/protobuf/protobuf-24.4/conformance/failure_list_csharp.txt,docs/specifications/21_V3_Dialect_Surface/legacy_imports/specifications_old/reference/mysql/emulation_specs_8_4/source_copies/extra/protobuf/protobuf-24.4/conformance/failure_list_csharp.txt,21_V3_Dialect_Surface,regenerated,n/a
docs/specifications_old/reference/mysql/emulation_specs_8_4/source_copies/extra/protobuf/protobuf-24.4/conformance/text_format_failure_list_cpp.txt,docs/specifications/21_V3_Dialect_Surface/legacy_imports/specifications_old/reference/mysql/emulation_specs_8_4/source_copies/extra/protobuf/protobuf-24.4/conformance/text_format_failure_list_cpp.txt,21_V3_Dialect_Surface,regenerated,n/a
docs/specifications_old/reference/mysql/emulation_specs_8_4/source_copies/extra/protobuf/protobuf-24.4/conformance/failure_list_php.txt,docs/specifications/21_V3_Dialect_Surface/legacy_imports/specifications_old/reference/mysql/emulation_specs_8_4/source_copies/extra/protobuf/protobuf-24.4/conformance/failure_list_php.txt,21_V3_Dialect_Surface,regenerated,n/a
docs/specifications_old/reference/mysql/emulation_specs_8_4/source_copies/extra/protobuf/protobuf-24.4/conformance/text_format_failure_list_php.txt,docs/specifications/21_V3_Dialect_Surface/legacy_imports/specifications_old/reference/mysql/emulation_specs_8_4/source_copies/extra/protobuf/protobuf-24.4/conformance/text_format_failure_list_php.txt,21_V3_Dialect_Surface,regenerated,n/a
docs/specifications_old/reference/mysql/emulation_specs_8_4/source_copies/extra/protobuf/protobuf-24.4/conformance/failure_list_python.txt,docs/specifications/21_V3_Dialect_Surface/legacy_imports/specifications_old/reference/mysql/emulation_specs_8_4/source_copies/extra/protobuf/protobuf-24.4/conformance/failure_list_python.txt,21_V3_Dialect_Surface,regenerated,n/a
docs/specifications_old/reference/mysql/emulation_specs_8_4/source_copies/extra/protobuf/protobuf-24.4/csharp/README.md,docs/specifications/21_V3_Dialect_Surface/legacy_imports/specifications_old/reference/mysql/emulation_specs_8_4/source_copies/extra/protobuf/protobuf-24.4/csharp/README.md,21_V3_Dialect_Surface,regenerated,n/a
docs/specifications_old/reference/mysql/emulation_specs_8_4/source_copies/extra/protobuf/protobuf-24.4/csharp/CHANGES.txt,docs/specifications/21_V3_Dialect_Surface/legacy_imports/specifications_old/reference/mysql/emulation_specs_8_4/source_copies/extra/protobuf/protobuf-24.4/csharp/CHANGES.txt,21_V3_Dialect_Surface,regenerated,n/a
docs/specifications_old/reference/mysql/emulation_specs_8_4/source_copies/extra/protobuf/protobuf-24.4/php/README.md,docs/specifications/21_V3_Dialect_Surface/legacy_imports/specifications_old/reference/mysql/emulation_specs_8_4/source_copies/extra/protobuf/protobuf-24.4/php/README.md,21_V3_Dialect_Surface,regenerated,n/a
docs/specifications_old/reference/mysql/emulation_specs_8_4/source_copies/extra/protobuf/protobuf-24.4/php/REFCOUNTING.md,docs/specifications/21_V3_Dialect_Surface/legacy_imports/specifications_old/reference/mysql/emulation_specs_8_4/source_copies/extra/protobuf/protobuf-24.4/php/REFCOUNTING.md,21_V3_Dialect_Surface,regenerated,n/a
docs/specifications_old/reference/mysql/emulation_specs_8_4/source_copies/extra/protobuf/protobuf-24.4/java/README.md,docs/specifications/21_V3_Dialect_Surface/legacy_imports/specifications_old/reference/mysql/emulation_specs_8_4/source_copies/extra/protobuf/protobuf-24.4/java/README.md,21_V3_Dialect_Surface,regenerated,n/a
docs/specifications_old/reference/mysql/emulation_specs_8_4/source_copies/extra/protobuf/protobuf-24.4/java/lite.md,docs/specifications/21_V3_Dialect_Surface/legacy_imports/specifications_old/reference/mysql/emulation_specs_8_4/source_copies/extra/protobuf/protobuf-24.4/java/lite.md,21_V3_Dialect_Surface,regenerated,n/a
docs/specifications_old/reference/mysql/emulation_specs_8_4/source_copies/extra/protobuf/protobuf-24.4/cmake/README.md,docs/specifications/21_V3_Dialect_Surface/legacy_imports/specifications_old/reference/mysql/emulation_specs_8_4/source_copies/extra/protobuf/protobuf-24.4/cmake/README.md,21_V3_Dialect_Surface,regenerated,n/a
docs/specifications_old/reference/mysql/emulation_specs_8_4/source_copies/extra/protobuf/protobuf-24.4/ci/README.md,docs/specifications/21_V3_Dialect_Surface/legacy_imports/specifications_old/reference/mysql/emulation_specs_8_4/source_copies/extra/protobuf/protobuf-24.4/ci/README.md,21_V3_Dialect_Surface,regenerated,n/a
docs/specifications_old/reference/mysql/emulation_specs_8_4/source_copies/extra/protobuf/protobuf-24.4/src/README.md,docs/specifications/21_V3_Dialect_Surface/legacy_imports/specifications_old/reference/mysql/emulation_specs_8_4/source_copies/extra/protobuf/protobuf-24.4/src/README.md,21_V3_Dialect_Surface,regenerated,n/a
docs/specifications_old/reference/mysql/emulation_specs_8_4/source_copies/extra/protobuf/protobuf-24.4/pkg/README.md,docs/specifications/21_V3_Dialect_Surface/legacy_imports/specifications_old/reference/mysql/emulation_specs_8_4/source_copies/extra/protobuf/protobuf-24.4/pkg/README.md,21_V3_Dialect_Surface,regenerated,n/a
docs/specifications_old/reference/mysql/emulation_specs_8_4/source_copies/extra/protobuf/protobuf-24.4/.github/ISSUE_TEMPLATE/bug_report.md,docs/specifications/21_V3_Dialect_Surface/legacy_imports/specifications_old/reference/mysql/emulation_specs_8_4/source_copies/extra/protobuf/protobuf-24.4/.github/ISSUE_TEMPLATE/bug_report.md,21_V3_Dialect_Surface,regenerated,n/a
docs/specifications_old/reference/mysql/emulation_specs_8_4/source_copies/extra/protobuf/protobuf-24.4/.github/ISSUE_TEMPLATE/feature_request.md,docs/specifications/21_V3_Dialect_Surface/legacy_imports/specifications_old/reference/mysql/emulation_specs_8_4/source_copies/extra/protobuf/protobuf-24.4/.github/ISSUE_TEMPLATE/feature_request.md,21_V3_Dialect_Surface,regenerated,n/a
docs/specifications_old/reference/mysql/emulation_specs_8_4/source_copies/extra/protobuf/protobuf-24.4/.github/workflows/README.md,docs/specifications/21_V3_Dialect_Surface/legacy_imports/specifications_old/reference/mysql/emulation_specs_8_4/source_copies/extra/protobuf/protobuf-24.4/.github/workflows/README.md,21_V3_Dialect_Surface,regenerated,n/a
docs/specifications_old/reference/mysql/emulation_specs_8_4/source_copies/extra/protobuf/protobuf-24.4/python/docs/requirements.txt,docs/specifications/21_V3_Dialect_Surface/legacy_imports/specifications_old/reference/mysql/emulation_specs_8_4/source_copies/extra/protobuf/protobuf-24.4/python/docs/requirements.txt,21_V3_Dialect_Surface,regenerated,n/a
docs/specifications_old/reference/mysql/emulation_specs_8_4/source_copies/extra/protobuf/protobuf-24.4/python/protobuf_distutils/README.md,docs/specifications/21_V3_Dialect_Surface/legacy_imports/specifications_old/reference/mysql/emulation_specs_8_4/source_copies/extra/protobuf/protobuf-24.4/python/protobuf_distutils/README.md,21_V3_Dialect_Surface,regenerated,n/a
docs/specifications_old/reference/mysql/emulation_specs_8_4/source_copies/extra/protobuf/protobuf-24.4/python/docs/google/protobuf.rst,docs/specifications/21_V3_Dialect_Surface/legacy_imports/specifications_old/reference/mysql/emulation_specs_8_4/source_copies/extra/protobuf/protobuf-24.4/python/docs/google/protobuf.rst,21_V3_Dialect_Surface,regenerated,n/a
docs/specifications_old/reference/mysql/emulation_specs_8_4/source_copies/extra/protobuf/protobuf-24.4/python/docs/google/protobuf/field_mask_pb2.rst,docs/specifications/21_V3_Dialect_Surface/legacy_imports/specifications_old/reference/mysql/emulation_specs_8_4/source_copies/extra/protobuf/protobuf-24.4/python/docs/google/protobuf/field_mask_pb2.rst,21_V3_Dialect_Surface,regenerated,n/a
docs/specifications_old/reference/mysql/emulation_specs_8_4/source_copies/extra/protobuf/protobuf-24.4/python/docs/google/protobuf/descriptor_pool.rst,docs/specifications/21_V3_Dialect_Surface/legacy_imports/specifications_old/reference/mysql/emulation_specs_8_4/source_copies/extra/protobuf/protobuf-24.4/python/docs/google/protobuf/descriptor_pool.rst,21_V3_Dialect_Surface,regenerated,n/a
docs/specifications_old/reference/mysql/emulation_specs_8_4/source_copies/extra/protobuf/protobuf-24.4/python/docs/google/protobuf/descriptor_pb2.rst,docs/specifications/21_V3_Dialect_Surface/legacy_imports/specifications_old/reference/mysql/emulation_specs_8_4/source_copies/extra/protobuf/protobuf-24.4/python/docs/google/protobuf/descriptor_pb2.rst,21_V3_Dialect_Surface,regenerated,n/a
docs/specifications_old/reference/mysql/emulation_specs_8_4/source_copies/extra/protobuf/protobuf-24.4/python/docs/google/protobuf/service_reflection.rst,docs/specifications/21_V3_Dialect_Surface/legacy_imports/specifications_old/reference/mysql/emulation_specs_8_4/source_copies/extra/protobuf/protobuf-24.4/python/docs/google/protobuf/service_reflection.rst,21_V3_Dialect_Surface,regenerated,n/a
docs/specifications_old/reference/mysql/emulation_specs_8_4/source_copies/extra/protobuf/protobuf-24.4/python/docs/google/protobuf/text_encoding.rst,docs/specifications/21_V3_Dialect_Surface/legacy_imports/specifications_old/reference/mysql/emulation_specs_8_4/source_copies/extra/protobuf/protobuf-24.4/python/docs/google/protobuf/text_encoding.rst,21_V3_Dialect_Surface,regenerated,n/a
docs/specifications_old/reference/mysql/emulation_specs_8_4/source_copies/extra/protobuf/protobuf-24.4/python/docs/google/protobuf/timestamp_pb2.rst,docs/specifications/21_V3_Dialect_Surface/legacy_imports/specifications_old/reference/mysql/emulation_specs_8_4/source_copies/extra/protobuf/protobuf-24.4/python/docs/google/protobuf/timestamp_pb2.rst,21_V3_Dialect_Surface,regenerated,n/a
docs/specifications_old/reference/mysql/emulation_specs_8_4/source_copies/extra/protobuf/protobuf-24.4/python/docs/google/protobuf/symbol_database.rst,docs/specifications/21_V3_Dialect_Surface/legacy_imports/specifications_old/reference/mysql/emulation_specs_8_4/source_copies/extra/protobuf/protobuf-24.4/python/docs/google/protobuf/symbol_database.rst,21_V3_Dialect_Surface,regenerated,n/a
docs/specifications_old/reference/mysql/emulation_specs_8_4/source_copies/extra/protobuf/protobuf-24.4/python/docs/google/protobuf/wrappers_pb2.rst,docs/specifications/21_V3_Dialect_Surface/legacy_imports/specifications_old/reference/mysql/emulation_specs_8_4/source_copies/extra/protobuf/protobuf-24.4/python/docs/google/protobuf/wrappers_pb2.rst,21_V3_Dialect_Surface,regenerated,n/a
docs/specifications_old/reference/mysql/emulation_specs_8_4/source_copies/extra/protobuf/protobuf-24.4/python/docs/google/protobuf/message_factory.rst,docs/specifications/21_V3_Dialect_Surface/legacy_imports/specifications_old/reference/mysql/emulation_specs_8_4/source_copies/extra/protobuf/protobuf-24.4/python/docs/google/protobuf/message_factory.rst,21_V3_Dialect_Surface,regenerated,n/a
docs/specifications_old/reference/mysql/emulation_specs_8_4/source_copies/extra/protobuf/protobuf-24.4/python/docs/google/protobuf/json_format.rst,docs/specifications/21_V3_Dialect_Surface/legacy_imports/specifications_old/reference/mysql/emulation_specs_8_4/source_copies/extra/protobuf/protobuf-24.4/python/docs/google/protobuf/json_format.rst,21_V3_Dialect_Surface,regenerated,n/a
docs/specifications_old/reference/mysql/emulation_specs_8_4/source_copies/extra/protobuf/protobuf-24.4/python/docs/google/protobuf/unknown_fields.rst,docs/specifications/21_V3_Dialect_Surface/legacy_imports/specifications_old/reference/mysql/emulation_specs_8_4/source_copies/extra/protobuf/protobuf-24.4/python/docs/google/protobuf/unknown_fields.rst,21_V3_Dialect_Surface,regenerated,n/a
docs/specifications_old/reference/mysql/emulation_specs_8_4/source_copies/extra/protobuf/protobuf-24.4/python/docs/google/protobuf/any_pb2.rst,docs/specifications/21_V3_Dialect_Surface/legacy_imports/specifications_old/reference/mysql/emulation_specs_8_4/source_copies/extra/protobuf/protobuf-24.4/python/docs/google/protobuf/any_pb2.rst,21_V3_Dialect_Surface,regenerated,n/a
docs/specifications_old/reference/mysql/emulation_specs_8_4/source_copies/extra/protobuf/protobuf-24.4/python/docs/google/protobuf/struct_pb2.rst,docs/specifications/21_V3_Dialect_Surface/legacy_imports/specifications_old/reference/mysql/emulation_specs_8_4/source_copies/extra/protobuf/protobuf-24.4/python/docs/google/protobuf/struct_pb2.rst,21_V3_Dialect_Surface,regenerated,n/a
docs/specifications_old/reference/mysql/emulation_specs_8_4/source_copies/extra/protobuf/protobuf-24.4/python/docs/google/protobuf/proto_builder.rst,docs/specifications/21_V3_Dialect_Surface/legacy_imports/specifications_old/reference/mysql/emulation_specs_8_4/source_copies/extra/protobuf/protobuf-24.4/python/docs/google/protobuf/proto_builder.rst,21_V3_Dialect_Surface,regenerated,n/a
docs/specifications_old/reference/mysql/emulation_specs_8_4/source_copies/extra/protobuf/protobuf-24.4/python/docs/google/protobuf/reflection.rst,docs/specifications/21_V3_Dialect_Surface/legacy_imports/specifications_old/reference/mysql/emulation_specs_8_4/source_copies/extra/protobuf/protobuf-24.4/python/docs/google/protobuf/reflection.rst,21_V3_Dialect_Surface,regenerated,n/a
docs/specifications_old/reference/mysql/emulation_specs_8_4/source_copies/extra/protobuf/protobuf-24.4/python/docs/google/protobuf/service.rst,docs/specifications/21_V3_Dialect_Surface/legacy_imports/specifications_old/reference/mysql/emulation_specs_8_4/source_copies/extra/protobuf/protobuf-24.4/python/docs/google/protobuf/service.rst,21_V3_Dialect_Surface,regenerated,n/a
docs/specifications_old/reference/mysql/emulation_specs_8_4/source_copies/extra/protobuf/protobuf-24.4/python/docs/google/protobuf/text_format.rst,docs/specifications/21_V3_Dialect_Surface/legacy_imports/specifications_old/reference/mysql/emulation_specs_8_4/source_copies/extra/protobuf/protobuf-24.4/python/docs/google/protobuf/text_format.rst,21_V3_Dialect_Surface,regenerated,n/a
docs/specifications_old/reference/mysql/emulation_specs_8_4/source_copies/extra/protobuf/protobuf-24.4/python/docs/google/protobuf/duration_pb2.rst,docs/specifications/21_V3_Dialect_Surface/legacy_imports/specifications_old/reference/mysql/emulation_specs_8_4/source_copies/extra/protobuf/protobuf-24.4/python/docs/google/protobuf/duration_pb2.rst,21_V3_Dialect_Surface,regenerated,n/a
docs/specifications_old/reference/mysql/emulation_specs_8_4/source_copies/extra/protobuf/protobuf-24.4/python/docs/google/protobuf/descriptor.rst,docs/specifications/21_V3_Dialect_Surface/legacy_imports/specifications_old/reference/mysql/emulation_specs_8_4/source_copies/extra/protobuf/protobuf-24.4/python/docs/google/protobuf/descriptor.rst,21_V3_Dialect_Surface,regenerated,n/a
docs/specifications_old/reference/mysql/emulation_specs_8_4/source_copies/extra/protobuf/protobuf-24.4/python/docs/google/protobuf/empty_pb2.rst,docs/specifications/21_V3_Dialect_Surface/legacy_imports/specifications_old/reference/mysql/emulation_specs_8_4/source_copies/extra/protobuf/protobuf-24.4/python/docs/google/protobuf/empty_pb2.rst,21_V3_Dialect_Surface,regenerated,n/a
docs/specifications_old/reference/mysql/emulation_specs_8_4/source_copies/extra/protobuf/protobuf-24.4/python/docs/google/protobuf/message.rst,docs/specifications/21_V3_Dialect_Surface/legacy_imports/specifications_old/reference/mysql/emulation_specs_8_4/source_copies/extra/protobuf/protobuf-24.4/python/docs/google/protobuf/message.rst,21_V3_Dialect_Surface,regenerated,n/a
docs/specifications_old/reference/mysql/emulation_specs_8_4/source_copies/extra/protobuf/protobuf-24.4/python/docs/google/protobuf/descriptor_database.rst,docs/specifications/21_V3_Dialect_Surface/legacy_imports/specifications_old/reference/mysql/emulation_specs_8_4/source_copies/extra/protobuf/protobuf-24.4/python/docs/google/protobuf/descriptor_database.rst,21_V3_Dialect_Surface,regenerated,n/a
docs/specifications_old/reference/mysql/emulation_specs_8_4/source_copies/extra/protobuf/protobuf-24.4/python/docs/google/protobuf/internal/containers.rst,docs/specifications/21_V3_Dialect_Surface/legacy_imports/specifications_old/reference/mysql/emulation_specs_8_4/source_copies/extra/protobuf/protobuf-24.4/python/docs/google/protobuf/internal/containers.rst,21_V3_Dialect_Surface,regenerated,n/a
docs/specifications_old/reference/mysql/emulation_specs_8_4/source_copies/extra/protobuf/protobuf-24.4/csharp/protos/README.md,docs/specifications/21_V3_Dialect_Surface/legacy_imports/specifications_old/reference/mysql/emulation_specs_8_4/source_copies/extra/protobuf/protobuf-24.4/csharp/protos/README.md,21_V3_Dialect_Surface,regenerated,n/a
docs/specifications_old/reference/mysql/emulation_specs_8_4/source_copies/extra/protobuf/protobuf-24.4/csharp/keys/README.md,docs/specifications/21_V3_Dialect_Surface/legacy_imports/specifications_old/reference/mysql/emulation_specs_8_4/source_copies/extra/protobuf/protobuf-24.4/csharp/keys/README.md,21_V3_Dialect_Surface,regenerated,n/a
docs/specifications_old/reference/mysql/emulation_specs_8_4/source_copies/extra/protobuf/protobuf-24.4/java/protoc/README.md,docs/specifications/21_V3_Dialect_Surface/legacy_imports/specifications_old/reference/mysql/emulation_specs_8_4/source_copies/extra/protobuf/protobuf-24.4/java/protoc/README.md,21_V3_Dialect_Surface,regenerated,n/a
docs/specifications_old/reference/mysql/emulation_specs_8_4/source_copies/extra/protobuf/protobuf-24.4/src/google/protobuf/testdata/text_format_unittest_extensions_data.txt,docs/specifications/21_V3_Dialect_Surface/legacy_imports/specifications_old/reference/mysql/emulation_specs_8_4/source_copies/extra/protobuf/protobuf-24.4/src/google/protobuf/testdata/text_format_unittest_extensions_data.txt,21_V3_Dialect_Surface,regenerated,n/a
docs/specifications_old/reference/mysql/emulation_specs_8_4/source_copies/extra/protobuf/protobuf-24.4/src/google/protobuf/testdata/text_format_unittest_data_pointy_oneof.txt,docs/specifications/21_V3_Dialect_Surface/legacy_imports/specifications_old/reference/mysql/emulation_specs_8_4/source_copies/extra/protobuf/protobuf-24.4/src/google/protobuf/testdata/text_format_unittest_data_pointy_oneof.txt,21_V3_Dialect_Surface,regenerated,n/a
docs/specifications_old/reference/mysql/emulation_specs_8_4/source_copies/extra/protobuf/protobuf-24.4/src/google/protobuf/testdata/text_format_unittest_data_pointy.txt,docs/specifications/21_V3_Dialect_Surface/legacy_imports/specifications_old/reference/mysql/emulation_specs_8_4/source_copies/extra/protobuf/protobuf-24.4/src/google/protobuf/testdata/text_format_unittest_data_pointy.txt,21_V3_Dialect_Surface,regenerated,n/a
docs/specifications_old/reference/mysql/emulation_specs_8_4/source_copies/extra/protobuf/protobuf-24.4/src/google/protobuf/testdata/text_format_unittest_data.txt,docs/specifications/21_V3_Dialect_Surface/legacy_imports/specifications_old/reference/mysql/emulation_specs_8_4/source_copies/extra/protobuf/protobuf-24.4/src/google/protobuf/testdata/text_format_unittest_data.txt,21_V3_Dialect_Surface,regenerated,n/a
docs/specifications_old/reference/mysql/emulation_specs_8_4/source_copies/extra/protobuf/protobuf-24.4/src/google/protobuf/testdata/text_format_unittest_data_oneof_implemented.txt,docs/specifications/21_V3_Dialect_Surface/legacy_imports/specifications_old/reference/mysql/emulation_specs_8_4/source_copies/extra/protobuf/protobuf-24.4/src/google/protobuf/testdata/text_format_unittest_data_oneof_implemented.txt,21_V3_Dialect_Surface,regenerated,n/a
docs/specifications_old/reference/mysql/emulation_specs_8_4/source_copies/extra/protobuf/protobuf-24.4/src/google/protobuf/testdata/text_format_unittest_extensions_data_pointy.txt,docs/specifications/21_V3_Dialect_Surface/legacy_imports/specifications_old/reference/mysql/emulation_specs_8_4/source_copies/extra/protobuf/protobuf-24.4/src/google/protobuf/testdata/text_format_unittest_extensions_data_pointy.txt,21_V3_Dialect_Surface,regenerated,n/a
docs/specifications_old/reference/mysql/emulation_specs_8_4/source_copies/extra/protobuf/protobuf-24.4/src/google/protobuf/testdata/map_test_data.txt,docs/specifications/21_V3_Dialect_Surface/legacy_imports/specifications_old/reference/mysql/emulation_specs_8_4/source_copies/extra/protobuf/protobuf-24.4/src/google/protobuf/testdata/map_test_data.txt,21_V3_Dialect_Surface,regenerated,n/a
docs/specifications_old/reference/mysql/emulation_specs_8_4/source_copies/extra/protobuf/protobuf-24.4/src/google/protobuf/editions/golden/compare_codegen_success.txt,docs/specifications/21_V3_Dialect_Surface/legacy_imports/specifications_old/reference/mysql/emulation_specs_8_4/source_copies/extra/protobuf/protobuf-24.4/src/google/protobuf/editions/golden/compare_codegen_success.txt,21_V3_Dialect_Surface,regenerated,n/a
docs/specifications_old/reference/mysql/emulation_specs_8_4/source_copies/extra/protobuf/protobuf-24.4/src/google/protobuf/editions/golden/compare_codegen_multiple.txt,docs/specifications/21_V3_Dialect_Surface/legacy_imports/specifications_old/reference/mysql/emulation_specs_8_4/source_copies/extra/protobuf/protobuf-24.4/src/google/protobuf/editions/golden/compare_codegen_multiple.txt,21_V3_Dialect_Surface,regenerated,n/a
docs/specifications_old/reference/mysql/emulation_specs_8_4/source_copies/extra/protobuf/protobuf-24.4/src/google/protobuf/editions/golden/compare_codegen_failure.txt,docs/specifications/21_V3_Dialect_Surface/legacy_imports/specifications_old/reference/mysql/emulation_specs_8_4/source_copies/extra/protobuf/protobuf-24.4/src/google/protobuf/editions/golden/compare_codegen_failure.txt,21_V3_Dialect_Surface,regenerated,n/a
docs/specifications_old/reference/mysql/emulation_specs_8_4/source_copies/extra/googletest/googletest-1.17.0/googlemock/README.md,docs/specifications/21_V3_Dialect_Surface/legacy_imports/specifications_old/reference/mysql/emulation_specs_8_4/source_copies/extra/googletest/googletest-1.17.0/googlemock/README.md,21_V3_Dialect_Surface,regenerated,n/a
docs/specifications_old/reference/mysql/emulation_specs_8_4/source_copies/extra/googletest/googletest-1.17.0/googlemock/CMakeLists.txt,docs/specifications/21_V3_Dialect_Surface/legacy_imports/specifications_old/reference/mysql/emulation_specs_8_4/source_copies/extra/googletest/googletest-1.17.0/googlemock/CMakeLists.txt,21_V3_Dialect_Surface,regenerated,n/a
docs/specifications_old/reference/mysql/emulation_specs_8_4/source_copies/extra/googletest/googletest-1.17.0/googletest/README.md,docs/specifications/21_V3_Dialect_Surface/legacy_imports/specifications_old/reference/mysql/emulation_specs_8_4/source_copies/extra/googletest/googletest-1.17.0/googletest/README.md,21_V3_Dialect_Surface,regenerated,n/a
docs/specifications_old/reference/mysql/emulation_specs_8_4/source_copies/extra/googletest/googletest-1.17.0/googletest/CMakeLists.txt,docs/specifications/21_V3_Dialect_Surface/legacy_imports/specifications_old/reference/mysql/emulation_specs_8_4/source_copies/extra/googletest/googletest-1.17.0/googletest/CMakeLists.txt,21_V3_Dialect_Surface,regenerated,n/a
docs/specifications_old/reference/mysql/emulation_specs_8_4/source_copies/extra/googletest/googletest-1.17.0/googlemock/docs/README.md,docs/specifications/21_V3_Dialect_Surface/legacy_imports/specifications_old/reference/mysql/emulation_specs_8_4/source_copies/extra/googletest/googletest-1.17.0/googlemock/docs/README.md,21_V3_Dialect_Surface,regenerated,n/a
docs/specifications_old/reference/mysql/emulation_specs_8_4/source_copies/extra/googletest/googletest-1.17.0/googlemock/include/gmock/internal/custom/README.md,docs/specifications/21_V3_Dialect_Surface/legacy_imports/specifications_old/reference/mysql/emulation_specs_8_4/source_copies/extra/googletest/googletest-1.17.0/googlemock/include/gmock/internal/custom/README.md,21_V3_Dialect_Surface,regenerated,n/a
docs/specifications_old/reference/mysql/emulation_specs_8_4/source_copies/extra/googletest/googletest-1.17.0/googletest/docs/README.md,docs/specifications/21_V3_Dialect_Surface/legacy_imports/specifications_old/reference/mysql/emulation_specs_8_4/source_copies/extra/googletest/googletest-1.17.0/googletest/docs/README.md,21_V3_Dialect_Surface,regenerated,n/a
docs/specifications_old/reference/mysql/emulation_specs_8_4/source_copies/extra/googletest/googletest-1.17.0/googletest/include/gtest/internal/custom/README.md,docs/specifications/21_V3_Dialect_Surface/legacy_imports/specifications_old/reference/mysql/emulation_specs_8_4/source_copies/extra/googletest/googletest-1.17.0/googletest/include/gtest/internal/custom/README.md,21_V3_Dialect_Surface,regenerated,n/a
docs/specifications_old/reference/mysql/emulation_specs_8_4/source_copies/extra/boost/boost_1_87_0/boost/safe_numerics/CMakeLists.txt,docs/specifications/21_V3_Dialect_Surface/legacy_imports/specifications_old/reference/mysql/emulation_specs_8_4/source_copies/extra/boost/boost_1_87_0/boost/safe_numerics/CMakeLists.txt,21_V3_Dialect_Surface,regenerated,n/a
docs/specifications_old/reference/mysql/emulation_specs_8_4/source_copies/extra/boost/boost_1_87_0/boost/safe_numerics/concept/CMakeLists.txt,docs/specifications/21_V3_Dialect_Surface/legacy_imports/specifications_old/reference/mysql/emulation_specs_8_4/source_copies/extra/boost/boost_1_87_0/boost/safe_numerics/concept/CMakeLists.txt,21_V3_Dialect_Surface,regenerated,n/a
docs/specifications_old/reference/mysql/emulation_specs_8_4/source_copies/extra/libedit/libedit-20240808-3.1/src/CMakeLists.txt,docs/specifications/21_V3_Dialect_Surface/legacy_imports/specifications_old/reference/mysql/emulation_specs_8_4/source_copies/extra/libedit/libedit-20240808-3.1/src/CMakeLists.txt,21_V3_Dialect_Surface,regenerated,n/a
docs/specifications_old/reference/mysql/emulation_specs_8_4/source_copies/extra/zlib/zlib-1.3.1/zlib.3.pdf,docs/specifications/21_V3_Dialect_Surface/legacy_imports/specifications_old/reference/mysql/emulation_specs_8_4/source_copies/extra/zlib/zlib-1.3.1/zlib.3.pdf,21_V3_Dialect_Surface,regenerated,n/a
docs/specifications_old/reference/mysql/emulation_specs_8_4/source_copies/extra/zlib/zlib-1.3.1/CMakeLists.txt,docs/specifications/21_V3_Dialect_Surface/legacy_imports/specifications_old/reference/mysql/emulation_specs_8_4/source_copies/extra/zlib/zlib-1.3.1/CMakeLists.txt,21_V3_Dialect_Surface,regenerated,n/a
docs/specifications_old/reference/mysql/emulation_specs_8_4/source_copies/extra/zlib/zlib-1.3.1/old/visual-basic.txt,docs/specifications/21_V3_Dialect_Surface/legacy_imports/specifications_old/reference/mysql/emulation_specs_8_4/source_copies/extra/zlib/zlib-1.3.1/old/visual-basic.txt,21_V3_Dialect_Surface,regenerated,n/a
docs/specifications_old/reference/mysql/emulation_specs_8_4/source_copies/extra/zlib/zlib-1.3.1/win32/VisualC.txt,docs/specifications/21_V3_Dialect_Surface/legacy_imports/specifications_old/reference/mysql/emulation_specs_8_4/source_copies/extra/zlib/zlib-1.3.1/win32/VisualC.txt,21_V3_Dialect_Surface,regenerated,n/a
docs/specifications_old/reference/mysql/emulation_specs_8_4/source_copies/extra/zlib/zlib-1.3.1/win32/README-WIN32.txt,docs/specifications/21_V3_Dialect_Surface/legacy_imports/specifications_old/reference/mysql/emulation_specs_8_4/source_copies/extra/zlib/zlib-1.3.1/win32/README-WIN32.txt,21_V3_Dialect_Surface,regenerated,n/a
docs/specifications_old/reference/mysql/emulation_specs_8_4/source_copies/extra/zlib/zlib-1.3.1/win32/DLL_FAQ.txt,docs/specifications/21_V3_Dialect_Surface/legacy_imports/specifications_old/reference/mysql/emulation_specs_8_4/source_copies/extra/zlib/zlib-1.3.1/win32/DLL_FAQ.txt,21_V3_Dialect_Surface,regenerated,n/a
docs/specifications_old/reference/mysql/emulation_specs_8_4/source_copies/libmysql/fido_client/CMakeLists.txt,docs/specifications/21_V3_Dialect_Surface/legacy_imports/specifications_old/reference/mysql/emulation_specs_8_4/source_copies/libmysql/fido_client/CMakeLists.txt,21_V3_Dialect_Surface,regenerated,n/a
docs/specifications_old/reference/mysql/emulation_specs_8_4/source_copies/libmysql/fido_client/common/CMakeLists.txt,docs/specifications/21_V3_Dialect_Surface/legacy_imports/specifications_old/reference/mysql/emulation_specs_8_4/source_copies/libmysql/fido_client/common/CMakeLists.txt,21_V3_Dialect_Surface,regenerated,n/a
docs/specifications_old/reference/mysql/emulation_specs_8_4/source_copies/sql/server_component/CMakeLists.txt,docs/specifications/21_V3_Dialect_Surface/legacy_imports/specifications_old/reference/mysql/emulation_specs_8_4/source_copies/sql/server_component/CMakeLists.txt,21_V3_Dialect_Surface,regenerated,n/a
docs/specifications_old/reference/mysql/emulation_specs_8_4/source_copies/sql/examples/CMakeLists.txt,docs/specifications/21_V3_Dialect_Surface/legacy_imports/specifications_old/reference/mysql/emulation_specs_8_4/source_copies/sql/examples/CMakeLists.txt,21_V3_Dialect_Surface,regenerated,n/a
docs/specifications_old/reference/mysql/emulation_specs_8_4/source_copies/sql/protobuf/CMakeLists.txt,docs/specifications/21_V3_Dialect_Surface/legacy_imports/specifications_old/reference/mysql/emulation_specs_8_4/source_copies/sql/protobuf/CMakeLists.txt,21_V3_Dialect_Surface,regenerated,n/a
docs/specifications_old/reference/mysql/emulation_specs_8_4/source_copies/sql/lib_glue/readme.md,docs/specifications/21_V3_Dialect_Surface/legacy_imports/specifications_old/reference/mysql/emulation_specs_8_4/source_copies/sql/lib_glue/readme.md,21_V3_Dialect_Surface,regenerated,n/a
docs/specifications_old/reference/firebird/emulation_specs_5/10_sql_language.md,docs/specifications/21_V3_Dialect_Surface/legacy_imports/specifications_old/reference/firebird/emulation_specs_5/10_sql_language.md,21_V3_Dialect_Surface,regenerated,n/a
docs/specifications_old/reference/firebird/firebird_docs_split/02_SQL_Language_Structure.md,docs/specifications/21_V3_Dialect_Surface/legacy_imports/specifications_old/reference/firebird/firebird_docs_split/02_SQL_Language_Structure.md,21_V3_Dialect_Surface,regenerated,n/a
docs/specifications_old/reference/firebird/firebird_docs_split/04_Common_Language_Elements.md,docs/specifications/21_V3_Dialect_Surface/legacy_imports/specifications_old/reference/firebird/firebird_docs_split/04_Common_Language_Elements.md,21_V3_Dialect_Surface,regenerated,n/a
docs/specifications_old/reference/firebird/firebird_docs_split/07_PSQL_Statements.md,docs/specifications/21_V3_Dialect_Surface/legacy_imports/specifications_old/reference/firebird/firebird_docs_split/07_PSQL_Statements.md,21_V3_Dialect_Surface,regenerated,n/a
docs/specifications_old/compression/COMPRESSION_FRAMEWORK.md,docs/specifications/05_Page_Taxonomy_and_Binary_Layouts/legacy_imports/specifications_old/compression/COMPRESSION_FRAMEWORK.md,05_Page_Taxonomy_and_Binary_Layouts,regenerated,n/a
docs/specifications_old/compression/README.md,docs/specifications/05_Page_Taxonomy_and_Binary_Layouts/legacy_imports/specifications_old/compression/README.md,05_Page_Taxonomy_and_Binary_Layouts,regenerated,n/a
docs/specifications_old/storage/ON_DISK_FORMAT.md,docs/specifications/05_Page_Taxonomy_and_Binary_Layouts/legacy_imports/specifications_old/storage/ON_DISK_FORMAT.md,05_Page_Taxonomy_and_Binary_Layouts,regenerated,n/a
docs/specifications_old/parser/v3/storage/PAGE_TYPES_AND_LAYOUTS.md,docs/specifications/05_Page_Taxonomy_and_Binary_Layouts/legacy_imports/specifications_old/parser/v3/storage/PAGE_TYPES_AND_LAYOUTS.md,05_Page_Taxonomy_and_Binary_Layouts,regenerated,n/a
docs/specifications_old/parser/v3/storage/ON_DISK_FORMAT.md,docs/specifications/05_Page_Taxonomy_and_Binary_Layouts/legacy_imports/specifications_old/parser/v3/storage/ON_DISK_FORMAT.md,05_Page_Taxonomy_and_Binary_Layouts,regenerated,n/a
docs/specifications_old/reference/postgresql/emulation_specs_18_1/doc/src/sgml/images/pagelayout.txt,docs/specifications/05_Page_Taxonomy_and_Binary_Layouts/legacy_imports/specifications_old/reference/postgresql/emulation_specs_18_1/doc/src/sgml/images/pagelayout.txt,05_Page_Taxonomy_and_Binary_Layouts,regenerated,n/a
docs/specifications_old/ddl/CASCADE_DROP_SPECIFICATION.md,docs/specifications/09_Lock_Manager_Core/legacy_imports/specifications_old/ddl/CASCADE_DROP_SPECIFICATION.md,09_Lock_Manager_Core,regenerated,n/a
docs/specifications_old/ddl/DDL_EXCEPTIONS.md,docs/specifications/09_Lock_Manager_Core/legacy_imports/specifications_old/ddl/DDL_EXCEPTIONS.md,09_Lock_Manager_Core,regenerated,n/a
docs/specifications_old/transaction/TRANSACTION_LOCK_MANAGER.md,docs/specifications/09_Lock_Manager_Core/legacy_imports/specifications_old/transaction/TRANSACTION_LOCK_MANAGER.md,09_Lock_Manager_Core,regenerated,n/a
docs/specifications_old/operations/README.md,docs/specifications/09_Lock_Manager_Core/legacy_imports/specifications_old/operations/README.md,09_Lock_Manager_Core,regenerated,n/a
docs/specifications_old/Alpha Phase 2/Discussion_Notes.md,docs/specifications/09_Lock_Manager_Core/legacy_imports/specifications_old/Alpha Phase 2/Discussion_Notes.md,09_Lock_Manager_Core,regenerated,n/a
docs/specifications_old/Alpha Phase 2/08-Deployment-Guide.md,docs/specifications/09_Lock_Manager_Core/legacy_imports/specifications_old/Alpha Phase 2/08-Deployment-Guide.md,09_Lock_Manager_Core,regenerated,n/a
docs/specifications_old/beta_requirements/replication/uuidv7-optimized/01_UUIDV8_HLC_ARCHITECTURE.md,docs/specifications/09_Lock_Manager_Core/legacy_imports/specifications_old/beta_requirements/replication/uuidv7-optimized/01_UUIDV8_HLC_ARCHITECTURE.md,09_Lock_Manager_Core,regenerated,n/a
docs/specifications_old/parser/v3/transaction/TRANSACTION_LOCK_MANAGER.md,docs/specifications/09_Lock_Manager_Core/legacy_imports/specifications_old/parser/v3/transaction/TRANSACTION_LOCK_MANAGER.md,09_Lock_Manager_Core,regenerated,n/a
docs/specifications_old/reference/firebird/FirebirdReferenceDocument.md,docs/specifications/09_Lock_Manager_Core/legacy_imports/specifications_old/reference/firebird/FirebirdReferenceDocument.md,09_Lock_Manager_Core,regenerated,n/a
docs/specifications_old/reference/firebird/emulation_specs_5/appendix_parameter_blocks.md,docs/specifications/09_Lock_Manager_Core/legacy_imports/specifications_old/reference/firebird/emulation_specs_5/appendix_parameter_blocks.md,09_Lock_Manager_Core,regenerated,n/a
docs/specifications_old/reference/firebird/emulation_specs_5/90_test_vectors.md,docs/specifications/09_Lock_Manager_Core/legacy_imports/specifications_old/reference/firebird/emulation_specs_5/90_test_vectors.md,09_Lock_Manager_Core,regenerated,n/a
docs/specifications_old/reference/firebird/emulation_specs_5/appendix_catalog_bootstrap.md,docs/specifications/06_Fixed_Bootstrap_Page_Map/legacy_imports/specifications_old/reference/firebird/emulation_specs_5/appendix_catalog_bootstrap.md,06_Fixed_Bootstrap_Page_Map,regenerated,n/a
docs/specifications_old/PARSER_REMAPPING_AND_IMPLEMENTATION_STRATEGY.md,docs/specifications/28_Parser_Implementations/legacy_imports/specifications_old/PARSER_REMAPPING_AND_IMPLEMENTATION_STRATEGY.md,28_Parser_Implementations,regenerated,n/a
docs/specifications_old/V2_PARSER_FIREBIRD_ALIGNMENT_SPECIFICATION.md,docs/specifications/28_Parser_Implementations/legacy_imports/specifications_old/V2_PARSER_FIREBIRD_ALIGNMENT_SPECIFICATION.md,28_Parser_Implementations,regenerated,n/a
docs/specifications_old/parser/EMULATED_DATABASE_PARSER_SPECIFICATION.md,docs/specifications/28_Parser_Implementations/legacy_imports/specifications_old/parser/EMULATED_DATABASE_PARSER_SPECIFICATION.md,28_Parser_Implementations,regenerated,n/a
docs/specifications_old/parser/08_PARSER_AND_DEVELOPER_EXPERIENCE.md,docs/specifications/28_Parser_Implementations/legacy_imports/specifications_old/parser/08_PARSER_AND_DEVELOPER_EXPERIENCE.md,28_Parser_Implementations,regenerated,n/a
docs/specifications_old/parser/README.md,docs/specifications/28_Parser_Implementations/legacy_imports/specifications_old/parser/README.md,28_Parser_Implementations,regenerated,n/a
docs/specifications_old/parser/PROJECT_CONTEXT.md,docs/specifications/28_Parser_Implementations/legacy_imports/specifications_old/parser/PROJECT_CONTEXT.md,28_Parser_Implementations,regenerated,n/a
docs/specifications_old/parser/OFFICIAL_ROADMAP.md,docs/specifications/28_Parser_Implementations/legacy_imports/specifications_old/parser/OFFICIAL_ROADMAP.md,28_Parser_Implementations,regenerated,n/a
docs/specifications_old/parser/ScratchBird Master Grammar Specification v2.0.md,docs/specifications/28_Parser_Implementations/legacy_imports/specifications_old/parser/ScratchBird Master Grammar Specification v2.0.md,28_Parser_Implementations,regenerated,n/a
docs/specifications_old/operations/OID_MAPPING_STRATEGY.md,docs/specifications/28_Parser_Implementations/legacy_imports/specifications_old/operations/OID_MAPPING_STRATEGY.md,28_Parser_Implementations,regenerated,n/a
docs/specifications_old/network/NETWORK_LISTENER_AND_PARSER_POOL_SPEC.md,docs/specifications/28_Parser_Implementations/legacy_imports/specifications_old/network/NETWORK_LISTENER_AND_PARSER_POOL_SPEC.md,28_Parser_Implementations,regenerated,n/a
docs/specifications_old/network/ENGINE_PARSER_IPC_CONTRACT.md,docs/specifications/28_Parser_Implementations/legacy_imports/specifications_old/network/ENGINE_PARSER_IPC_CONTRACT.md,28_Parser_Implementations,regenerated,n/a
docs/specifications_old/network/PARSER_AGENT_SPEC.md,docs/specifications/28_Parser_Implementations/legacy_imports/specifications_old/network/PARSER_AGENT_SPEC.md,28_Parser_Implementations,regenerated,n/a
docs/specifications_old/parser/v3/INSERT.md,docs/specifications/28_Parser_Implementations/legacy_imports/specifications_old/parser/v3/INSERT.md,28_Parser_Implementations,regenerated,n/a
docs/specifications_old/parser/v3/DDL_CREATE.md,docs/specifications/28_Parser_Implementations/legacy_imports/specifications_old/parser/v3/DDL_CREATE.md,28_Parser_Implementations,regenerated,n/a
docs/specifications_old/parser/v3/MERGE.md,docs/specifications/28_Parser_Implementations/legacy_imports/specifications_old/parser/v3/MERGE.md,28_Parser_Implementations,regenerated,n/a
docs/specifications_old/parser/v3/README.md,docs/specifications/28_Parser_Implementations/legacy_imports/specifications_old/parser/v3/README.md,28_Parser_Implementations,regenerated,n/a
docs/specifications_old/parser/v3/SCRATCHBIRD_SERVER_ARCHITECTURE_CONSOLIDATED.md,docs/specifications/28_Parser_Implementations/legacy_imports/specifications_old/parser/v3/SCRATCHBIRD_SERVER_ARCHITECTURE_CONSOLIDATED.md,28_Parser_Implementations,regenerated,n/a
docs/specifications_old/parser/v3/IMPLEMENTATION_SAFETY_SUMMARY.md,docs/specifications/28_Parser_Implementations/legacy_imports/specifications_old/parser/v3/IMPLEMENTATION_SAFETY_SUMMARY.md,28_Parser_Implementations,regenerated,n/a
docs/specifications_old/parser/v3/PROJECT_CONTEXT.md,docs/specifications/28_Parser_Implementations/legacy_imports/specifications_old/parser/v3/PROJECT_CONTEXT.md,28_Parser_Implementations,regenerated,n/a
docs/specifications_old/parser/v3/MGA_RULES.md,docs/specifications/28_Parser_Implementations/legacy_imports/specifications_old/parser/v3/MGA_RULES.md,28_Parser_Implementations,regenerated,n/a
docs/specifications_old/parser/v3/SERVER_LIFECYCLE_AND_STARTUP_SPECIFICATION.md,docs/specifications/28_Parser_Implementations/legacy_imports/specifications_old/parser/v3/SERVER_LIFECYCLE_AND_STARTUP_SPECIFICATION.md,28_Parser_Implementations,regenerated,n/a
docs/specifications_old/parser/v3/V3_ZERO_AMBIGUITY_BUILD_CHECKLIST.md,docs/specifications/28_Parser_Implementations/legacy_imports/specifications_old/parser/v3/V3_ZERO_AMBIGUITY_BUILD_CHECKLIST.md,28_Parser_Implementations,regenerated,n/a
docs/specifications_old/parser/v3/MEMORY_MANAGEMENT.md,docs/specifications/28_Parser_Implementations/legacy_imports/specifications_old/parser/v3/MEMORY_MANAGEMENT.md,28_Parser_Implementations,regenerated,n/a
docs/specifications_old/parser/v3/DDL_ALTER.md,docs/specifications/28_Parser_Implementations/legacy_imports/specifications_old/parser/v3/DDL_ALTER.md,28_Parser_Implementations,regenerated,n/a
docs/specifications_old/parser/v3/PARSER_REMAPPING_AND_IMPLEMENTATION_STRATEGY.md,docs/specifications/28_Parser_Implementations/legacy_imports/specifications_old/parser/v3/PARSER_REMAPPING_AND_IMPLEMENTATION_STRATEGY.md,28_Parser_Implementations,regenerated,n/a
docs/specifications_old/parser/v3/JOINS.md,docs/specifications/28_Parser_Implementations/legacy_imports/specifications_old/parser/v3/JOINS.md,28_Parser_Implementations,regenerated,n/a
docs/specifications_old/parser/v3/TEMPORARY_TABLES_SPECIFICATION.md,docs/specifications/28_Parser_Implementations/legacy_imports/specifications_old/parser/v3/TEMPORARY_TABLES_SPECIFICATION.md,28_Parser_Implementations,regenerated,n/a
docs/specifications_old/parser/v3/SESSION_AND_UTILITY.md,docs/specifications/28_Parser_Implementations/legacy_imports/specifications_old/parser/v3/SESSION_AND_UTILITY.md,28_Parser_Implementations,regenerated,n/a
docs/specifications_old/parser/v3/PERFORMANCE_BENCHMARKS.md,docs/specifications/28_Parser_Implementations/legacy_imports/specifications_old/parser/v3/PERFORMANCE_BENCHMARKS.md,28_Parser_Implementations,regenerated,n/a
docs/specifications_old/parser/v3/V2_PARSER_FIREBIRD_ALIGNMENT_SPECIFICATION.md,docs/specifications/28_Parser_Implementations/legacy_imports/specifications_old/parser/v3/V2_PARSER_FIREBIRD_ALIGNMENT_SPECIFICATION.md,28_Parser_Implementations,regenerated,n/a
docs/specifications_old/parser/v3/DRIVER_CONFORMANCE_TEST_HARNESS.md,docs/specifications/28_Parser_Implementations/legacy_imports/specifications_old/parser/v3/DRIVER_CONFORMANCE_TEST_HARNESS.md,28_Parser_Implementations,regenerated,n/a
docs/specifications_old/parser/v3/DRIVER_STREAMING_AND_PAGING.md,docs/specifications/28_Parser_Implementations/legacy_imports/specifications_old/parser/v3/DRIVER_STREAMING_AND_PAGING.md,28_Parser_Implementations,regenerated,n/a
docs/specifications_old/parser/v3/IMPLEMENTATION_STATUS_DASHBOARD.md,docs/specifications/28_Parser_Implementations/legacy_imports/specifications_old/parser/v3/IMPLEMENTATION_STATUS_DASHBOARD.md,28_Parser_Implementations,regenerated,n/a
docs/specifications_old/parser/v3/BACKUP_AND_RESTORE.md,docs/specifications/28_Parser_Implementations/legacy_imports/specifications_old/parser/v3/BACKUP_AND_RESTORE.md,28_Parser_Implementations,regenerated,n/a
docs/specifications_old/parser/v3/DELETE.md,docs/specifications/28_Parser_Implementations/legacy_imports/specifications_old/parser/v3/DELETE.md,28_Parser_Implementations,regenerated,n/a
docs/specifications_old/parser/v3/WINDOWING.md,docs/specifications/28_Parser_Implementations/legacy_imports/specifications_old/parser/v3/WINDOWING.md,28_Parser_Implementations,regenerated,n/a
docs/specifications_old/parser/v3/OFFICIAL_ROADMAP.md,docs/specifications/28_Parser_Implementations/legacy_imports/specifications_old/parser/v3/OFFICIAL_ROADMAP.md,28_Parser_Implementations,regenerated,n/a
docs/specifications_old/parser/v3/SCRATCHBIRD_ARCHITECTURE_OVERVIEW.md,docs/specifications/28_Parser_Implementations/legacy_imports/specifications_old/parser/v3/SCRATCHBIRD_ARCHITECTURE_OVERVIEW.md,28_Parser_Implementations,regenerated,n/a
docs/specifications_old/parser/v3/SCRATCHBIRD_CONNECTION_RECOVERY_MODEL.md,docs/specifications/28_Parser_Implementations/legacy_imports/specifications_old/parser/v3/SCRATCHBIRD_CONNECTION_RECOVERY_MODEL.md,28_Parser_Implementations,regenerated,n/a
docs/specifications_old/parser/v3/ARCHITECTURE_CLARIFICATIONS.md,docs/specifications/28_Parser_Implementations/legacy_imports/specifications_old/parser/v3/ARCHITECTURE_CLARIFICATIONS.md,28_Parser_Implementations,regenerated,n/a
docs/specifications_old/parser/v3/FIREBIRD_V2_FEATURE_PARITY_SPECIFICATION.md,docs/specifications/28_Parser_Implementations/legacy_imports/specifications_old/parser/v3/FIREBIRD_V2_FEATURE_PARITY_SPECIFICATION.md,28_Parser_Implementations,regenerated,n/a
docs/specifications_old/parser/v3/SERVER_ARCHITECTURE_AND_CONNECTION_LIFECYCLE.md,docs/specifications/28_Parser_Implementations/legacy_imports/specifications_old/parser/v3/SERVER_ARCHITECTURE_AND_CONNECTION_LIFECYCLE.md,28_Parser_Implementations,regenerated,n/a
docs/specifications_old/parser/v3/PARSER_AMBIGUITY_RESOLUTION.md,docs/specifications/28_Parser_Implementations/legacy_imports/specifications_old/parser/v3/PARSER_AMBIGUITY_RESOLUTION.md,28_Parser_Implementations,regenerated,n/a
docs/specifications_old/parser/v3/UPDATE.md,docs/specifications/28_Parser_Implementations/legacy_imports/specifications_old/parser/v3/UPDATE.md,28_Parser_Implementations,regenerated,n/a
docs/specifications_old/parser/v3/DDL_DROP_TRUNCATE.md,docs/specifications/28_Parser_Implementations/legacy_imports/specifications_old/parser/v3/DDL_DROP_TRUNCATE.md,28_Parser_Implementations,regenerated,n/a
docs/specifications_old/parser/v3/SELECT_AND_QUERY.md,docs/specifications/28_Parser_Implementations/legacy_imports/specifications_old/parser/v3/SELECT_AND_QUERY.md,28_Parser_Implementations,regenerated,n/a
docs/specifications_old/parser/v3/V3_SINGLE_PATH_IMPLEMENTATION_GUIDE.md,docs/specifications/28_Parser_Implementations/legacy_imports/specifications_old/parser/v3/V3_SINGLE_PATH_IMPLEMENTATION_GUIDE.md,28_Parser_Implementations,regenerated,n/a
docs/specifications_old/parser/v3/UTILITY_COPY.md,docs/specifications/28_Parser_Implementations/legacy_imports/specifications_old/parser/v3/UTILITY_COPY.md,28_Parser_Implementations,regenerated,n/a
docs/specifications_old/parser/v3/INSTALLATION_AND_INITIALIZATION_SPECIFICATION.md,docs/specifications/28_Parser_Implementations/legacy_imports/specifications_old/parser/v3/INSTALLATION_AND_INITIALIZATION_SPECIFICATION.md,28_Parser_Implementations,regenerated,n/a
docs/specifications_old/parser/v3/ACCESS_CONTROL.md,docs/specifications/28_Parser_Implementations/legacy_imports/specifications_old/parser/v3/ACCESS_CONTROL.md,28_Parser_Implementations,regenerated,n/a
docs/specifications_old/parser/v3/dml/DML_SELECT.md,docs/specifications/28_Parser_Implementations/legacy_imports/specifications_old/parser/v3/dml/DML_SELECT.md,28_Parser_Implementations,regenerated,n/a
docs/specifications_old/parser/v3/dml/README.md,docs/specifications/28_Parser_Implementations/legacy_imports/specifications_old/parser/v3/dml/README.md,28_Parser_Implementations,regenerated,n/a
docs/specifications_old/parser/v3/dml/DML_DELETE.md,docs/specifications/28_Parser_Implementations/legacy_imports/specifications_old/parser/v3/dml/DML_DELETE.md,28_Parser_Implementations,regenerated,n/a
docs/specifications_old/parser/v3/dml/DML_UPDATE.md,docs/specifications/28_Parser_Implementations/legacy_imports/specifications_old/parser/v3/dml/DML_UPDATE.md,28_Parser_Implementations,regenerated,n/a
docs/specifications_old/parser/v3/dml/DML_XML_JSON_TABLES.md,docs/specifications/28_Parser_Implementations/legacy_imports/specifications_old/parser/v3/dml/DML_XML_JSON_TABLES.md,28_Parser_Implementations,regenerated,n/a
docs/specifications_old/parser/v3/dml/DML_COPY.md,docs/specifications/28_Parser_Implementations/legacy_imports/specifications_old/parser/v3/dml/DML_COPY.md,28_Parser_Implementations,regenerated,n/a
docs/specifications_old/parser/v3/dml/DML_INSERT.md,docs/specifications/28_Parser_Implementations/legacy_imports/specifications_old/parser/v3/dml/DML_INSERT.md,28_Parser_Implementations,regenerated,n/a
docs/specifications_old/parser/v3/dml/04_DML_STATEMENTS_OVERVIEW.md,docs/specifications/28_Parser_Implementations/legacy_imports/specifications_old/parser/v3/dml/04_DML_STATEMENTS_OVERVIEW.md,28_Parser_Implementations,regenerated,n/a
docs/specifications_old/parser/v3/dml/DML_MERGE.md,docs/specifications/28_Parser_Implementations/legacy_imports/specifications_old/parser/v3/dml/DML_MERGE.md,28_Parser_Implementations,regenerated,n/a
docs/specifications_old/parser/v3/compression/COMPRESSION_FRAMEWORK.md,docs/specifications/28_Parser_Implementations/legacy_imports/specifications_old/parser/v3/compression/COMPRESSION_FRAMEWORK.md,28_Parser_Implementations,regenerated,n/a
docs/specifications_old/parser/v3/compression/README.md,docs/specifications/28_Parser_Implementations/legacy_imports/specifications_old/parser/v3/compression/README.md,28_Parser_Implementations,regenerated,n/a
docs/specifications_old/parser/v3/beta_requirements/README.md,docs/specifications/28_Parser_Implementations/legacy_imports/specifications_old/parser/v3/beta_requirements/README.md,28_Parser_Implementations,regenerated,n/a
docs/specifications_old/parser/v3/beta_requirements/COMPLETION_STATUS.md,docs/specifications/28_Parser_Implementations/legacy_imports/specifications_old/parser/v3/beta_requirements/COMPLETION_STATUS.md,28_Parser_Implementations,regenerated,n/a
docs/specifications_old/parser/v3/beta_requirements/DIRECTORY_STRUCTURE_CREATED.md,docs/specifications/28_Parser_Implementations/legacy_imports/specifications_old/parser/v3/beta_requirements/DIRECTORY_STRUCTURE_CREATED.md,28_Parser_Implementations,regenerated,n/a
docs/specifications_old/parser/v3/testing/README.md,docs/specifications/28_Parser_Implementations/legacy_imports/specifications_old/parser/v3/testing/README.md,28_Parser_Implementations,regenerated,n/a
docs/specifications_old/parser/v3/testing/ALPHA3_TEST_PLAN.md,docs/specifications/28_Parser_Implementations/legacy_imports/specifications_old/parser/v3/testing/ALPHA3_TEST_PLAN.md,28_Parser_Implementations,regenerated,n/a
docs/specifications_old/parser/v3/development/TEST_COMPLIANCE_IMPLEMENTATION_SUMMARY.md,docs/specifications/28_Parser_Implementations/legacy_imports/specifications_old/parser/v3/development/TEST_COMPLIANCE_IMPLEMENTATION_SUMMARY.md,28_Parser_Implementations,regenerated,n/a
docs/specifications_old/parser/v3/development/TEST_SUITE_COMPLIANCE_AUDIT.md,docs/specifications/28_Parser_Implementations/legacy_imports/specifications_old/parser/v3/development/TEST_SUITE_COMPLIANCE_AUDIT.md,28_Parser_Implementations,regenerated,n/a
docs/specifications_old/parser/v3/development/AI_CONTEXT_MEMORY_GUIDE.md,docs/specifications/28_Parser_Implementations/legacy_imports/specifications_old/parser/v3/development/AI_CONTEXT_MEMORY_GUIDE.md,28_Parser_Implementations,regenerated,n/a
docs/specifications_old/parser/v3/development/BUILD_INSTRUCTIONS.md,docs/specifications/28_Parser_Implementations/legacy_imports/specifications_old/parser/v3/development/BUILD_INSTRUCTIONS.md,28_Parser_Implementations,regenerated,n/a
docs/specifications_old/parser/v3/development/Test Suite Specification.md,docs/specifications/28_Parser_Implementations/legacy_imports/specifications_old/parser/v3/development/Test Suite Specification.md,28_Parser_Implementations,regenerated,n/a
docs/specifications_old/parser/v3/development/DOCUMENTATION_REORGANIZATION_PLAN.md,docs/specifications/28_Parser_Implementations/legacy_imports/specifications_old/parser/v3/development/DOCUMENTATION_REORGANIZATION_PLAN.md,28_Parser_Implementations,regenerated,n/a
docs/specifications_old/parser/v3/development/UUID_ARCHITECTURE_AUDIT_AND_FIXES.md,docs/specifications/28_Parser_Implementations/legacy_imports/specifications_old/parser/v3/development/UUID_ARCHITECTURE_AUDIT_AND_FIXES.md,28_Parser_Implementations,regenerated,n/a
docs/specifications_old/parser/v3/development/BUILD_FIX_TODO_LIST.md,docs/specifications/28_Parser_Implementations/legacy_imports/specifications_old/parser/v3/development/BUILD_FIX_TODO_LIST.md,28_Parser_Implementations,regenerated,n/a
docs/specifications_old/parser/v3/development/PARSER_V2_MIGRATION.md,docs/specifications/28_Parser_Implementations/legacy_imports/specifications_old/parser/v3/development/PARSER_V2_MIGRATION.md,28_Parser_Implementations,regenerated,n/a
docs/specifications_old/parser/v3/development/TODO.md,docs/specifications/28_Parser_Implementations/legacy_imports/specifications_old/parser/v3/development/TODO.md,28_Parser_Implementations,regenerated,n/a
docs/specifications_old/parser/v3/development/PROCESS_AND_AGENTS.md,docs/specifications/28_Parser_Implementations/legacy_imports/specifications_old/parser/v3/development/PROCESS_AND_AGENTS.md,28_Parser_Implementations,regenerated,n/a
docs/specifications_old/parser/v3/development/DOCUMENTATION_CORRECTIONS_SUMMARY.md,docs/specifications/28_Parser_Implementations/legacy_imports/specifications_old/parser/v3/development/DOCUMENTATION_CORRECTIONS_SUMMARY.md,28_Parser_Implementations,regenerated,n/a
docs/specifications_old/parser/v3/development/AI_PARALLEL_DEVELOPMENT_GUIDE.md,docs/specifications/28_Parser_Implementations/legacy_imports/specifications_old/parser/v3/development/AI_PARALLEL_DEVELOPMENT_GUIDE.md,28_Parser_Implementations,regenerated,n/a
docs/specifications_old/parser/v3/development/EXTERNAL_PARSER_GUIDE.md,docs/specifications/28_Parser_Implementations/legacy_imports/specifications_old/parser/v3/development/EXTERNAL_PARSER_GUIDE.md,28_Parser_Implementations,regenerated,n/a
docs/specifications_old/parser/v3/ddl/DDL_TABLE_PARTITIONING.md,docs/specifications/28_Parser_Implementations/legacy_imports/specifications_old/parser/v3/ddl/DDL_TABLE_PARTITIONING.md,28_Parser_Implementations,regenerated,n/a
docs/specifications_old/parser/v3/ddl/README.md,docs/specifications/28_Parser_Implementations/legacy_imports/specifications_old/parser/v3/ddl/README.md,28_Parser_Implementations,regenerated,n/a
docs/specifications_old/parser/v3/ddl/DDL_PACKAGES.md,docs/specifications/28_Parser_Implementations/legacy_imports/specifications_old/parser/v3/ddl/DDL_PACKAGES.md,28_Parser_Implementations,regenerated,n/a
docs/specifications_old/parser/v3/ddl/DDL_TRIGGERS.md,docs/specifications/28_Parser_Implementations/legacy_imports/specifications_old/parser/v3/ddl/DDL_TRIGGERS.md,28_Parser_Implementations,regenerated,n/a
docs/specifications_old/parser/v3/ddl/DDL_SCHEMAS.md,docs/specifications/28_Parser_Implementations/legacy_imports/specifications_old/parser/v3/ddl/DDL_SCHEMAS.md,28_Parser_Implementations,regenerated,n/a
docs/specifications_old/parser/v3/ddl/DDL_VIEWS.md,docs/specifications/28_Parser_Implementations/legacy_imports/specifications_old/parser/v3/ddl/DDL_VIEWS.md,28_Parser_Implementations,regenerated,n/a
docs/specifications_old/parser/v3/ddl/EXTRACT_AND_ALTER_ELEMENT.md,docs/specifications/28_Parser_Implementations/legacy_imports/specifications_old/parser/v3/ddl/EXTRACT_AND_ALTER_ELEMENT.md,28_Parser_Implementations,regenerated,n/a
docs/specifications_old/parser/v3/ddl/DDL_TABLES.md,docs/specifications/28_Parser_Implementations/legacy_imports/specifications_old/parser/v3/ddl/DDL_TABLES.md,28_Parser_Implementations,regenerated,n/a
docs/specifications_old/parser/v3/ddl/DDL_USER_DEFINED_RESOURCES.md,docs/specifications/28_Parser_Implementations/legacy_imports/specifications_old/parser/v3/ddl/DDL_USER_DEFINED_RESOURCES.md,28_Parser_Implementations,regenerated,n/a
docs/specifications_old/parser/v3/ddl/DDL_DATABASES.md,docs/specifications/28_Parser_Implementations/legacy_imports/specifications_old/parser/v3/ddl/DDL_DATABASES.md,28_Parser_Implementations,regenerated,n/a
docs/specifications_old/parser/v3/ddl/02_DDL_STATEMENTS_OVERVIEW.md,docs/specifications/28_Parser_Implementations/legacy_imports/specifications_old/parser/v3/ddl/02_DDL_STATEMENTS_OVERVIEW.md,28_Parser_Implementations,regenerated,n/a
docs/specifications_old/parser/v3/ddl/DDL_EVENTS.md,docs/specifications/28_Parser_Implementations/legacy_imports/specifications_old/parser/v3/ddl/DDL_EVENTS.md,28_Parser_Implementations,regenerated,n/a
docs/specifications_old/parser/v3/ddl/09_DDL_FOREIGN_DATA.md,docs/specifications/28_Parser_Implementations/legacy_imports/specifications_old/parser/v3/ddl/09_DDL_FOREIGN_DATA.md,28_Parser_Implementations,regenerated,n/a
docs/specifications_old/parser/v3/ddl/CASCADE_DROP_SPECIFICATION.md,docs/specifications/28_Parser_Implementations/legacy_imports/specifications_old/parser/v3/ddl/CASCADE_DROP_SPECIFICATION.md,28_Parser_Implementations,regenerated,n/a
docs/specifications_old/parser/v3/ddl/DDL_TEMPORAL_TABLES.md,docs/specifications/28_Parser_Implementations/legacy_imports/specifications_old/parser/v3/ddl/DDL_TEMPORAL_TABLES.md,28_Parser_Implementations,regenerated,n/a
docs/specifications_old/parser/v3/ddl/DDL_EXCEPTIONS.md,docs/specifications/28_Parser_Implementations/legacy_imports/specifications_old/parser/v3/ddl/DDL_EXCEPTIONS.md,28_Parser_Implementations,regenerated,n/a
docs/specifications_old/parser/v3/ddl/DDL_SEQUENCES.md,docs/specifications/28_Parser_Implementations/legacy_imports/specifications_old/parser/v3/ddl/DDL_SEQUENCES.md,28_Parser_Implementations,regenerated,n/a
docs/specifications_old/parser/v3/design/ARCHITECTURE_GOALS.md,docs/specifications/28_Parser_Implementations/legacy_imports/specifications_old/parser/v3/design/ARCHITECTURE_GOALS.md,28_Parser_Implementations,regenerated,n/a
docs/specifications_old/parser/v3/design/materialized-views-foundation.md,docs/specifications/28_Parser_Implementations/legacy_imports/specifications_old/parser/v3/design/materialized-views-foundation.md,28_Parser_Implementations,regenerated,n/a
docs/specifications_old/parser/v3/design/Design_Decisions_Report.md,docs/specifications/28_Parser_Implementations/legacy_imports/specifications_old/parser/v3/design/Design_Decisions_Report.md,28_Parser_Implementations,regenerated,n/a
docs/specifications_old/parser/v3/design/ISOLATION_LEVELS_DESIGN.md,docs/specifications/28_Parser_Implementations/legacy_imports/specifications_old/parser/v3/design/ISOLATION_LEVELS_DESIGN.md,28_Parser_Implementations,regenerated,n/a
docs/specifications_old/parser/v3/design/alpha_1_05_design_synthesis.md,docs/specifications/28_Parser_Implementations/legacy_imports/specifications_old/parser/v3/design/alpha_1_05_design_synthesis.md,28_Parser_Implementations,regenerated,n/a
docs/specifications_old/parser/v3/design/ARCHITECTURE_CLARIFICATION.md,docs/specifications/28_Parser_Implementations/legacy_imports/specifications_old/parser/v3/design/ARCHITECTURE_CLARIFICATION.md,28_Parser_Implementations,regenerated,n/a
docs/specifications_old/parser/v3/design/thread_safety.md,docs/specifications/28_Parser_Implementations/legacy_imports/specifications_old/parser/v3/design/thread_safety.md,28_Parser_Implementations,regenerated,n/a
docs/specifications_old/parser/v3/design/alpha_1_05_outstanding_decisions.md,docs/specifications/28_Parser_Implementations/legacy_imports/specifications_old/parser/v3/design/alpha_1_05_outstanding_decisions.md,28_Parser_Implementations,regenerated,n/a
docs/specifications_old/parser/v3/design/GARBAGE_COLLECTION_DESIGN.md,docs/specifications/28_Parser_Implementations/legacy_imports/specifications_old/parser/v3/design/GARBAGE_COLLECTION_DESIGN.md,28_Parser_Implementations,regenerated,n/a
docs/specifications_old/parser/v3/design/CLAUDE_DESIGN_PROPOSAL.md,docs/specifications/28_Parser_Implementations/legacy_imports/specifications_old/parser/v3/design/CLAUDE_DESIGN_PROPOSAL.md,28_Parser_Implementations,regenerated,n/a
docs/specifications_old/parser/v3/design/SWEEP_MECHANISM_DESIGN.md,docs/specifications/28_Parser_Implementations/legacy_imports/specifications_old/parser/v3/design/SWEEP_MECHANISM_DESIGN.md,28_Parser_Implementations,regenerated,n/a
docs/specifications_old/parser/v3/deployment/README.md,docs/specifications/28_Parser_Implementations/legacy_imports/specifications_old/parser/v3/deployment/README.md,28_Parser_Implementations,regenerated,n/a
docs/specifications_old/parser/v3/deployment/INSTALLER_FEATURES_AND_CONFIG_GENERATOR.md,docs/specifications/28_Parser_Implementations/legacy_imports/specifications_old/parser/v3/deployment/INSTALLER_FEATURES_AND_CONFIG_GENERATOR.md,28_Parser_Implementations,regenerated,n/a
docs/specifications_old/parser/v3/deployment/WINDOWS_CROSS_COMPILE_SPECIFICATION.md,docs/specifications/28_Parser_Implementations/legacy_imports/specifications_old/parser/v3/deployment/WINDOWS_CROSS_COMPILE_SPECIFICATION.md,28_Parser_Implementations,regenerated,n/a
docs/specifications_old/parser/v3/deployment/INSTALLATION_AND_BUILD_SPECIFICATION.md,docs/specifications/28_Parser_Implementations/legacy_imports/specifications_old/parser/v3/deployment/INSTALLATION_AND_BUILD_SPECIFICATION.md,28_Parser_Implementations,regenerated,n/a
docs/specifications_old/parser/v3/deployment/SYSTEMD_SERVICE_SPECIFICATION.md,docs/specifications/28_Parser_Implementations/legacy_imports/specifications_old/parser/v3/deployment/SYSTEMD_SERVICE_SPECIFICATION.md,28_Parser_Implementations,regenerated,n/a
docs/specifications_old/parser/v3/storage/README.md,docs/specifications/28_Parser_Implementations/legacy_imports/specifications_old/parser/v3/storage/README.md,28_Parser_Implementations,regenerated,n/a
docs/specifications_old/parser/v3/storage/MGA_IMPLEMENTATION.md,docs/specifications/28_Parser_Implementations/legacy_imports/specifications_old/parser/v3/storage/MGA_IMPLEMENTATION.md,28_Parser_Implementations,regenerated,n/a
docs/specifications_old/parser/v3/storage/STORAGE_ENGINE_BUFFER_POOL.md,docs/specifications/28_Parser_Implementations/legacy_imports/specifications_old/parser/v3/storage/STORAGE_ENGINE_BUFFER_POOL.md,28_Parser_Implementations,regenerated,n/a
docs/specifications_old/parser/v3/storage/STORAGE_ENGINE_PAGE_MANAGEMENT.md,docs/specifications/28_Parser_Implementations/legacy_imports/specifications_old/parser/v3/storage/STORAGE_ENGINE_PAGE_MANAGEMENT.md,28_Parser_Implementations,regenerated,n/a
docs/specifications_old/parser/v3/storage/STORAGE_ENGINE_MAIN.md,docs/specifications/28_Parser_Implementations/legacy_imports/specifications_old/parser/v3/storage/STORAGE_ENGINE_MAIN.md,28_Parser_Implementations,regenerated,n/a
docs/specifications_old/parser/v3/Alpha_Phase_1_Archive/README.md,docs/specifications/28_Parser_Implementations/legacy_imports/specifications_old/parser/v3/Alpha_Phase_1_Archive/README.md,28_Parser_Implementations,regenerated,n/a
docs/specifications_old/parser/v3/Alpha_Phase_1_Archive/INTEGRATION_IMPLEMENTATION_PLAN.md,docs/specifications/28_Parser_Implementations/legacy_imports/specifications_old/parser/v3/Alpha_Phase_1_Archive/INTEGRATION_IMPLEMENTATION_PLAN.md,28_Parser_Implementations,regenerated,n/a
docs/specifications_old/parser/v3/Alpha_Phase_1_Archive/IMPLEMENTATION_AUDIT.md,docs/specifications/28_Parser_Implementations/legacy_imports/specifications_old/parser/v3/Alpha_Phase_1_Archive/IMPLEMENTATION_AUDIT.md,28_Parser_Implementations,regenerated,n/a
docs/specifications_old/parser/v3/query/README.md,docs/specifications/28_Parser_Implementations/legacy_imports/specifications_old/parser/v3/query/README.md,28_Parser_Implementations,regenerated,n/a
docs/specifications_old/parser/v3/query/QUERY_OPTIMIZER_SPEC.md,docs/specifications/28_Parser_Implementations/legacy_imports/specifications_old/parser/v3/query/QUERY_OPTIMIZER_SPEC.md,28_Parser_Implementations,regenerated,n/a
docs/specifications_old/parser/v3/query/PARALLEL_EXECUTION_ARCHITECTURE.md,docs/specifications/28_Parser_Implementations/legacy_imports/specifications_old/parser/v3/query/PARALLEL_EXECUTION_ARCHITECTURE.md,28_Parser_Implementations,regenerated,n/a
docs/specifications_old/parser/v3/tools/README.md,docs/specifications/28_Parser_Implementations/legacy_imports/specifications_old/parser/v3/tools/README.md,28_Parser_Implementations,regenerated,n/a
docs/specifications_old/parser/v3/tools/SB_VERIFY_CLI_SPECIFICATION.md,docs/specifications/28_Parser_Implementations/legacy_imports/specifications_old/parser/v3/tools/SB_VERIFY_CLI_SPECIFICATION.md,28_Parser_Implementations,regenerated,n/a
docs/specifications_old/parser/v3/tools/SB_BACKUP_CLI_SPECIFICATION.md,docs/specifications/28_Parser_Implementations/legacy_imports/specifications_old/parser/v3/tools/SB_BACKUP_CLI_SPECIFICATION.md,28_Parser_Implementations,regenerated,n/a
docs/specifications_old/parser/v3/tools/SB_BUILD_AND_TEST_CLI_SPEC.md,docs/specifications/28_Parser_Implementations/legacy_imports/specifications_old/parser/v3/tools/SB_BUILD_AND_TEST_CLI_SPEC.md,28_Parser_Implementations,regenerated,n/a
docs/specifications_old/parser/v3/tools/SB_TOOLING_NETWORK_SPEC.md,docs/specifications/28_Parser_Implementations/legacy_imports/specifications_old/parser/v3/tools/SB_TOOLING_NETWORK_SPEC.md,28_Parser_Implementations,regenerated,n/a
docs/specifications_old/parser/v3/parser/EMULATED_DATABASE_PARSER_SPECIFICATION.md,docs/specifications/28_Parser_Implementations/legacy_imports/specifications_old/parser/v3/parser/EMULATED_DATABASE_PARSER_SPECIFICATION.md,28_Parser_Implementations,regenerated,n/a
docs/specifications_old/parser/v3/parser/08_PARSER_AND_DEVELOPER_EXPERIENCE.md,docs/specifications/28_Parser_Implementations/legacy_imports/specifications_old/parser/v3/parser/08_PARSER_AND_DEVELOPER_EXPERIENCE.md,28_Parser_Implementations,regenerated,n/a
docs/specifications_old/parser/v3/parser/README.md,docs/specifications/28_Parser_Implementations/legacy_imports/specifications_old/parser/v3/parser/README.md,28_Parser_Implementations,regenerated,n/a
docs/specifications_old/parser/v3/parser/ScratchBird Master Grammar Specification v2.0.md,docs/specifications/28_Parser_Implementations/legacy_imports/specifications_old/parser/v3/parser/ScratchBird Master Grammar Specification v2.0.md,28_Parser_Implementations,regenerated,n/a
docs/specifications_old/parser/v3/api/README.md,docs/specifications/28_Parser_Implementations/legacy_imports/specifications_old/parser/v3/api/README.md,28_Parser_Implementations,regenerated,n/a
docs/specifications_old/parser/v3/api/CONNECTION_POOLING_SPECIFICATION.md,docs/specifications/28_Parser_Implementations/legacy_imports/specifications_old/parser/v3/api/CONNECTION_POOLING_SPECIFICATION.md,28_Parser_Implementations,regenerated,n/a
docs/specifications_old/parser/v3/admin/README.md,docs/specifications/28_Parser_Implementations/legacy_imports/specifications_old/parser/v3/admin/README.md,28_Parser_Implementations,regenerated,n/a
docs/specifications_old/parser/v3/admin/SB_ADMIN_CLI_SPECIFICATION.md,docs/specifications/28_Parser_Implementations/legacy_imports/specifications_old/parser/v3/admin/SB_ADMIN_CLI_SPECIFICATION.md,28_Parser_Implementations,regenerated,n/a
docs/specifications_old/parser/v3/admin/SB_SERVER_NETWORK_CLI_SPECIFICATION.md,docs/specifications/28_Parser_Implementations/legacy_imports/specifications_old/parser/v3/admin/SB_SERVER_NETWORK_CLI_SPECIFICATION.md,28_Parser_Implementations,regenerated,n/a
docs/specifications_old/parser/v3/operations/README.md,docs/specifications/28_Parser_Implementations/legacy_imports/specifications_old/parser/v3/operations/README.md,28_Parser_Implementations,regenerated,n/a
docs/specifications_old/parser/v3/operations/OID_MAPPING_STRATEGY.md,docs/specifications/28_Parser_Implementations/legacy_imports/specifications_old/parser/v3/operations/OID_MAPPING_STRATEGY.md,28_Parser_Implementations,regenerated,n/a
docs/specifications_old/parser/v3/operations/PROMETHEUS_METRICS_REFERENCE.md,docs/specifications/28_Parser_Implementations/legacy_imports/specifications_old/parser/v3/operations/PROMETHEUS_METRICS_REFERENCE.md,28_Parser_Implementations,regenerated,n/a
docs/specifications_old/parser/v3/operations/LISTENER_POOL_METRICS.md,docs/specifications/28_Parser_Implementations/legacy_imports/specifications_old/parser/v3/operations/LISTENER_POOL_METRICS.md,28_Parser_Implementations,regenerated,n/a
docs/specifications_old/parser/v3/network/README.md,docs/specifications/28_Parser_Implementations/legacy_imports/specifications_old/parser/v3/network/README.md,28_Parser_Implementations,regenerated,n/a
docs/specifications_old/parser/v3/network/NETWORK_LISTENER_AND_PARSER_POOL_SPEC.md,docs/specifications/28_Parser_Implementations/legacy_imports/specifications_old/parser/v3/network/NETWORK_LISTENER_AND_PARSER_POOL_SPEC.md,28_Parser_Implementations,regenerated,n/a
docs/specifications_old/parser/v3/network/Y_VALVE_DESIGN_PRINCIPLES.md,docs/specifications/28_Parser_Implementations/legacy_imports/specifications_old/parser/v3/network/Y_VALVE_DESIGN_PRINCIPLES.md,28_Parser_Implementations,regenerated,n/a
docs/specifications_old/parser/v3/network/ENGINE_PARSER_IPC_CONTRACT.md,docs/specifications/28_Parser_Implementations/legacy_imports/specifications_old/parser/v3/network/ENGINE_PARSER_IPC_CONTRACT.md,28_Parser_Implementations,regenerated,n/a
docs/specifications_old/parser/v3/network/PARSER_AGENT_SPEC.md,docs/specifications/28_Parser_Implementations/legacy_imports/specifications_old/parser/v3/network/PARSER_AGENT_SPEC.md,28_Parser_Implementations,regenerated,n/a
docs/specifications_old/parser/v3/network/NETWORK_LAYER_SPEC.md,docs/specifications/28_Parser_Implementations/legacy_imports/specifications_old/parser/v3/network/NETWORK_LAYER_SPEC.md,28_Parser_Implementations,regenerated,n/a
docs/specifications_old/parser/v3/issues/ALPHA_1_2_REQUIREMENTS.md,docs/specifications/28_Parser_Implementations/legacy_imports/specifications_old/parser/v3/issues/ALPHA_1_2_REQUIREMENTS.md,28_Parser_Implementations,regenerated,n/a
docs/specifications_old/parser/v3/guides/CONCURRENCY_PATTERNS.md,docs/specifications/28_Parser_Implementations/legacy_imports/specifications_old/parser/v3/guides/CONCURRENCY_PATTERNS.md,28_Parser_Implementations,regenerated,n/a
docs/specifications_old/parser/v3/guides/PHASE_1_5_FINAL_STEPS.md,docs/specifications/28_Parser_Implementations/legacy_imports/specifications_old/parser/v3/guides/PHASE_1_5_FINAL_STEPS.md,28_Parser_Implementations,regenerated,n/a
docs/specifications_old/parser/v3/guides/ERROR_HANDLING_GUIDE.md,docs/specifications/28_Parser_Implementations/legacy_imports/specifications_old/parser/v3/guides/ERROR_HANDLING_GUIDE.md,28_Parser_Implementations,regenerated,n/a
docs/specifications_old/parser/v3/guides/PHASE_1_5_MIGRATION_GUIDE.md,docs/specifications/28_Parser_Implementations/legacy_imports/specifications_old/parser/v3/guides/PHASE_1_5_MIGRATION_GUIDE.md,28_Parser_Implementations,regenerated,n/a
docs/specifications_old/parser/v3/guides/RESOURCE_MANAGEMENT.md,docs/specifications/28_Parser_Implementations/legacy_imports/specifications_old/parser/v3/guides/RESOURCE_MANAGEMENT.md,28_Parser_Implementations,regenerated,n/a
docs/specifications_old/parser/v3/guides/PHASE_1_5_COMPLETION_GUIDE.md,docs/specifications/28_Parser_Implementations/legacy_imports/specifications_old/parser/v3/guides/PHASE_1_5_COMPLETION_GUIDE.md,28_Parser_Implementations,regenerated,n/a
docs/specifications_old/parser/v3/scheduler/ALPHA_SCHEDULER_SPECIFICATION.md,docs/specifications/28_Parser_Implementations/legacy_imports/specifications_old/parser/v3/scheduler/ALPHA_SCHEDULER_SPECIFICATION.md,28_Parser_Implementations,regenerated,n/a
docs/specifications_old/parser/v3/scheduler/README.md,docs/specifications/28_Parser_Implementations/legacy_imports/specifications_old/parser/v3/scheduler/README.md,28_Parser_Implementations,regenerated,n/a
docs/specifications_old/parser/v3/scheduler/SCHEDULER_JOB_RUNNER_CANONICAL_SPEC.md,docs/specifications/28_Parser_Implementations/legacy_imports/specifications_old/parser/v3/scheduler/SCHEDULER_JOB_RUNNER_CANONICAL_SPEC.md,28_Parser_Implementations,regenerated,n/a
docs/specifications_old/parser/v3/server/SCRATCHBIRD_SERVER_ARCHITECTURE_CONSOLIDATED.md,docs/specifications/28_Parser_Implementations/legacy_imports/specifications_old/parser/v3/server/SCRATCHBIRD_SERVER_ARCHITECTURE_CONSOLIDATED.md,28_Parser_Implementations,regenerated,n/a
docs/specifications_old/parser/v3/server/SERVER_LIFECYCLE_AND_STARTUP_SPECIFICATION.md,docs/specifications/28_Parser_Implementations/legacy_imports/specifications_old/parser/v3/server/SERVER_LIFECYCLE_AND_STARTUP_SPECIFICATION.md,28_Parser_Implementations,regenerated,n/a
docs/specifications_old/parser/v3/server/MEMORY_MANAGEMENT.md,docs/specifications/28_Parser_Implementations/legacy_imports/specifications_old/parser/v3/server/MEMORY_MANAGEMENT.md,28_Parser_Implementations,regenerated,n/a
docs/specifications_old/parser/v3/server/TEMPORARY_TABLES_SPECIFICATION.md,docs/specifications/28_Parser_Implementations/legacy_imports/specifications_old/parser/v3/server/TEMPORARY_TABLES_SPECIFICATION.md,28_Parser_Implementations,regenerated,n/a
docs/specifications_old/parser/v3/server/PERFORMANCE_BENCHMARKS.md,docs/specifications/28_Parser_Implementations/legacy_imports/specifications_old/parser/v3/server/PERFORMANCE_BENCHMARKS.md,28_Parser_Implementations,regenerated,n/a
docs/specifications_old/parser/v3/server/DRIVER_STREAMING_AND_PAGING.md,docs/specifications/28_Parser_Implementations/legacy_imports/specifications_old/parser/v3/server/DRIVER_STREAMING_AND_PAGING.md,28_Parser_Implementations,regenerated,n/a
docs/specifications_old/parser/v3/server/BACKUP_AND_RESTORE.md,docs/specifications/28_Parser_Implementations/legacy_imports/specifications_old/parser/v3/server/BACKUP_AND_RESTORE.md,28_Parser_Implementations,regenerated,n/a
docs/specifications_old/parser/v3/server/SCRATCHBIRD_ARCHITECTURE_OVERVIEW.md,docs/specifications/28_Parser_Implementations/legacy_imports/specifications_old/parser/v3/server/SCRATCHBIRD_ARCHITECTURE_OVERVIEW.md,28_Parser_Implementations,regenerated,n/a
docs/specifications_old/parser/v3/server/SCRATCHBIRD_CONNECTION_RECOVERY_MODEL.md,docs/specifications/28_Parser_Implementations/legacy_imports/specifications_old/parser/v3/server/SCRATCHBIRD_CONNECTION_RECOVERY_MODEL.md,28_Parser_Implementations,regenerated,n/a
docs/specifications_old/parser/v3/server/ARCHITECTURE_CLARIFICATIONS.md,docs/specifications/28_Parser_Implementations/legacy_imports/specifications_old/parser/v3/server/ARCHITECTURE_CLARIFICATIONS.md,28_Parser_Implementations,regenerated,n/a
docs/specifications_old/parser/v3/server/SERVER_ARCHITECTURE_AND_CONNECTION_LIFECYCLE.md,docs/specifications/28_Parser_Implementations/legacy_imports/specifications_old/parser/v3/server/SERVER_ARCHITECTURE_AND_CONNECTION_LIFECYCLE.md,28_Parser_Implementations,regenerated,n/a
docs/specifications_old/parser/v3/server/INSTALLATION_AND_INITIALIZATION_SPECIFICATION.md,docs/specifications/28_Parser_Implementations/legacy_imports/specifications_old/parser/v3/server/INSTALLATION_AND_INITIALIZATION_SPECIFICATION.md,28_Parser_Implementations,regenerated,n/a
docs/specifications_old/parser/v3/diagrams/component_model_diagrams.md,docs/specifications/28_Parser_Implementations/legacy_imports/specifications_old/parser/v3/diagrams/component_model_diagrams.md,28_Parser_Implementations,regenerated,n/a
docs/specifications_old/parser/v3/diagrams/component_responsibility_matrix.md,docs/specifications/28_Parser_Implementations/legacy_imports/specifications_old/parser/v3/diagrams/component_responsibility_matrix.md,28_Parser_Implementations,regenerated,n/a
docs/specifications_old/parser/v3/core/GIT_METADATA_INTEGRATION_SPECIFICATION.md,docs/specifications/28_Parser_Implementations/legacy_imports/specifications_old/parser/v3/core/GIT_METADATA_INTEGRATION_SPECIFICATION.md,28_Parser_Implementations,regenerated,n/a
docs/specifications_old/parser/v3/core/LIVE_MIGRATION_PASSTHROUGH_SPECIFICATION.md,docs/specifications/28_Parser_Implementations/legacy_imports/specifications_old/parser/v3/core/LIVE_MIGRATION_PASSTHROUGH_SPECIFICATION.md,28_Parser_Implementations,regenerated,n/a
docs/specifications_old/parser/v3/core/README.md,docs/specifications/28_Parser_Implementations/legacy_imports/specifications_old/parser/v3/core/README.md,28_Parser_Implementations,regenerated,n/a
docs/specifications_old/parser/v3/core/IMPLEMENTATION_RECOMMENDATIONS.md,docs/specifications/28_Parser_Implementations/legacy_imports/specifications_old/parser/v3/core/IMPLEMENTATION_RECOMMENDATIONS.md,28_Parser_Implementations,regenerated,n/a
docs/specifications_old/parser/v3/core/ENGINE_CORE_UNIFIED_SPEC.md,docs/specifications/28_Parser_Implementations/legacy_imports/specifications_old/parser/v3/core/ENGINE_CORE_UNIFIED_SPEC.md,28_Parser_Implementations,regenerated,n/a
docs/specifications_old/parser/v3/core/CACHE_AND_BUFFER_ARCHITECTURE.md,docs/specifications/28_Parser_Implementations/legacy_imports/specifications_old/parser/v3/core/CACHE_AND_BUFFER_ARCHITECTURE.md,28_Parser_Implementations,regenerated,n/a
docs/specifications_old/parser/v3/core/design_limits.md,docs/specifications/28_Parser_Implementations/legacy_imports/specifications_old/parser/v3/core/design_limits.md,28_Parser_Implementations,regenerated,n/a
docs/specifications_old/parser/v3/core/THREAD_SAFETY.md,docs/specifications/28_Parser_Implementations/legacy_imports/specifications_old/parser/v3/core/THREAD_SAFETY.md,28_Parser_Implementations,regenerated,n/a
docs/specifications_old/parser/v3/core/Y_VALVE_ARCHITECTURE.md,docs/specifications/28_Parser_Implementations/legacy_imports/specifications_old/parser/v3/core/Y_VALVE_ARCHITECTURE.md,28_Parser_Implementations,regenerated,n/a
docs/specifications_old/parser/v3/core/CORE_IMPLEMENTATION_SPECS_SUMMARY.md,docs/specifications/28_Parser_Implementations/legacy_imports/specifications_old/parser/v3/core/CORE_IMPLEMENTATION_SPECS_SUMMARY.md,28_Parser_Implementations,regenerated,n/a
docs/specifications_old/parser/v3/triggers/README.md,docs/specifications/28_Parser_Implementations/legacy_imports/specifications_old/parser/v3/triggers/README.md,28_Parser_Implementations,regenerated,n/a
docs/specifications_old/parser/v3/beta_requirements/drivers/DRIVER_BASELINE_SPEC.md,docs/specifications/28_Parser_Implementations/legacy_imports/specifications_old/parser/v3/beta_requirements/drivers/DRIVER_BASELINE_SPEC.md,28_Parser_Implementations,regenerated,n/a
docs/specifications_old/parser/v3/beta_requirements/drivers/README.md,docs/specifications/28_Parser_Implementations/legacy_imports/specifications_old/parser/v3/beta_requirements/drivers/README.md,28_Parser_Implementations,regenerated,n/a
docs/specifications_old/parser/v3/beta_requirements/big-data-streaming/README.md,docs/specifications/28_Parser_Implementations/legacy_imports/specifications_old/parser/v3/beta_requirements/big-data-streaming/README.md,28_Parser_Implementations,regenerated,n/a
docs/specifications_old/parser/v3/beta_requirements/orms-frameworks/README.md,docs/specifications/28_Parser_Implementations/legacy_imports/specifications_old/parser/v3/beta_requirements/orms-frameworks/README.md,28_Parser_Implementations,regenerated,n/a
docs/specifications_old/parser/v3/beta_requirements/connectivity/README.md,docs/specifications/28_Parser_Implementations/legacy_imports/specifications_old/parser/v3/beta_requirements/connectivity/README.md,28_Parser_Implementations,regenerated,n/a
docs/specifications_old/parser/v3/beta_requirements/cloud-container/README.md,docs/specifications/28_Parser_Implementations/legacy_imports/specifications_old/parser/v3/beta_requirements/cloud-container/README.md,28_Parser_Implementations,regenerated,n/a
docs/specifications_old/parser/v3/beta_requirements/tools/README.md,docs/specifications/28_Parser_Implementations/legacy_imports/specifications_old/parser/v3/beta_requirements/tools/README.md,28_Parser_Implementations,regenerated,n/a
docs/specifications_old/parser/v3/beta_requirements/applications/README.md,docs/specifications/28_Parser_Implementations/legacy_imports/specifications_old/parser/v3/beta_requirements/applications/README.md,28_Parser_Implementations,regenerated,n/a
docs/specifications_old/parser/v3/beta_requirements/ai-ml/README.md,docs/specifications/28_Parser_Implementations/legacy_imports/specifications_old/parser/v3/beta_requirements/ai-ml/README.md,28_Parser_Implementations,regenerated,n/a
docs/specifications_old/parser/v3/beta_requirements/builds/30_DOCKER.md,docs/specifications/28_Parser_Implementations/legacy_imports/specifications_old/parser/v3/beta_requirements/builds/30_DOCKER.md,28_Parser_Implementations,regenerated,n/a
docs/specifications_old/parser/v3/beta_requirements/builds/24_RPM.md,docs/specifications/28_Parser_Implementations/legacy_imports/specifications_old/parser/v3/beta_requirements/builds/24_RPM.md,28_Parser_Implementations,regenerated,n/a
docs/specifications_old/parser/v3/beta_requirements/builds/11_LINUX_TO_MACOS.md,docs/specifications/28_Parser_Implementations/legacy_imports/specifications_old/parser/v3/beta_requirements/builds/11_LINUX_TO_MACOS.md,28_Parser_Implementations,regenerated,n/a
docs/specifications_old/parser/v3/beta_requirements/builds/01_LINUX_NATIVE.md,docs/specifications/28_Parser_Implementations/legacy_imports/specifications_old/parser/v3/beta_requirements/builds/01_LINUX_NATIVE.md,28_Parser_Implementations,regenerated,n/a
docs/specifications_old/parser/v3/beta_requirements/builds/27_BREW.md,docs/specifications/28_Parser_Implementations/legacy_imports/specifications_old/parser/v3/beta_requirements/builds/27_BREW.md,28_Parser_Implementations,regenerated,n/a
docs/specifications_old/parser/v3/beta_requirements/builds/40_GITHUB_ACTIONS.md,docs/specifications/28_Parser_Implementations/legacy_imports/specifications_old/parser/v3/beta_requirements/builds/40_GITHUB_ACTIONS.md,28_Parser_Implementations,regenerated,n/a
docs/specifications_old/parser/v3/beta_requirements/builds/23_DEB.md,docs/specifications/28_Parser_Implementations/legacy_imports/specifications_old/parser/v3/beta_requirements/builds/23_DEB.md,28_Parser_Implementations,regenerated,n/a
docs/specifications_old/parser/v3/beta_requirements/builds/03_MACOS_NATIVE.md,docs/specifications/28_Parser_Implementations/legacy_imports/specifications_old/parser/v3/beta_requirements/builds/03_MACOS_NATIVE.md,28_Parser_Implementations,regenerated,n/a
docs/specifications_old/parser/v3/beta_requirements/builds/02_WINDOWS_NATIVE.md,docs/specifications/28_Parser_Implementations/legacy_imports/specifications_old/parser/v3/beta_requirements/builds/02_WINDOWS_NATIVE.md,28_Parser_Implementations,regenerated,n/a
docs/specifications_old/parser/v3/beta_requirements/builds/12_WINDOWS_TO_LINUX.md,docs/specifications/28_Parser_Implementations/legacy_imports/specifications_old/parser/v3/beta_requirements/builds/12_WINDOWS_TO_LINUX.md,28_Parser_Implementations,regenerated,n/a
docs/specifications_old/parser/v3/beta_requirements/builds/10_LINUX_TO_WINDOWS.md,docs/specifications/28_Parser_Implementations/legacy_imports/specifications_old/parser/v3/beta_requirements/builds/10_LINUX_TO_WINDOWS.md,28_Parser_Implementations,regenerated,n/a
docs/specifications_old/parser/v3/beta_requirements/builds/20_APPIMAGE.md,docs/specifications/28_Parser_Implementations/legacy_imports/specifications_old/parser/v3/beta_requirements/builds/20_APPIMAGE.md,28_Parser_Implementations,regenerated,n/a
docs/specifications_old/parser/v3/beta_requirements/optional/STORAGE_ENCODING_OPTIMIZATIONS.md,docs/specifications/28_Parser_Implementations/legacy_imports/specifications_old/parser/v3/beta_requirements/optional/STORAGE_ENCODING_OPTIMIZATIONS.md,28_Parser_Implementations,regenerated,n/a
docs/specifications_old/parser/v3/beta_requirements/optional/README.md,docs/specifications/28_Parser_Implementations/legacy_imports/specifications_old/parser/v3/beta_requirements/optional/README.md,28_Parser_Implementations,regenerated,n/a
docs/specifications_old/parser/v3/beta_requirements/replication/WAL_IMPLEMENTATION.md,docs/specifications/28_Parser_Implementations/legacy_imports/specifications_old/parser/v3/beta_requirements/replication/WAL_IMPLEMENTATION.md,28_Parser_Implementations,regenerated,n/a
docs/specifications_old/parser/v3/beta_requirements/replication/README.md,docs/specifications/28_Parser_Implementations/legacy_imports/specifications_old/parser/v3/beta_requirements/replication/README.md,28_Parser_Implementations,regenerated,n/a
docs/specifications_old/parser/v3/beta_requirements/replication/BETA_REPLICATION_ARCHITECTURE_FINDINGS.md,docs/specifications/28_Parser_Implementations/legacy_imports/specifications_old/parser/v3/beta_requirements/replication/BETA_REPLICATION_ARCHITECTURE_FINDINGS.md,28_Parser_Implementations,regenerated,n/a
docs/specifications_old/parser/v3/beta_requirements/drivers/dotnet-csharp/IMPLEMENTATION_PLAN.md,docs/specifications/28_Parser_Implementations/legacy_imports/specifications_old/parser/v3/beta_requirements/drivers/dotnet-csharp/IMPLEMENTATION_PLAN.md,28_Parser_Implementations,regenerated,n/a
docs/specifications_old/parser/v3/beta_requirements/drivers/dotnet-csharp/README.md,docs/specifications/28_Parser_Implementations/legacy_imports/specifications_old/parser/v3/beta_requirements/drivers/dotnet-csharp/README.md,28_Parser_Implementations,regenerated,n/a
docs/specifications_old/parser/v3/beta_requirements/drivers/dotnet-csharp/TESTING_CRITERIA.md,docs/specifications/28_Parser_Implementations/legacy_imports/specifications_old/parser/v3/beta_requirements/drivers/dotnet-csharp/TESTING_CRITERIA.md,28_Parser_Implementations,regenerated,n/a
docs/specifications_old/parser/v3/beta_requirements/drivers/dotnet-csharp/API_REFERENCE.md,docs/specifications/28_Parser_Implementations/legacy_imports/specifications_old/parser/v3/beta_requirements/drivers/dotnet-csharp/API_REFERENCE.md,28_Parser_Implementations,regenerated,n/a
docs/specifications_old/parser/v3/beta_requirements/drivers/dotnet-csharp/SPECIFICATION.md,docs/specifications/28_Parser_Implementations/legacy_imports/specifications_old/parser/v3/beta_requirements/drivers/dotnet-csharp/SPECIFICATION.md,28_Parser_Implementations,regenerated,n/a
docs/specifications_old/parser/v3/beta_requirements/drivers/cpp/IMPLEMENTATION_PLAN.md,docs/specifications/28_Parser_Implementations/legacy_imports/specifications_old/parser/v3/beta_requirements/drivers/cpp/IMPLEMENTATION_PLAN.md,28_Parser_Implementations,regenerated,n/a
docs/specifications_old/parser/v3/beta_requirements/drivers/cpp/TESTING_CRITERIA.md,docs/specifications/28_Parser_Implementations/legacy_imports/specifications_old/parser/v3/beta_requirements/drivers/cpp/TESTING_CRITERIA.md,28_Parser_Implementations,regenerated,n/a
docs/specifications_old/parser/v3/beta_requirements/drivers/cpp/API_REFERENCE.md,docs/specifications/28_Parser_Implementations/legacy_imports/specifications_old/parser/v3/beta_requirements/drivers/cpp/API_REFERENCE.md,28_Parser_Implementations,regenerated,n/a
docs/specifications_old/parser/v3/beta_requirements/drivers/cpp/SPECIFICATION.md,docs/specifications/28_Parser_Implementations/legacy_imports/specifications_old/parser/v3/beta_requirements/drivers/cpp/SPECIFICATION.md,28_Parser_Implementations,regenerated,n/a
docs/specifications_old/parser/v3/beta_requirements/drivers/pascal-delphi/IMPLEMENTATION_PLAN.md,docs/specifications/28_Parser_Implementations/legacy_imports/specifications_old/parser/v3/beta_requirements/drivers/pascal-delphi/IMPLEMENTATION_PLAN.md,28_Parser_Implementations,regenerated,n/a
docs/specifications_old/parser/v3/beta_requirements/drivers/pascal-delphi/README.md,docs/specifications/28_Parser_Implementations/legacy_imports/specifications_old/parser/v3/beta_requirements/drivers/pascal-delphi/README.md,28_Parser_Implementations,regenerated,n/a
docs/specifications_old/parser/v3/beta_requirements/drivers/pascal-delphi/TESTING_CRITERIA.md,docs/specifications/28_Parser_Implementations/legacy_imports/specifications_old/parser/v3/beta_requirements/drivers/pascal-delphi/TESTING_CRITERIA.md,28_Parser_Implementations,regenerated,n/a
docs/specifications_old/parser/v3/beta_requirements/drivers/pascal-delphi/API_REFERENCE.md,docs/specifications/28_Parser_Implementations/legacy_imports/specifications_old/parser/v3/beta_requirements/drivers/pascal-delphi/API_REFERENCE.md,28_Parser_Implementations,regenerated,n/a
docs/specifications_old/parser/v3/beta_requirements/drivers/pascal-delphi/SPECIFICATION.md,docs/specifications/28_Parser_Implementations/legacy_imports/specifications_old/parser/v3/beta_requirements/drivers/pascal-delphi/SPECIFICATION.md,28_Parser_Implementations,regenerated,n/a
docs/specifications_old/parser/v3/beta_requirements/drivers/golang/IMPLEMENTATION_PLAN.md,docs/specifications/28_Parser_Implementations/legacy_imports/specifications_old/parser/v3/beta_requirements/drivers/golang/IMPLEMENTATION_PLAN.md,28_Parser_Implementations,regenerated,n/a
docs/specifications_old/parser/v3/beta_requirements/drivers/golang/README.md,docs/specifications/28_Parser_Implementations/legacy_imports/specifications_old/parser/v3/beta_requirements/drivers/golang/README.md,28_Parser_Implementations,regenerated,n/a
docs/specifications_old/parser/v3/beta_requirements/drivers/golang/TESTING_CRITERIA.md,docs/specifications/28_Parser_Implementations/legacy_imports/specifications_old/parser/v3/beta_requirements/drivers/golang/TESTING_CRITERIA.md,28_Parser_Implementations,regenerated,n/a
docs/specifications_old/parser/v3/beta_requirements/drivers/golang/API_REFERENCE.md,docs/specifications/28_Parser_Implementations/legacy_imports/specifications_old/parser/v3/beta_requirements/drivers/golang/API_REFERENCE.md,28_Parser_Implementations,regenerated,n/a
docs/specifications_old/parser/v3/beta_requirements/drivers/golang/SPECIFICATION.md,docs/specifications/28_Parser_Implementations/legacy_imports/specifications_old/parser/v3/beta_requirements/drivers/golang/SPECIFICATION.md,28_Parser_Implementations,regenerated,n/a
docs/specifications_old/parser/v3/beta_requirements/drivers/python/IMPLEMENTATION_PLAN.md,docs/specifications/28_Parser_Implementations/legacy_imports/specifications_old/parser/v3/beta_requirements/drivers/python/IMPLEMENTATION_PLAN.md,28_Parser_Implementations,regenerated,n/a
docs/specifications_old/parser/v3/beta_requirements/drivers/python/README.md,docs/specifications/28_Parser_Implementations/legacy_imports/specifications_old/parser/v3/beta_requirements/drivers/python/README.md,28_Parser_Implementations,regenerated,n/a
docs/specifications_old/parser/v3/beta_requirements/drivers/python/TESTING_CRITERIA.md,docs/specifications/28_Parser_Implementations/legacy_imports/specifications_old/parser/v3/beta_requirements/drivers/python/TESTING_CRITERIA.md,28_Parser_Implementations,regenerated,n/a
docs/specifications_old/parser/v3/beta_requirements/drivers/python/API_REFERENCE.md,docs/specifications/28_Parser_Implementations/legacy_imports/specifications_old/parser/v3/beta_requirements/drivers/python/API_REFERENCE.md,28_Parser_Implementations,regenerated,n/a
docs/specifications_old/parser/v3/beta_requirements/drivers/python/SPECIFICATION.md,docs/specifications/28_Parser_Implementations/legacy_imports/specifications_old/parser/v3/beta_requirements/drivers/python/SPECIFICATION.md,28_Parser_Implementations,regenerated,n/a
docs/specifications_old/parser/v3/beta_requirements/drivers/r/IMPLEMENTATION_PLAN.md,docs/specifications/28_Parser_Implementations/legacy_imports/specifications_old/parser/v3/beta_requirements/drivers/r/IMPLEMENTATION_PLAN.md,28_Parser_Implementations,regenerated,n/a
docs/specifications_old/parser/v3/beta_requirements/drivers/r/TESTING_CRITERIA.md,docs/specifications/28_Parser_Implementations/legacy_imports/specifications_old/parser/v3/beta_requirements/drivers/r/TESTING_CRITERIA.md,28_Parser_Implementations,regenerated,n/a
docs/specifications_old/parser/v3/beta_requirements/drivers/r/API_REFERENCE.md,docs/specifications/28_Parser_Implementations/legacy_imports/specifications_old/parser/v3/beta_requirements/drivers/r/API_REFERENCE.md,28_Parser_Implementations,regenerated,n/a
docs/specifications_old/parser/v3/beta_requirements/drivers/r/SPECIFICATION.md,docs/specifications/28_Parser_Implementations/legacy_imports/specifications_old/parser/v3/beta_requirements/drivers/r/SPECIFICATION.md,28_Parser_Implementations,regenerated,n/a
docs/specifications_old/parser/v3/beta_requirements/drivers/php/IMPLEMENTATION_PLAN.md,docs/specifications/28_Parser_Implementations/legacy_imports/specifications_old/parser/v3/beta_requirements/drivers/php/IMPLEMENTATION_PLAN.md,28_Parser_Implementations,regenerated,n/a
docs/specifications_old/parser/v3/beta_requirements/drivers/php/README.md,docs/specifications/28_Parser_Implementations/legacy_imports/specifications_old/parser/v3/beta_requirements/drivers/php/README.md,28_Parser_Implementations,regenerated,n/a
docs/specifications_old/parser/v3/beta_requirements/drivers/php/TESTING_CRITERIA.md,docs/specifications/28_Parser_Implementations/legacy_imports/specifications_old/parser/v3/beta_requirements/drivers/php/TESTING_CRITERIA.md,28_Parser_Implementations,regenerated,n/a
docs/specifications_old/parser/v3/beta_requirements/drivers/php/API_REFERENCE.md,docs/specifications/28_Parser_Implementations/legacy_imports/specifications_old/parser/v3/beta_requirements/drivers/php/API_REFERENCE.md,28_Parser_Implementations,regenerated,n/a
docs/specifications_old/parser/v3/beta_requirements/drivers/php/SPECIFICATION.md,docs/specifications/28_Parser_Implementations/legacy_imports/specifications_old/parser/v3/beta_requirements/drivers/php/SPECIFICATION.md,28_Parser_Implementations,regenerated,n/a
docs/specifications_old/parser/v3/beta_requirements/drivers/ruby/IMPLEMENTATION_PLAN.md,docs/specifications/28_Parser_Implementations/legacy_imports/specifications_old/parser/v3/beta_requirements/drivers/ruby/IMPLEMENTATION_PLAN.md,28_Parser_Implementations,regenerated,n/a
docs/specifications_old/parser/v3/beta_requirements/drivers/ruby/TESTING_CRITERIA.md,docs/specifications/28_Parser_Implementations/legacy_imports/specifications_old/parser/v3/beta_requirements/drivers/ruby/TESTING_CRITERIA.md,28_Parser_Implementations,regenerated,n/a
docs/specifications_old/parser/v3/beta_requirements/drivers/ruby/API_REFERENCE.md,docs/specifications/28_Parser_Implementations/legacy_imports/specifications_old/parser/v3/beta_requirements/drivers/ruby/API_REFERENCE.md,28_Parser_Implementations,regenerated,n/a
docs/specifications_old/parser/v3/beta_requirements/drivers/ruby/SPECIFICATION.md,docs/specifications/28_Parser_Implementations/legacy_imports/specifications_old/parser/v3/beta_requirements/drivers/ruby/SPECIFICATION.md,28_Parser_Implementations,regenerated,n/a
docs/specifications_old/parser/v3/beta_requirements/drivers/rust/IMPLEMENTATION_PLAN.md,docs/specifications/28_Parser_Implementations/legacy_imports/specifications_old/parser/v3/beta_requirements/drivers/rust/IMPLEMENTATION_PLAN.md,28_Parser_Implementations,regenerated,n/a
docs/specifications_old/parser/v3/beta_requirements/drivers/rust/TESTING_CRITERIA.md,docs/specifications/28_Parser_Implementations/legacy_imports/specifications_old/parser/v3/beta_requirements/drivers/rust/TESTING_CRITERIA.md,28_Parser_Implementations,regenerated,n/a
docs/specifications_old/parser/v3/beta_requirements/drivers/rust/API_REFERENCE.md,docs/specifications/28_Parser_Implementations/legacy_imports/specifications_old/parser/v3/beta_requirements/drivers/rust/API_REFERENCE.md,28_Parser_Implementations,regenerated,n/a
docs/specifications_old/parser/v3/beta_requirements/drivers/rust/SPECIFICATION.md,docs/specifications/28_Parser_Implementations/legacy_imports/specifications_old/parser/v3/beta_requirements/drivers/rust/SPECIFICATION.md,28_Parser_Implementations,regenerated,n/a
docs/specifications_old/parser/v3/beta_requirements/drivers/java-jdbc/IMPLEMENTATION_PLAN.md,docs/specifications/28_Parser_Implementations/legacy_imports/specifications_old/parser/v3/beta_requirements/drivers/java-jdbc/IMPLEMENTATION_PLAN.md,28_Parser_Implementations,regenerated,n/a
docs/specifications_old/parser/v3/beta_requirements/drivers/java-jdbc/README.md,docs/specifications/28_Parser_Implementations/legacy_imports/specifications_old/parser/v3/beta_requirements/drivers/java-jdbc/README.md,28_Parser_Implementations,regenerated,n/a
docs/specifications_old/parser/v3/beta_requirements/drivers/java-jdbc/TESTING_CRITERIA.md,docs/specifications/28_Parser_Implementations/legacy_imports/specifications_old/parser/v3/beta_requirements/drivers/java-jdbc/TESTING_CRITERIA.md,28_Parser_Implementations,regenerated,n/a
docs/specifications_old/parser/v3/beta_requirements/drivers/java-jdbc/API_REFERENCE.md,docs/specifications/28_Parser_Implementations/legacy_imports/specifications_old/parser/v3/beta_requirements/drivers/java-jdbc/API_REFERENCE.md,28_Parser_Implementations,regenerated,n/a
docs/specifications_old/parser/v3/beta_requirements/drivers/java-jdbc/SPECIFICATION.md,docs/specifications/28_Parser_Implementations/legacy_imports/specifications_old/parser/v3/beta_requirements/drivers/java-jdbc/SPECIFICATION.md,28_Parser_Implementations,regenerated,n/a
docs/specifications_old/parser/v3/beta_requirements/big-data-streaming/etl-platforms/README.md,docs/specifications/28_Parser_Implementations/legacy_imports/specifications_old/parser/v3/beta_requirements/big-data-streaming/etl-platforms/README.md,28_Parser_Implementations,regenerated,n/a
docs/specifications_old/parser/v3/beta_requirements/big-data-streaming/hadoop-ecosystem/README.md,docs/specifications/28_Parser_Implementations/legacy_imports/specifications_old/parser/v3/beta_requirements/big-data-streaming/hadoop-ecosystem/README.md,28_Parser_Implementations,regenerated,n/a
docs/specifications_old/parser/v3/beta_requirements/big-data-streaming/apache-spark/README.md,docs/specifications/28_Parser_Implementations/legacy_imports/specifications_old/parser/v3/beta_requirements/big-data-streaming/apache-spark/README.md,28_Parser_Implementations,regenerated,n/a
docs/specifications_old/parser/v3/beta_requirements/big-data-streaming/apache-flink/README.md,docs/specifications/28_Parser_Implementations/legacy_imports/specifications_old/parser/v3/beta_requirements/big-data-streaming/apache-flink/README.md,28_Parser_Implementations,regenerated,n/a
docs/specifications_old/parser/v3/beta_requirements/big-data-streaming/apache-kafka/README.md,docs/specifications/28_Parser_Implementations/legacy_imports/specifications_old/parser/v3/beta_requirements/big-data-streaming/apache-kafka/README.md,28_Parser_Implementations,regenerated,n/a
docs/specifications_old/parser/v3/beta_requirements/big-data-streaming/apache-kafka/SPECIFICATION.md,docs/specifications/28_Parser_Implementations/legacy_imports/specifications_old/parser/v3/beta_requirements/big-data-streaming/apache-kafka/SPECIFICATION.md,28_Parser_Implementations,regenerated,n/a
docs/specifications_old/parser/v3/beta_requirements/orms-frameworks/entity-framework-core/README.md,docs/specifications/28_Parser_Implementations/legacy_imports/specifications_old/parser/v3/beta_requirements/orms-frameworks/entity-framework-core/README.md,28_Parser_Implementations,regenerated,n/a
docs/specifications_old/parser/v3/beta_requirements/orms-frameworks/dapper/README.md,docs/specifications/28_Parser_Implementations/legacy_imports/specifications_old/parser/v3/beta_requirements/orms-frameworks/dapper/README.md,28_Parser_Implementations,regenerated,n/a
docs/specifications_old/parser/v3/beta_requirements/orms-frameworks/gremlin-tinkerpop/README.md,docs/specifications/28_Parser_Implementations/legacy_imports/specifications_old/parser/v3/beta_requirements/orms-frameworks/gremlin-tinkerpop/README.md,28_Parser_Implementations,regenerated,n/a
docs/specifications_old/parser/v3/beta_requirements/orms-frameworks/hibernate-jpa/README.md,docs/specifications/28_Parser_Implementations/legacy_imports/specifications_old/parser/v3/beta_requirements/orms-frameworks/hibernate-jpa/README.md,28_Parser_Implementations,regenerated,n/a
docs/specifications_old/parser/v3/beta_requirements/orms-frameworks/django-orm/README.md,docs/specifications/28_Parser_Implementations/legacy_imports/specifications_old/parser/v3/beta_requirements/orms-frameworks/django-orm/README.md,28_Parser_Implementations,regenerated,n/a
docs/specifications_old/parser/v3/beta_requirements/orms-frameworks/prisma/README.md,docs/specifications/28_Parser_Implementations/legacy_imports/specifications_old/parser/v3/beta_requirements/orms-frameworks/prisma/README.md,28_Parser_Implementations,regenerated,n/a
docs/specifications_old/parser/v3/beta_requirements/orms-frameworks/cypher-opencypher/README.md,docs/specifications/28_Parser_Implementations/legacy_imports/specifications_old/parser/v3/beta_requirements/orms-frameworks/cypher-opencypher/README.md,28_Parser_Implementations,regenerated,n/a
docs/specifications_old/parser/v3/beta_requirements/orms-frameworks/rails-active-record/README.md,docs/specifications/28_Parser_Implementations/legacy_imports/specifications_old/parser/v3/beta_requirements/orms-frameworks/rails-active-record/README.md,28_Parser_Implementations,regenerated,n/a
docs/specifications_old/parser/v3/beta_requirements/orms-frameworks/laravel-eloquent/README.md,docs/specifications/28_Parser_Implementations/legacy_imports/specifications_old/parser/v3/beta_requirements/orms-frameworks/laravel-eloquent/README.md,28_Parser_Implementations,regenerated,n/a
docs/specifications_old/parser/v3/beta_requirements/orms-frameworks/sequelize/README.md,docs/specifications/28_Parser_Implementations/legacy_imports/specifications_old/parser/v3/beta_requirements/orms-frameworks/sequelize/README.md,28_Parser_Implementations,regenerated,n/a
docs/specifications_old/parser/v3/beta_requirements/connectivity/odbc/README.md,docs/specifications/28_Parser_Implementations/legacy_imports/specifications_old/parser/v3/beta_requirements/connectivity/odbc/README.md,28_Parser_Implementations,regenerated,n/a
docs/specifications_old/parser/v3/beta_requirements/connectivity/odbc/SPECIFICATION.md,docs/specifications/28_Parser_Implementations/legacy_imports/specifications_old/parser/v3/beta_requirements/connectivity/odbc/SPECIFICATION.md,28_Parser_Implementations,regenerated,n/a
docs/specifications_old/parser/v3/beta_requirements/connectivity/jdbc/README.md,docs/specifications/28_Parser_Implementations/legacy_imports/specifications_old/parser/v3/beta_requirements/connectivity/jdbc/README.md,28_Parser_Implementations,regenerated,n/a
docs/specifications_old/parser/v3/beta_requirements/cloud-container/docker/README.md,docs/specifications/28_Parser_Implementations/legacy_imports/specifications_old/parser/v3/beta_requirements/cloud-container/docker/README.md,28_Parser_Implementations,regenerated,n/a
docs/specifications_old/parser/v3/beta_requirements/cloud-container/docker/SPECIFICATION.md,docs/specifications/28_Parser_Implementations/legacy_imports/specifications_old/parser/v3/beta_requirements/cloud-container/docker/SPECIFICATION.md,28_Parser_Implementations,regenerated,n/a
docs/specifications_old/parser/v3/beta_requirements/cloud-container/terraform/README.md,docs/specifications/28_Parser_Implementations/legacy_imports/specifications_old/parser/v3/beta_requirements/cloud-container/terraform/README.md,28_Parser_Implementations,regenerated,n/a
docs/specifications_old/parser/v3/beta_requirements/cloud-container/helm-charts/README.md,docs/specifications/28_Parser_Implementations/legacy_imports/specifications_old/parser/v3/beta_requirements/cloud-container/helm-charts/README.md,28_Parser_Implementations,regenerated,n/a
docs/specifications_old/parser/v3/beta_requirements/cloud-container/kubernetes/README.md,docs/specifications/28_Parser_Implementations/legacy_imports/specifications_old/parser/v3/beta_requirements/cloud-container/kubernetes/README.md,28_Parser_Implementations,regenerated,n/a
docs/specifications_old/parser/v3/beta_requirements/tools/prometheus/README.md,docs/specifications/28_Parser_Implementations/legacy_imports/specifications_old/parser/v3/beta_requirements/tools/prometheus/README.md,28_Parser_Implementations,regenerated,n/a
docs/specifications_old/parser/v3/beta_requirements/tools/qlik/README.md,docs/specifications/28_Parser_Implementations/legacy_imports/specifications_old/parser/v3/beta_requirements/tools/qlik/README.md,28_Parser_Implementations,regenerated,n/a
docs/specifications_old/parser/v3/beta_requirements/tools/dbeaver/README.md,docs/specifications/28_Parser_Implementations/legacy_imports/specifications_old/parser/v3/beta_requirements/tools/dbeaver/README.md,28_Parser_Implementations,regenerated,n/a
docs/specifications_old/parser/v3/beta_requirements/tools/grafana/README.md,docs/specifications/28_Parser_Implementations/legacy_imports/specifications_old/parser/v3/beta_requirements/tools/grafana/README.md,28_Parser_Implementations,regenerated,n/a
docs/specifications_old/parser/v3/beta_requirements/tools/tableau/README.md,docs/specifications/28_Parser_Implementations/legacy_imports/specifications_old/parser/v3/beta_requirements/tools/tableau/README.md,28_Parser_Implementations,regenerated,n/a
docs/specifications_old/parser/v3/beta_requirements/tools/power-bi/README.md,docs/specifications/28_Parser_Implementations/legacy_imports/specifications_old/parser/v3/beta_requirements/tools/power-bi/README.md,28_Parser_Implementations,regenerated,n/a
docs/specifications_old/parser/v3/beta_requirements/tools/datagrip/README.md,docs/specifications/28_Parser_Implementations/legacy_imports/specifications_old/parser/v3/beta_requirements/tools/datagrip/README.md,28_Parser_Implementations,regenerated,n/a
docs/specifications_old/parser/v3/beta_requirements/tools/metabase/README.md,docs/specifications/28_Parser_Implementations/legacy_imports/specifications_old/parser/v3/beta_requirements/tools/metabase/README.md,28_Parser_Implementations,regenerated,n/a
docs/specifications_old/parser/v3/beta_requirements/tools/pgadmin/README.md,docs/specifications/28_Parser_Implementations/legacy_imports/specifications_old/parser/v3/beta_requirements/tools/pgadmin/README.md,28_Parser_Implementations,regenerated,n/a
docs/specifications_old/parser/v3/beta_requirements/tools/excel/README.md,docs/specifications/28_Parser_Implementations/legacy_imports/specifications_old/parser/v3/beta_requirements/tools/excel/README.md,28_Parser_Implementations,regenerated,n/a
docs/specifications_old/parser/v3/beta_requirements/applications/joomla/README.md,docs/specifications/28_Parser_Implementations/legacy_imports/specifications_old/parser/v3/beta_requirements/applications/joomla/README.md,28_Parser_Implementations,regenerated,n/a
docs/specifications_old/parser/v3/beta_requirements/applications/odoo-erp/README.md,docs/specifications/28_Parser_Implementations/legacy_imports/specifications_old/parser/v3/beta_requirements/applications/odoo-erp/README.md,28_Parser_Implementations,regenerated,n/a
docs/specifications_old/parser/v3/beta_requirements/applications/magento/README.md,docs/specifications/28_Parser_Implementations/legacy_imports/specifications_old/parser/v3/beta_requirements/applications/magento/README.md,28_Parser_Implementations,regenerated,n/a
docs/specifications_old/parser/v3/beta_requirements/applications/wordpress/README.md,docs/specifications/28_Parser_Implementations/legacy_imports/specifications_old/parser/v3/beta_requirements/applications/wordpress/README.md,28_Parser_Implementations,regenerated,n/a
docs/specifications_old/parser/v3/beta_requirements/applications/woocommerce/README.md,docs/specifications/28_Parser_Implementations/legacy_imports/specifications_old/parser/v3/beta_requirements/applications/woocommerce/README.md,28_Parser_Implementations,regenerated,n/a
docs/specifications_old/parser/v3/beta_requirements/applications/geoserver/README.md,docs/specifications/28_Parser_Implementations/legacy_imports/specifications_old/parser/v3/beta_requirements/applications/geoserver/README.md,28_Parser_Implementations,regenerated,n/a
docs/specifications_old/parser/v3/beta_requirements/applications/drupal/README.md,docs/specifications/28_Parser_Implementations/legacy_imports/specifications_old/parser/v3/beta_requirements/applications/drupal/README.md,28_Parser_Implementations,regenerated,n/a
docs/specifications_old/parser/v3/beta_requirements/applications/metabase/README.md,docs/specifications/28_Parser_Implementations/legacy_imports/specifications_old/parser/v3/beta_requirements/applications/metabase/README.md,28_Parser_Implementations,regenerated,n/a
docs/specifications_old/parser/v3/beta_requirements/applications/qgis/README.md,docs/specifications/28_Parser_Implementations/legacy_imports/specifications_old/parser/v3/beta_requirements/applications/qgis/README.md,28_Parser_Implementations,regenerated,n/a
docs/specifications_old/parser/v3/beta_requirements/applications/mattermost/README.md,docs/specifications/28_Parser_Implementations/legacy_imports/specifications_old/parser/v3/beta_requirements/applications/mattermost/README.md,28_Parser_Implementations,regenerated,n/a
docs/specifications_old/parser/v3/beta_requirements/ai-ml/langchain/README.md,docs/specifications/28_Parser_Implementations/legacy_imports/specifications_old/parser/v3/beta_requirements/ai-ml/langchain/README.md,28_Parser_Implementations,regenerated,n/a
docs/specifications_old/parser/v3/beta_requirements/ai-ml/vector-apis/README.md,docs/specifications/28_Parser_Implementations/legacy_imports/specifications_old/parser/v3/beta_requirements/ai-ml/vector-apis/README.md,28_Parser_Implementations,regenerated,n/a
docs/specifications_old/parser/v3/beta_requirements/ai-ml/haystack/README.md,docs/specifications/28_Parser_Implementations/legacy_imports/specifications_old/parser/v3/beta_requirements/ai-ml/haystack/README.md,28_Parser_Implementations,regenerated,n/a
docs/specifications_old/parser/v3/beta_requirements/replication/uuidv7-optimized/01_UUIDV8_HLC_ARCHITECTURE.md,docs/specifications/28_Parser_Implementations/legacy_imports/specifications_old/parser/v3/beta_requirements/replication/uuidv7-optimized/01_UUIDV8_HLC_ARCHITECTURE.md,28_Parser_Implementations,regenerated,n/a
docs/specifications_old/parser/v3/beta_requirements/replication/uuidv7-optimized/07_TESTING_STRATEGY.md,docs/specifications/28_Parser_Implementations/legacy_imports/specifications_old/parser/v3/beta_requirements/replication/uuidv7-optimized/07_TESTING_STRATEGY.md,28_Parser_Implementations,regenerated,n/a
docs/specifications_old/parser/v3/beta_requirements/replication/uuidv7-optimized/06_IMPLEMENTATION_PHASES.md,docs/specifications/28_Parser_Implementations/legacy_imports/specifications_old/parser/v3/beta_requirements/replication/uuidv7-optimized/06_IMPLEMENTATION_PHASES.md,28_Parser_Implementations,regenerated,n/a
docs/specifications_old/parser/v3/beta_requirements/replication/uuidv7-optimized/01_CORE_ARCHITECTURE.md,docs/specifications/28_Parser_Implementations/legacy_imports/specifications_old/parser/v3/beta_requirements/replication/uuidv7-optimized/01_CORE_ARCHITECTURE.md,28_Parser_Implementations,regenerated,n/a
docs/specifications_old/parser/v3/beta_requirements/replication/uuidv7-optimized/08_MIGRATION_OPERATIONS.md,docs/specifications/28_Parser_Implementations/legacy_imports/specifications_old/parser/v3/beta_requirements/replication/uuidv7-optimized/08_MIGRATION_OPERATIONS.md,28_Parser_Implementations,regenerated,n/a
docs/specifications_old/parser/v3/beta_requirements/replication/uuidv7-optimized/05_MGA_INTEGRATION.md,docs/specifications/28_Parser_Implementations/legacy_imports/specifications_old/parser/v3/beta_requirements/replication/uuidv7-optimized/05_MGA_INTEGRATION.md,28_Parser_Implementations,regenerated,n/a
docs/specifications_old/parser/v3/beta_requirements/replication/uuidv7-optimized/02_LEADERLESS_QUORUM_REPLICATION.md,docs/specifications/28_Parser_Implementations/legacy_imports/specifications_old/parser/v3/beta_requirements/replication/uuidv7-optimized/02_LEADERLESS_QUORUM_REPLICATION.md,28_Parser_Implementations,regenerated,n/a
docs/specifications_old/parser/v3/beta_requirements/replication/uuidv7-optimized/03_SCHEMA_DRIVEN_COLOCATION.md,docs/specifications/28_Parser_Implementations/legacy_imports/specifications_old/parser/v3/beta_requirements/replication/uuidv7-optimized/03_SCHEMA_DRIVEN_COLOCATION.md,28_Parser_Implementations,regenerated,n/a
docs/specifications_old/parser/v3/beta_requirements/replication/uuidv7-optimized/04_TIME_PARTITIONED_MERKLE_FOREST.md,docs/specifications/28_Parser_Implementations/legacy_imports/specifications_old/parser/v3/beta_requirements/replication/uuidv7-optimized/04_TIME_PARTITIONED_MERKLE_FOREST.md,28_Parser_Implementations,regenerated,n/a
docs/specifications_old/parser/v3/testing/test_server/GUI_INTEGRATION.md,docs/specifications/28_Parser_Implementations/legacy_imports/specifications_old/parser/v3/testing/test_server/GUI_INTEGRATION.md,28_Parser_Implementations,regenerated,n/a
docs/specifications_old/parser/v3/testing/test_server/README.md,docs/specifications/28_Parser_Implementations/legacy_imports/specifications_old/parser/v3/testing/test_server/README.md,28_Parser_Implementations,regenerated,n/a
docs/specifications_old/parser/v3/testing/test_server/OPERATIONS.md,docs/specifications/28_Parser_Implementations/legacy_imports/specifications_old/parser/v3/testing/test_server/OPERATIONS.md,28_Parser_Implementations,regenerated,n/a
docs/specifications_old/parser/v3/testing/test_server/DRIVER_TESTING.md,docs/specifications/28_Parser_Implementations/legacy_imports/specifications_old/parser/v3/testing/test_server/DRIVER_TESTING.md,28_Parser_Implementations,regenerated,n/a
docs/specifications_old/parser/v3/Alpha_Phase_1_Archive/development_archive/COMPREHENSIVE_CODE_ANALYSIS_REPORT.md,docs/specifications/28_Parser_Implementations/legacy_imports/specifications_old/parser/v3/Alpha_Phase_1_Archive/development_archive/COMPREHENSIVE_CODE_ANALYSIS_REPORT.md,28_Parser_Implementations,regenerated,n/a
docs/specifications_old/parser/v3/Alpha_Phase_1_Archive/development_archive/COMPREHENSIVE_DOCUMENTATION_ANALYSIS_REPORT.md,docs/specifications/28_Parser_Implementations/legacy_imports/specifications_old/parser/v3/Alpha_Phase_1_Archive/development_archive/COMPREHENSIVE_DOCUMENTATION_ANALYSIS_REPORT.md,28_Parser_Implementations,regenerated,n/a
docs/specifications_old/parser/v3/Alpha_Phase_1_Archive/issues/ALPHA_1_2_REQUIREMENTS.md,docs/specifications/28_Parser_Implementations/legacy_imports/specifications_old/parser/v3/Alpha_Phase_1_Archive/issues/ALPHA_1_2_REQUIREMENTS.md,28_Parser_Implementations,regenerated,n/a
docs/specifications_old/parser/v3/Alpha_Phase_1_Archive/implementation/LSM_TREE_RANGE_SCAN_IMPLEMENTATION_2025-11-06.md,docs/specifications/28_Parser_Implementations/legacy_imports/specifications_old/parser/v3/Alpha_Phase_1_Archive/implementation/LSM_TREE_RANGE_SCAN_IMPLEMENTATION_2025-11-06.md,28_Parser_Implementations,regenerated,n/a
docs/specifications_old/parser/v3/Alpha_Phase_1_Archive/implementation/views-implementation.md,docs/specifications/28_Parser_Implementations/legacy_imports/specifications_old/parser/v3/Alpha_Phase_1_Archive/implementation/views-implementation.md,28_Parser_Implementations,regenerated,n/a
docs/specifications_old/parser/v3/Alpha_Phase_1_Archive/implementation/LSM_TREE_RANGE_SCAN_PROGRESS_2025-11-06.md,docs/specifications/28_Parser_Implementations/legacy_imports/specifications_old/parser/v3/Alpha_Phase_1_Archive/implementation/LSM_TREE_RANGE_SCAN_PROGRESS_2025-11-06.md,28_Parser_Implementations,regenerated,n/a
docs/specifications_old/parser/v3/project/reviews/README.md,docs/specifications/28_Parser_Implementations/legacy_imports/specifications_old/parser/v3/project/reviews/README.md,28_Parser_Implementations,regenerated,n/a
docs/specifications_old/PERFORMANCE_BENCHMARKS.md,docs/specifications/31_Conformance_Performance_and_Reliability_Gates/legacy_imports/specifications_old/PERFORMANCE_BENCHMARKS.md,31_Conformance_Performance_and_Reliability_Gates,regenerated,n/a
docs/specifications_old/testing/README.md,docs/specifications/31_Conformance_Performance_and_Reliability_Gates/legacy_imports/specifications_old/testing/README.md,31_Conformance_Performance_and_Reliability_Gates,regenerated,n/a
docs/specifications_old/testing/ALPHA3_TEST_PLAN.md,docs/specifications/31_Conformance_Performance_and_Reliability_Gates/legacy_imports/specifications_old/testing/ALPHA3_TEST_PLAN.md,31_Conformance_Performance_and_Reliability_Gates,regenerated,n/a
docs/specifications_old/beta_requirements/replication/uuidv7-optimized/07_TESTING_STRATEGY.md,docs/specifications/31_Conformance_Performance_and_Reliability_Gates/legacy_imports/specifications_old/beta_requirements/replication/uuidv7-optimized/07_TESTING_STRATEGY.md,31_Conformance_Performance_and_Reliability_Gates,regenerated,n/a
docs/specifications_old/triggers/TRIGGER_CONTEXT_VARIABLES.md,docs/specifications/16_Context_Variables/legacy_imports/specifications_old/triggers/TRIGGER_CONTEXT_VARIABLES.md,16_Context_Variables,regenerated,n/a
docs/specifications_old/parser/v3/triggers/TRIGGER_CONTEXT_VARIABLES.md,docs/specifications/16_Context_Variables/legacy_imports/specifications_old/parser/v3/triggers/TRIGGER_CONTEXT_VARIABLES.md,16_Context_Variables,regenerated,n/a
docs/specifications_old/reference/firebird/firebird_docs_split/12_Context_Variables.md,docs/specifications/16_Context_Variables/legacy_imports/specifications_old/reference/firebird/firebird_docs_split/12_Context_Variables.md,16_Context_Variables,regenerated,n/a
docs/specifications_old/SCRATCHBIRD_SECURITY_AND_ACCESS_MODEL.md,docs/specifications/19_Security_Model/legacy_imports/specifications_old/SCRATCHBIRD_SECURITY_AND_ACCESS_MODEL.md,19_Security_Model,regenerated,n/a
docs/specifications_old/ddl/DDL_ROW_LEVEL_SECURITY.md,docs/specifications/19_Security_Model/legacy_imports/specifications_old/ddl/DDL_ROW_LEVEL_SECURITY.md,19_Security_Model,regenerated,n/a
docs/specifications_old/ddl/DDL_ROLES_AND_GROUPS.md,docs/specifications/19_Security_Model/legacy_imports/specifications_old/ddl/DDL_ROLES_AND_GROUPS.md,19_Security_Model,regenerated,n/a
docs/specifications_old/Cluster Specification Work/SBCLUSTER-04-SECURITY-BUNDLE.md,docs/specifications/19_Security_Model/legacy_imports/specifications_old/Cluster Specification Work/SBCLUSTER-04-SECURITY-BUNDLE.md,19_Security_Model,regenerated,n/a
docs/specifications_old/Cluster Specification Work/scratch_bird_cluster_architecture_security_specifications_draft.md,docs/specifications/19_Security_Model/legacy_imports/specifications_old/Cluster Specification Work/scratch_bird_cluster_architecture_security_specifications_draft.md,19_Security_Model,regenerated,n/a
docs/specifications_old/Cluster Specification Work/SBCLUSTER-03-CA-POLICY.md,docs/specifications/19_Security_Model/legacy_imports/specifications_old/Cluster Specification Work/SBCLUSTER-03-CA-POLICY.md,19_Security_Model,regenerated,n/a
docs/specifications_old/Security Design Specification/03_AUTHORIZATION_MODEL.md,docs/specifications/19_Security_Model/legacy_imports/specifications_old/Security Design Specification/03_AUTHORIZATION_MODEL.md,19_Security_Model,regenerated,n/a
docs/specifications_old/Security Design Specification/08.01_AUDIT_EVENT_CANONICALIZATION.md,docs/specifications/19_Security_Model/legacy_imports/specifications_old/Security Design Specification/08.01_AUDIT_EVENT_CANONICALIZATION.md,19_Security_Model,regenerated,n/a
docs/specifications_old/Security Design Specification/sbsec_alpha_base.md,docs/specifications/19_Security_Model/legacy_imports/specifications_old/Security Design Specification/sbsec_alpha_base.md,19_Security_Model,regenerated,n/a
docs/specifications_old/Security Design Specification/06.01_QUORUM_PROPOSAL_CANONICALIZATION_HASHING.md,docs/specifications/19_Security_Model/legacy_imports/specifications_old/Security Design Specification/06.01_QUORUM_PROPOSAL_CANONICALIZATION_HASHING.md,19_Security_Model,regenerated,n/a
docs/specifications_old/Security Design Specification/AUTH_CORE_FRAMEWORK.md,docs/specifications/19_Security_Model/legacy_imports/specifications_old/Security Design Specification/AUTH_CORE_FRAMEWORK.md,19_Security_Model,regenerated,n/a
docs/specifications_old/Security Design Specification/04_ENCRYPTION_KEY_MANAGEMENT.md,docs/specifications/19_Security_Model/legacy_imports/specifications_old/Security Design Specification/04_ENCRYPTION_KEY_MANAGEMENT.md,19_Security_Model,regenerated,n/a
docs/specifications_old/Security Design Specification/07_NETWORK_PRESENCE_BINDING.md,docs/specifications/19_Security_Model/legacy_imports/specifications_old/Security Design Specification/07_NETWORK_PRESENCE_BINDING.md,19_Security_Model,regenerated,n/a
docs/specifications_old/Security Design Specification/README.md,docs/specifications/19_Security_Model/legacy_imports/specifications_old/Security Design Specification/README.md,19_Security_Model,regenerated,n/a
docs/specifications_old/Security Design Specification/08.02_AUDIT_CHAIN_VERIFICATION_CHECKPOINTS.md,docs/specifications/19_Security_Model/legacy_imports/specifications_old/Security Design Specification/08.02_AUDIT_CHAIN_VERIFICATION_CHECKPOINTS.md,19_Security_Model,regenerated,n/a
docs/specifications_old/Security Design Specification/AUTH_ENTERPRISE_LDAP_KERBEROS.md,docs/specifications/19_Security_Model/legacy_imports/specifications_old/Security Design Specification/AUTH_ENTERPRISE_LDAP_KERBEROS.md,19_Security_Model,regenerated,n/a
docs/specifications_old/Security Design Specification/AUTH_MODERN_OAUTH_MFA.md,docs/specifications/19_Security_Model/legacy_imports/specifications_old/Security Design Specification/AUTH_MODERN_OAUTH_MFA.md,19_Security_Model,regenerated,n/a
docs/specifications_old/Security Design Specification/09_SECURITY_LEVELS.md,docs/specifications/19_Security_Model/legacy_imports/specifications_old/Security Design Specification/09_SECURITY_LEVELS.md,19_Security_Model,regenerated,n/a
docs/specifications_old/Security Design Specification/EXTERNAL_AUTHENTICATION_DESIGN.md,docs/specifications/19_Security_Model/legacy_imports/specifications_old/Security Design Specification/EXTERNAL_AUTHENTICATION_DESIGN.md,19_Security_Model,regenerated,n/a
docs/specifications_old/Security Design Specification/04.03_NONCE_IV_SPECIFICATION.md,docs/specifications/19_Security_Model/legacy_imports/specifications_old/Security Design Specification/04.03_NONCE_IV_SPECIFICATION.md,19_Security_Model,regenerated,n/a
docs/specifications_old/Security Design Specification/02_IDENTITY_AUTHENTICATION.md,docs/specifications/19_Security_Model/legacy_imports/specifications_old/Security Design Specification/02_IDENTITY_AUTHENTICATION.md,19_Security_Model,regenerated,n/a
docs/specifications_old/Security Design Specification/contributor_security_rules.md,docs/specifications/19_Security_Model/legacy_imports/specifications_old/Security Design Specification/contributor_security_rules.md,19_Security_Model,regenerated,n/a
docs/specifications_old/Security Design Specification/05_IPC_SECURITY.md,docs/specifications/19_Security_Model/legacy_imports/specifications_old/Security Design Specification/05_IPC_SECURITY.md,19_Security_Model,regenerated,n/a
docs/specifications_old/Security Design Specification/supportability_contract.md,docs/specifications/19_Security_Model/legacy_imports/specifications_old/Security Design Specification/supportability_contract.md,19_Security_Model,regenerated,n/a
docs/specifications_old/Security Design Specification/01_SECURITY_ARCHITECTURE.md,docs/specifications/19_Security_Model/legacy_imports/specifications_old/Security Design Specification/01_SECURITY_ARCHITECTURE.md,19_Security_Model,regenerated,n/a
docs/specifications_old/Security Design Specification/04.01_KEY_LIFECYCLE_STATE_MACHINES.md,docs/specifications/19_Security_Model/legacy_imports/specifications_old/Security Design Specification/04.01_KEY_LIFECYCLE_STATE_MACHINES.md,19_Security_Model,regenerated,n/a
docs/specifications_old/Security Design Specification/AUTH_PASSWORD_METHODS.md,docs/specifications/19_Security_Model/legacy_imports/specifications_old/Security Design Specification/AUTH_PASSWORD_METHODS.md,19_Security_Model,regenerated,n/a
docs/specifications_old/Security Design Specification/04.02_KEY_MATERIAL_HANDLING_REQUIREMENTS.md,docs/specifications/19_Security_Model/legacy_imports/specifications_old/Security Design Specification/04.02_KEY_MATERIAL_HANDLING_REQUIREMENTS.md,19_Security_Model,regenerated,n/a
docs/specifications_old/Security Design Specification/08_AUDIT_COMPLIANCE.md,docs/specifications/19_Security_Model/legacy_imports/specifications_old/Security Design Specification/08_AUDIT_COMPLIANCE.md,19_Security_Model,regenerated,n/a
docs/specifications_old/Security Design Specification/06.02_QUORUM_EVIDENCE_AND_AUDIT_COUPLING.md,docs/specifications/19_Security_Model/legacy_imports/specifications_old/Security Design Specification/06.02_QUORUM_EVIDENCE_AND_AUDIT_COUPLING.md,19_Security_Model,regenerated,n/a
docs/specifications_old/Security Design Specification/AUTH_CERTIFICATE_TLS.md,docs/specifications/19_Security_Model/legacy_imports/specifications_old/Security Design Specification/AUTH_CERTIFICATE_TLS.md,19_Security_Model,regenerated,n/a
docs/specifications_old/Security Design Specification/05.A_IPC_WIRE_FORMAT_AND_EXAMPLES.md,docs/specifications/19_Security_Model/legacy_imports/specifications_old/Security Design Specification/05.A_IPC_WIRE_FORMAT_AND_EXAMPLES.md,19_Security_Model,regenerated,n/a
docs/specifications_old/Security Design Specification/ROLE_COMPOSITION_AND_HIERARCHIES.md,docs/specifications/19_Security_Model/legacy_imports/specifications_old/Security Design Specification/ROLE_COMPOSITION_AND_HIERARCHIES.md,19_Security_Model,regenerated,n/a
docs/specifications_old/Security Design Specification/06_CLUSTER_SECURITY.md,docs/specifications/19_Security_Model/legacy_imports/specifications_old/Security Design Specification/06_CLUSTER_SECURITY.md,19_Security_Model,regenerated,n/a
docs/specifications_old/Security Design Specification/10_RELEASE_INTEGRITY_PROVENANCE.md,docs/specifications/19_Security_Model/legacy_imports/specifications_old/Security Design Specification/10_RELEASE_INTEGRITY_PROVENANCE.md,19_Security_Model,regenerated,n/a
docs/specifications_old/tools/SB_SECURITY_CLI_SPECIFICATION.md,docs/specifications/19_Security_Model/legacy_imports/specifications_old/tools/SB_SECURITY_CLI_SPECIFICATION.md,19_Security_Model,regenerated,n/a
docs/specifications_old/catalog/SCHEMA_PATH_SECURITY_DEFAULTS.md,docs/specifications/19_Security_Model/legacy_imports/specifications_old/catalog/SCHEMA_PATH_SECURITY_DEFAULTS.md,19_Security_Model,regenerated,n/a
docs/specifications_old/network/DIALECT_AUTH_MAPPING_SPEC.md,docs/specifications/19_Security_Model/legacy_imports/specifications_old/network/DIALECT_AUTH_MAPPING_SPEC.md,19_Security_Model,regenerated,n/a
docs/specifications_old/testing/test_server/SECURITY_TESTING.md,docs/specifications/19_Security_Model/legacy_imports/specifications_old/testing/test_server/SECURITY_TESTING.md,19_Security_Model,regenerated,n/a
docs/specifications_old/parser/v3/SCRATCHBIRD_SECURITY_AND_ACCESS_MODEL.md,docs/specifications/19_Security_Model/legacy_imports/specifications_old/parser/v3/SCRATCHBIRD_SECURITY_AND_ACCESS_MODEL.md,19_Security_Model,regenerated,n/a
docs/specifications_old/parser/v3/AUTHORITATIVE_SPEC_INVENTORY.md,docs/specifications/19_Security_Model/legacy_imports/specifications_old/parser/v3/AUTHORITATIVE_SPEC_INVENTORY.md,19_Security_Model,regenerated,n/a
docs/specifications_old/parser/v3/ddl/DDL_ROW_LEVEL_SECURITY.md,docs/specifications/19_Security_Model/legacy_imports/specifications_old/parser/v3/ddl/DDL_ROW_LEVEL_SECURITY.md,19_Security_Model,regenerated,n/a
docs/specifications_old/parser/v3/ddl/DDL_ROLES_AND_GROUPS.md,docs/specifications/19_Security_Model/legacy_imports/specifications_old/parser/v3/ddl/DDL_ROLES_AND_GROUPS.md,19_Security_Model,regenerated,n/a
docs/specifications_old/parser/v3/Cluster Specification Work/SBCLUSTER-04-SECURITY-BUNDLE.md,docs/specifications/19_Security_Model/legacy_imports/specifications_old/parser/v3/Cluster Specification Work/SBCLUSTER-04-SECURITY-BUNDLE.md,19_Security_Model,regenerated,n/a
docs/specifications_old/parser/v3/Cluster Specification Work/SBCLUSTER-03-CA-POLICY.md,docs/specifications/19_Security_Model/legacy_imports/specifications_old/parser/v3/Cluster Specification Work/SBCLUSTER-03-CA-POLICY.md,19_Security_Model,regenerated,n/a
docs/specifications_old/parser/v3/Security Design Specification/03_AUTHORIZATION_MODEL.md,docs/specifications/19_Security_Model/legacy_imports/specifications_old/parser/v3/Security Design Specification/03_AUTHORIZATION_MODEL.md,19_Security_Model,regenerated,n/a
docs/specifications_old/parser/v3/Security Design Specification/08.01_AUDIT_EVENT_CANONICALIZATION.md,docs/specifications/19_Security_Model/legacy_imports/specifications_old/parser/v3/Security Design Specification/08.01_AUDIT_EVENT_CANONICALIZATION.md,19_Security_Model,regenerated,n/a
docs/specifications_old/parser/v3/Security Design Specification/sbsec_alpha_base.md,docs/specifications/19_Security_Model/legacy_imports/specifications_old/parser/v3/Security Design Specification/sbsec_alpha_base.md,19_Security_Model,regenerated,n/a
docs/specifications_old/parser/v3/Security Design Specification/06.01_QUORUM_PROPOSAL_CANONICALIZATION_HASHING.md,docs/specifications/19_Security_Model/legacy_imports/specifications_old/parser/v3/Security Design Specification/06.01_QUORUM_PROPOSAL_CANONICALIZATION_HASHING.md,19_Security_Model,regenerated,n/a
docs/specifications_old/parser/v3/Security Design Specification/AUTH_CORE_FRAMEWORK.md,docs/specifications/19_Security_Model/legacy_imports/specifications_old/parser/v3/Security Design Specification/AUTH_CORE_FRAMEWORK.md,19_Security_Model,regenerated,n/a
docs/specifications_old/parser/v3/Security Design Specification/04_ENCRYPTION_KEY_MANAGEMENT.md,docs/specifications/19_Security_Model/legacy_imports/specifications_old/parser/v3/Security Design Specification/04_ENCRYPTION_KEY_MANAGEMENT.md,19_Security_Model,regenerated,n/a
docs/specifications_old/parser/v3/Security Design Specification/07_NETWORK_PRESENCE_BINDING.md,docs/specifications/19_Security_Model/legacy_imports/specifications_old/parser/v3/Security Design Specification/07_NETWORK_PRESENCE_BINDING.md,19_Security_Model,regenerated,n/a
docs/specifications_old/parser/v3/Security Design Specification/README.md,docs/specifications/19_Security_Model/legacy_imports/specifications_old/parser/v3/Security Design Specification/README.md,19_Security_Model,regenerated,n/a
docs/specifications_old/parser/v3/Security Design Specification/08.02_AUDIT_CHAIN_VERIFICATION_CHECKPOINTS.md,docs/specifications/19_Security_Model/legacy_imports/specifications_old/parser/v3/Security Design Specification/08.02_AUDIT_CHAIN_VERIFICATION_CHECKPOINTS.md,19_Security_Model,regenerated,n/a
docs/specifications_old/parser/v3/Security Design Specification/AUTH_ENTERPRISE_LDAP_KERBEROS.md,docs/specifications/19_Security_Model/legacy_imports/specifications_old/parser/v3/Security Design Specification/AUTH_ENTERPRISE_LDAP_KERBEROS.md,19_Security_Model,regenerated,n/a
docs/specifications_old/parser/v3/Security Design Specification/AUTH_MODERN_OAUTH_MFA.md,docs/specifications/19_Security_Model/legacy_imports/specifications_old/parser/v3/Security Design Specification/AUTH_MODERN_OAUTH_MFA.md,19_Security_Model,regenerated,n/a
docs/specifications_old/parser/v3/Security Design Specification/09_SECURITY_LEVELS.md,docs/specifications/19_Security_Model/legacy_imports/specifications_old/parser/v3/Security Design Specification/09_SECURITY_LEVELS.md,19_Security_Model,regenerated,n/a
docs/specifications_old/parser/v3/Security Design Specification/EXTERNAL_AUTHENTICATION_DESIGN.md,docs/specifications/19_Security_Model/legacy_imports/specifications_old/parser/v3/Security Design Specification/EXTERNAL_AUTHENTICATION_DESIGN.md,19_Security_Model,regenerated,n/a
docs/specifications_old/parser/v3/Security Design Specification/04.03_NONCE_IV_SPECIFICATION.md,docs/specifications/19_Security_Model/legacy_imports/specifications_old/parser/v3/Security Design Specification/04.03_NONCE_IV_SPECIFICATION.md,19_Security_Model,regenerated,n/a
docs/specifications_old/parser/v3/Security Design Specification/02_IDENTITY_AUTHENTICATION.md,docs/specifications/19_Security_Model/legacy_imports/specifications_old/parser/v3/Security Design Specification/02_IDENTITY_AUTHENTICATION.md,19_Security_Model,regenerated,n/a
docs/specifications_old/parser/v3/Security Design Specification/contributor_security_rules.md,docs/specifications/19_Security_Model/legacy_imports/specifications_old/parser/v3/Security Design Specification/contributor_security_rules.md,19_Security_Model,regenerated,n/a
docs/specifications_old/parser/v3/Security Design Specification/05_IPC_SECURITY.md,docs/specifications/19_Security_Model/legacy_imports/specifications_old/parser/v3/Security Design Specification/05_IPC_SECURITY.md,19_Security_Model,regenerated,n/a
docs/specifications_old/parser/v3/Security Design Specification/supportability_contract.md,docs/specifications/19_Security_Model/legacy_imports/specifications_old/parser/v3/Security Design Specification/supportability_contract.md,19_Security_Model,regenerated,n/a
docs/specifications_old/parser/v3/Security Design Specification/01_SECURITY_ARCHITECTURE.md,docs/specifications/19_Security_Model/legacy_imports/specifications_old/parser/v3/Security Design Specification/01_SECURITY_ARCHITECTURE.md,19_Security_Model,regenerated,n/a
docs/specifications_old/parser/v3/Security Design Specification/04.01_KEY_LIFECYCLE_STATE_MACHINES.md,docs/specifications/19_Security_Model/legacy_imports/specifications_old/parser/v3/Security Design Specification/04.01_KEY_LIFECYCLE_STATE_MACHINES.md,19_Security_Model,regenerated,n/a
docs/specifications_old/parser/v3/Security Design Specification/AUTH_PASSWORD_METHODS.md,docs/specifications/19_Security_Model/legacy_imports/specifications_old/parser/v3/Security Design Specification/AUTH_PASSWORD_METHODS.md,19_Security_Model,regenerated,n/a
docs/specifications_old/parser/v3/Security Design Specification/04.02_KEY_MATERIAL_HANDLING_REQUIREMENTS.md,docs/specifications/19_Security_Model/legacy_imports/specifications_old/parser/v3/Security Design Specification/04.02_KEY_MATERIAL_HANDLING_REQUIREMENTS.md,19_Security_Model,regenerated,n/a
docs/specifications_old/parser/v3/Security Design Specification/08_AUDIT_COMPLIANCE.md,docs/specifications/19_Security_Model/legacy_imports/specifications_old/parser/v3/Security Design Specification/08_AUDIT_COMPLIANCE.md,19_Security_Model,regenerated,n/a
docs/specifications_old/parser/v3/Security Design Specification/06.02_QUORUM_EVIDENCE_AND_AUDIT_COUPLING.md,docs/specifications/19_Security_Model/legacy_imports/specifications_old/parser/v3/Security Design Specification/06.02_QUORUM_EVIDENCE_AND_AUDIT_COUPLING.md,19_Security_Model,regenerated,n/a
docs/specifications_old/parser/v3/Security Design Specification/AUTH_CERTIFICATE_TLS.md,docs/specifications/19_Security_Model/legacy_imports/specifications_old/parser/v3/Security Design Specification/AUTH_CERTIFICATE_TLS.md,19_Security_Model,regenerated,n/a
docs/specifications_old/parser/v3/Security Design Specification/05.A_IPC_WIRE_FORMAT_AND_EXAMPLES.md,docs/specifications/19_Security_Model/legacy_imports/specifications_old/parser/v3/Security Design Specification/05.A_IPC_WIRE_FORMAT_AND_EXAMPLES.md,19_Security_Model,regenerated,n/a
docs/specifications_old/parser/v3/Security Design Specification/ROLE_COMPOSITION_AND_HIERARCHIES.md,docs/specifications/19_Security_Model/legacy_imports/specifications_old/parser/v3/Security Design Specification/ROLE_COMPOSITION_AND_HIERARCHIES.md,19_Security_Model,regenerated,n/a
docs/specifications_old/parser/v3/Security Design Specification/06_CLUSTER_SECURITY.md,docs/specifications/19_Security_Model/legacy_imports/specifications_old/parser/v3/Security Design Specification/06_CLUSTER_SECURITY.md,19_Security_Model,regenerated,n/a
docs/specifications_old/parser/v3/Security Design Specification/10_RELEASE_INTEGRITY_PROVENANCE.md,docs/specifications/19_Security_Model/legacy_imports/specifications_old/parser/v3/Security Design Specification/10_RELEASE_INTEGRITY_PROVENANCE.md,19_Security_Model,regenerated,n/a
docs/specifications_old/parser/v3/tools/SB_SECURITY_CLI_SPECIFICATION.md,docs/specifications/19_Security_Model/legacy_imports/specifications_old/parser/v3/tools/SB_SECURITY_CLI_SPECIFICATION.md,19_Security_Model,regenerated,n/a
docs/specifications_old/parser/v3/catalog/SCHEMA_PATH_SECURITY_DEFAULTS.md,docs/specifications/19_Security_Model/legacy_imports/specifications_old/parser/v3/catalog/SCHEMA_PATH_SECURITY_DEFAULTS.md,19_Security_Model,regenerated,n/a
docs/specifications_old/parser/v3/network/DIALECT_AUTH_MAPPING_SPEC.md,docs/specifications/19_Security_Model/legacy_imports/specifications_old/parser/v3/network/DIALECT_AUTH_MAPPING_SPEC.md,19_Security_Model,regenerated,n/a
docs/specifications_old/parser/v3/guides/SECURITY_SYSTEM_USAGE_GUIDE.md,docs/specifications/19_Security_Model/legacy_imports/specifications_old/parser/v3/guides/SECURITY_SYSTEM_USAGE_GUIDE.md,19_Security_Model,regenerated,n/a
docs/specifications_old/parser/v3/server/SCRATCHBIRD_SECURITY_AND_ACCESS_MODEL.md,docs/specifications/19_Security_Model/legacy_imports/specifications_old/parser/v3/server/SCRATCHBIRD_SECURITY_AND_ACCESS_MODEL.md,19_Security_Model,regenerated,n/a
docs/specifications_old/parser/v3/beta_requirements/Security Design Specification/README.md,docs/specifications/19_Security_Model/legacy_imports/specifications_old/parser/v3/beta_requirements/Security Design Specification/README.md,19_Security_Model,regenerated,n/a
docs/specifications_old/parser/v3/testing/test_server/SECURITY_TESTING.md,docs/specifications/19_Security_Model/legacy_imports/specifications_old/parser/v3/testing/test_server/SECURITY_TESTING.md,19_Security_Model,regenerated,n/a
docs/specifications_old/reference/postgresql/emulation_specs_18_1/src/interfaces/libpq-oauth/exports.txt,docs/specifications/19_Security_Model/legacy_imports/specifications_old/reference/postgresql/emulation_specs_18_1/src/interfaces/libpq-oauth/exports.txt,19_Security_Model,regenerated,n/a
docs/specifications_old/reference/mysql/emulation_specs_8_4/source_copies/plugin/auth/CMakeLists.txt,docs/specifications/19_Security_Model/legacy_imports/specifications_old/reference/mysql/emulation_specs_8_4/source_copies/plugin/auth/CMakeLists.txt,19_Security_Model,regenerated,n/a
docs/specifications_old/reference/mysql/emulation_specs_8_4/source_copies/extra/libfido2/libfido2-1.15.0/SECURITY.md,docs/specifications/19_Security_Model/legacy_imports/specifications_old/reference/mysql/emulation_specs_8_4/source_copies/extra/libfido2/libfido2-1.15.0/SECURITY.md,19_Security_Model,regenerated,n/a
docs/specifications_old/reference/mysql/emulation_specs_8_4/source_copies/extra/protobuf/protobuf-24.4/SECURITY.md,docs/specifications/19_Security_Model/legacy_imports/specifications_old/reference/mysql/emulation_specs_8_4/source_copies/extra/protobuf/protobuf-24.4/SECURITY.md,19_Security_Model,regenerated,n/a
docs/specifications_old/reference/mysql/emulation_specs_8_4/source_copies/libmysql/authentication_oci_client/CMakeLists.txt,docs/specifications/19_Security_Model/legacy_imports/specifications_old/reference/mysql/emulation_specs_8_4/source_copies/libmysql/authentication_oci_client/CMakeLists.txt,19_Security_Model,regenerated,n/a
docs/specifications_old/reference/mysql/emulation_specs_8_4/source_copies/libmysql/authentication_native_password/CMakeLists.txt,docs/specifications/19_Security_Model/legacy_imports/specifications_old/reference/mysql/emulation_specs_8_4/source_copies/libmysql/authentication_native_password/CMakeLists.txt,19_Security_Model,regenerated,n/a
docs/specifications_old/reference/mysql/emulation_specs_8_4/source_copies/libmysql/authentication_openid_connect_client/CMakeLists.txt,docs/specifications/19_Security_Model/legacy_imports/specifications_old/reference/mysql/emulation_specs_8_4/source_copies/libmysql/authentication_openid_connect_client/CMakeLists.txt,19_Security_Model,regenerated,n/a
docs/specifications_old/reference/mysql/emulation_specs_8_4/source_copies/libmysql/authentication_ldap/CMakeLists.txt,docs/specifications/19_Security_Model/legacy_imports/specifications_old/reference/mysql/emulation_specs_8_4/source_copies/libmysql/authentication_ldap/CMakeLists.txt,19_Security_Model,regenerated,n/a
docs/specifications_old/reference/mysql/emulation_specs_8_4/source_copies/libmysql/authentication_win/CMakeLists.txt,docs/specifications/19_Security_Model/legacy_imports/specifications_old/reference/mysql/emulation_specs_8_4/source_copies/libmysql/authentication_win/CMakeLists.txt,19_Security_Model,regenerated,n/a
docs/specifications_old/reference/mysql/emulation_specs_8_4/source_copies/libmysql/authentication_kerberos/CMakeLists.txt,docs/specifications/19_Security_Model/legacy_imports/specifications_old/reference/mysql/emulation_specs_8_4/source_copies/libmysql/authentication_kerberos/CMakeLists.txt,19_Security_Model,regenerated,n/a
docs/specifications_old/reference/mysql/emulation_specs_8_4/source_copies/libmysql/fido_client/authentication_webauthn/CMakeLists.txt,docs/specifications/19_Security_Model/legacy_imports/specifications_old/reference/mysql/emulation_specs_8_4/source_copies/libmysql/fido_client/authentication_webauthn/CMakeLists.txt,19_Security_Model,regenerated,n/a
docs/specifications_old/reference/firebird/emulation_specs_5/appendix_security_classes.md,docs/specifications/19_Security_Model/legacy_imports/specifications_old/reference/firebird/emulation_specs_5/appendix_security_classes.md,19_Security_Model,regenerated,n/a
docs/specifications_old/reference/firebird/firebird_docs_split/14_Security.md,docs/specifications/19_Security_Model/legacy_imports/specifications_old/reference/firebird/firebird_docs_split/14_Security.md,19_Security_Model,regenerated,n/a
docs/specifications_old/reference/firebird/firebird_docs_split/App_F_Security_Tables.md,docs/specifications/19_Security_Model/legacy_imports/specifications_old/reference/firebird/firebird_docs_split/App_F_Security_Tables.md,19_Security_Model,regenerated,n/a
docs/specifications_old/storage/TOAST_LOB_STORAGE.md,docs/specifications/11_TOAST_and_LOB_Storage/legacy_imports/specifications_old/storage/TOAST_LOB_STORAGE.md,11_TOAST_and_LOB_Storage,regenerated,n/a
docs/specifications_old/storage/HEAP_TOAST_INTEGRATION.md,docs/specifications/11_TOAST_and_LOB_Storage/legacy_imports/specifications_old/storage/HEAP_TOAST_INTEGRATION.md,11_TOAST_and_LOB_Storage,regenerated,n/a
docs/specifications_old/parser/v3/storage/TOAST_LOB_STORAGE.md,docs/specifications/11_TOAST_and_LOB_Storage/legacy_imports/specifications_old/parser/v3/storage/TOAST_LOB_STORAGE.md,11_TOAST_and_LOB_Storage,regenerated,n/a
docs/specifications_old/parser/v3/storage/HEAP_TOAST_INTEGRATION.md,docs/specifications/11_TOAST_and_LOB_Storage/legacy_imports/specifications_old/parser/v3/storage/HEAP_TOAST_INTEGRATION.md,11_TOAST_and_LOB_Storage,regenerated,n/a
docs/specifications_old/remote_database_udr/README.md,docs/specifications/17_Functions_and_Procedures/legacy_imports/specifications_old/remote_database_udr/README.md,17_Functions_and_Procedures,regenerated,n/a
docs/specifications_old/remote_database_udr/05-MSSQL_FIREBIRD_ADAPTERS.md,docs/specifications/17_Functions_and_Procedures/legacy_imports/specifications_old/remote_database_udr/05-MSSQL_FIREBIRD_ADAPTERS.md,17_Functions_and_Procedures,regenerated,n/a
docs/specifications_old/remote_database_udr/08-SQL_SYNTAX.md,docs/specifications/17_Functions_and_Procedures/legacy_imports/specifications_old/remote_database_udr/08-SQL_SYNTAX.md,17_Functions_and_Procedures,regenerated,n/a
docs/specifications_old/remote_database_udr/02-CONNECTION_POOL.md,docs/specifications/17_Functions_and_Procedures/legacy_imports/specifications_old/remote_database_udr/02-CONNECTION_POOL.md,17_Functions_and_Procedures,regenerated,n/a
docs/specifications_old/remote_database_udr/06-QUERY_EXECUTION.md,docs/specifications/17_Functions_and_Procedures/legacy_imports/specifications_old/remote_database_udr/06-QUERY_EXECUTION.md,17_Functions_and_Procedures,regenerated,n/a
docs/specifications_old/remote_database_udr/04-MYSQL_ADAPTER.md,docs/specifications/17_Functions_and_Procedures/legacy_imports/specifications_old/remote_database_udr/04-MYSQL_ADAPTER.md,17_Functions_and_Procedures,regenerated,n/a
docs/specifications_old/remote_database_udr/09-MIGRATION_WORKFLOWS.md,docs/specifications/17_Functions_and_Procedures/legacy_imports/specifications_old/remote_database_udr/09-MIGRATION_WORKFLOWS.md,17_Functions_and_Procedures,regenerated,n/a
docs/specifications_old/remote_database_udr/03-POSTGRESQL_ADAPTER.md,docs/specifications/17_Functions_and_Procedures/legacy_imports/specifications_old/remote_database_udr/03-POSTGRESQL_ADAPTER.md,17_Functions_and_Procedures,regenerated,n/a
docs/specifications_old/remote_database_udr/07-SCHEMA_INTROSPECTION.md,docs/specifications/17_Functions_and_Procedures/legacy_imports/specifications_old/remote_database_udr/07-SCHEMA_INTROSPECTION.md,17_Functions_and_Procedures,regenerated,n/a
docs/specifications_old/udr/README.md,docs/specifications/17_Functions_and_Procedures/legacy_imports/specifications_old/udr/README.md,17_Functions_and_Procedures,regenerated,n/a
docs/specifications_old/udr/UDR_PSQL_EXTENSION_LIBRARY.md,docs/specifications/17_Functions_and_Procedures/legacy_imports/specifications_old/udr/UDR_PSQL_EXTENSION_LIBRARY.md,17_Functions_and_Procedures,regenerated,n/a
docs/specifications_old/udr/10-UDR-System-Specification.md,docs/specifications/17_Functions_and_Procedures/legacy_imports/specifications_old/udr/10-UDR-System-Specification.md,17_Functions_and_Procedures,regenerated,n/a
docs/specifications_old/ddl/DDL_PROCEDURES.md,docs/specifications/17_Functions_and_Procedures/legacy_imports/specifications_old/ddl/DDL_PROCEDURES.md,17_Functions_and_Procedures,regenerated,n/a
docs/specifications_old/ddl/DDL_FUNCTIONS.md,docs/specifications/17_Functions_and_Procedures/legacy_imports/specifications_old/ddl/DDL_FUNCTIONS.md,17_Functions_and_Procedures,regenerated,n/a
docs/specifications_old/udr_connectors/README.md,docs/specifications/17_Functions_and_Procedures/legacy_imports/specifications_old/udr_connectors/README.md,17_Functions_and_Procedures,regenerated,n/a
docs/specifications_old/udr_connectors/UDR_CONNECTOR_BASELINE.md,docs/specifications/17_Functions_and_Procedures/legacy_imports/specifications_old/udr_connectors/UDR_CONNECTOR_BASELINE.md,17_Functions_and_Procedures,regenerated,n/a
docs/specifications_old/core/INTERNAL_FUNCTIONS.md,docs/specifications/17_Functions_and_Procedures/legacy_imports/specifications_old/core/INTERNAL_FUNCTIONS.md,17_Functions_and_Procedures,regenerated,n/a
docs/specifications_old/core/NAMESPACE_FUNCTION_MAP.md,docs/specifications/17_Functions_and_Procedures/legacy_imports/specifications_old/core/NAMESPACE_FUNCTION_MAP.md,17_Functions_and_Procedures,regenerated,n/a
docs/specifications_old/Alpha Phase 2/11-Remote-Database-UDR-Specification.md,docs/specifications/17_Functions_and_Procedures/legacy_imports/specifications_old/Alpha Phase 2/11-Remote-Database-UDR-Specification.md,17_Functions_and_Procedures,regenerated,n/a
docs/specifications_old/Alpha Phase 2/10-UDR-System-Specification.md,docs/specifications/17_Functions_and_Procedures/legacy_imports/specifications_old/Alpha Phase 2/10-UDR-System-Specification.md,17_Functions_and_Procedures,regenerated,n/a
docs/specifications_old/parser/v3/remote_database_udr/README.md,docs/specifications/17_Functions_and_Procedures/legacy_imports/specifications_old/parser/v3/remote_database_udr/README.md,17_Functions_and_Procedures,regenerated,n/a
docs/specifications_old/parser/v3/remote_database_udr/05-MSSQL_FIREBIRD_ADAPTERS.md,docs/specifications/17_Functions_and_Procedures/legacy_imports/specifications_old/parser/v3/remote_database_udr/05-MSSQL_FIREBIRD_ADAPTERS.md,17_Functions_and_Procedures,regenerated,n/a
docs/specifications_old/parser/v3/remote_database_udr/08-SQL_SYNTAX.md,docs/specifications/17_Functions_and_Procedures/legacy_imports/specifications_old/parser/v3/remote_database_udr/08-SQL_SYNTAX.md,17_Functions_and_Procedures,regenerated,n/a
docs/specifications_old/parser/v3/remote_database_udr/02-CONNECTION_POOL.md,docs/specifications/17_Functions_and_Procedures/legacy_imports/specifications_old/parser/v3/remote_database_udr/02-CONNECTION_POOL.md,17_Functions_and_Procedures,regenerated,n/a
docs/specifications_old/parser/v3/remote_database_udr/06-QUERY_EXECUTION.md,docs/specifications/17_Functions_and_Procedures/legacy_imports/specifications_old/parser/v3/remote_database_udr/06-QUERY_EXECUTION.md,17_Functions_and_Procedures,regenerated,n/a
docs/specifications_old/parser/v3/remote_database_udr/04-MYSQL_ADAPTER.md,docs/specifications/17_Functions_and_Procedures/legacy_imports/specifications_old/parser/v3/remote_database_udr/04-MYSQL_ADAPTER.md,17_Functions_and_Procedures,regenerated,n/a
docs/specifications_old/parser/v3/remote_database_udr/09-MIGRATION_WORKFLOWS.md,docs/specifications/17_Functions_and_Procedures/legacy_imports/specifications_old/parser/v3/remote_database_udr/09-MIGRATION_WORKFLOWS.md,17_Functions_and_Procedures,regenerated,n/a
docs/specifications_old/parser/v3/remote_database_udr/03-POSTGRESQL_ADAPTER.md,docs/specifications/17_Functions_and_Procedures/legacy_imports/specifications_old/parser/v3/remote_database_udr/03-POSTGRESQL_ADAPTER.md,17_Functions_and_Procedures,regenerated,n/a
docs/specifications_old/parser/v3/remote_database_udr/07-SCHEMA_INTROSPECTION.md,docs/specifications/17_Functions_and_Procedures/legacy_imports/specifications_old/parser/v3/remote_database_udr/07-SCHEMA_INTROSPECTION.md,17_Functions_and_Procedures,regenerated,n/a
docs/specifications_old/parser/v3/udr/README.md,docs/specifications/17_Functions_and_Procedures/legacy_imports/specifications_old/parser/v3/udr/README.md,17_Functions_and_Procedures,regenerated,n/a
docs/specifications_old/parser/v3/udr/UDR_PSQL_EXTENSION_LIBRARY.md,docs/specifications/17_Functions_and_Procedures/legacy_imports/specifications_old/parser/v3/udr/UDR_PSQL_EXTENSION_LIBRARY.md,17_Functions_and_Procedures,regenerated,n/a
docs/specifications_old/parser/v3/udr/10-UDR-System-Specification.md,docs/specifications/17_Functions_and_Procedures/legacy_imports/specifications_old/parser/v3/udr/10-UDR-System-Specification.md,17_Functions_and_Procedures,regenerated,n/a
docs/specifications_old/parser/v3/ddl/DDL_PROCEDURES.md,docs/specifications/17_Functions_and_Procedures/legacy_imports/specifications_old/parser/v3/ddl/DDL_PROCEDURES.md,17_Functions_and_Procedures,regenerated,n/a
docs/specifications_old/parser/v3/ddl/DDL_FUNCTIONS.md,docs/specifications/17_Functions_and_Procedures/legacy_imports/specifications_old/parser/v3/ddl/DDL_FUNCTIONS.md,17_Functions_and_Procedures,regenerated,n/a
docs/specifications_old/parser/v3/Alpha_Phase_1_Archive/MISSING_FUNCTIONS_PRIORITY.md,docs/specifications/17_Functions_and_Procedures/legacy_imports/specifications_old/parser/v3/Alpha_Phase_1_Archive/MISSING_FUNCTIONS_PRIORITY.md,17_Functions_and_Procedures,regenerated,n/a
docs/specifications_old/parser/v3/udr_connectors/README.md,docs/specifications/17_Functions_and_Procedures/legacy_imports/specifications_old/parser/v3/udr_connectors/README.md,17_Functions_and_Procedures,regenerated,n/a
docs/specifications_old/parser/v3/udr_connectors/UDR_CONNECTOR_BASELINE.md,docs/specifications/17_Functions_and_Procedures/legacy_imports/specifications_old/parser/v3/udr_connectors/UDR_CONNECTOR_BASELINE.md,17_Functions_and_Procedures,regenerated,n/a
docs/specifications_old/parser/v3/core/INTERNAL_FUNCTIONS.md,docs/specifications/17_Functions_and_Procedures/legacy_imports/specifications_old/parser/v3/core/INTERNAL_FUNCTIONS.md,17_Functions_and_Procedures,regenerated,n/a
docs/specifications_old/parser/v3/core/NAMESPACE_FUNCTION_MAP.md,docs/specifications/17_Functions_and_Procedures/legacy_imports/specifications_old/parser/v3/core/NAMESPACE_FUNCTION_MAP.md,17_Functions_and_Procedures,regenerated,n/a
docs/specifications_old/parser/v3/udr_connectors/mssql_udr/SPECIFICATION.md,docs/specifications/17_Functions_and_Procedures/legacy_imports/specifications_old/parser/v3/udr_connectors/mssql_udr/SPECIFICATION.md,17_Functions_and_Procedures,regenerated,n/a
docs/specifications_old/parser/v3/udr_connectors/firebird_udr/SPECIFICATION.md,docs/specifications/17_Functions_and_Procedures/legacy_imports/specifications_old/parser/v3/udr_connectors/firebird_udr/SPECIFICATION.md,17_Functions_and_Procedures,regenerated,n/a
docs/specifications_old/parser/v3/udr_connectors/odbc_udr/SPECIFICATION.md,docs/specifications/17_Functions_and_Procedures/legacy_imports/specifications_old/parser/v3/udr_connectors/odbc_udr/SPECIFICATION.md,17_Functions_and_Procedures,regenerated,n/a
docs/specifications_old/parser/v3/udr_connectors/mysql_udr/SPECIFICATION.md,docs/specifications/17_Functions_and_Procedures/legacy_imports/specifications_old/parser/v3/udr_connectors/mysql_udr/SPECIFICATION.md,17_Functions_and_Procedures,regenerated,n/a
docs/specifications_old/parser/v3/udr_connectors/postgresql_udr/SPECIFICATION.md,docs/specifications/17_Functions_and_Procedures/legacy_imports/specifications_old/parser/v3/udr_connectors/postgresql_udr/SPECIFICATION.md,17_Functions_and_Procedures,regenerated,n/a
docs/specifications_old/parser/v3/udr_connectors/jdbc_udr/SPECIFICATION.md,docs/specifications/17_Functions_and_Procedures/legacy_imports/specifications_old/parser/v3/udr_connectors/jdbc_udr/SPECIFICATION.md,17_Functions_and_Procedures,regenerated,n/a
docs/specifications_old/parser/v3/udr_connectors/scratchbird_udr/SPECIFICATION.md,docs/specifications/17_Functions_and_Procedures/legacy_imports/specifications_old/parser/v3/udr_connectors/scratchbird_udr/SPECIFICATION.md,17_Functions_and_Procedures,regenerated,n/a
docs/specifications_old/parser/v3/udr_connectors/local_scripts_udr/SPECIFICATION.md,docs/specifications/17_Functions_and_Procedures/legacy_imports/specifications_old/parser/v3/udr_connectors/local_scripts_udr/SPECIFICATION.md,17_Functions_and_Procedures,regenerated,n/a
docs/specifications_old/parser/v3/udr_connectors/local_files_udr/SPECIFICATION.md,docs/specifications/17_Functions_and_Procedures/legacy_imports/specifications_old/parser/v3/udr_connectors/local_files_udr/SPECIFICATION.md,17_Functions_and_Procedures,regenerated,n/a
docs/specifications_old/udr_connectors/mssql_udr/SPECIFICATION.md,docs/specifications/17_Functions_and_Procedures/legacy_imports/specifications_old/udr_connectors/mssql_udr/SPECIFICATION.md,17_Functions_and_Procedures,regenerated,n/a
docs/specifications_old/udr_connectors/firebird_udr/SPECIFICATION.md,docs/specifications/17_Functions_and_Procedures/legacy_imports/specifications_old/udr_connectors/firebird_udr/SPECIFICATION.md,17_Functions_and_Procedures,regenerated,n/a
docs/specifications_old/udr_connectors/odbc_udr/SPECIFICATION.md,docs/specifications/17_Functions_and_Procedures/legacy_imports/specifications_old/udr_connectors/odbc_udr/SPECIFICATION.md,17_Functions_and_Procedures,regenerated,n/a
docs/specifications_old/udr_connectors/mysql_udr/SPECIFICATION.md,docs/specifications/17_Functions_and_Procedures/legacy_imports/specifications_old/udr_connectors/mysql_udr/SPECIFICATION.md,17_Functions_and_Procedures,regenerated,n/a
docs/specifications_old/udr_connectors/postgresql_udr/SPECIFICATION.md,docs/specifications/17_Functions_and_Procedures/legacy_imports/specifications_old/udr_connectors/postgresql_udr/SPECIFICATION.md,17_Functions_and_Procedures,regenerated,n/a
docs/specifications_old/udr_connectors/jdbc_udr/SPECIFICATION.md,docs/specifications/17_Functions_and_Procedures/legacy_imports/specifications_old/udr_connectors/jdbc_udr/SPECIFICATION.md,17_Functions_and_Procedures,regenerated,n/a
docs/specifications_old/udr_connectors/scratchbird_udr/SPECIFICATION.md,docs/specifications/17_Functions_and_Procedures/legacy_imports/specifications_old/udr_connectors/scratchbird_udr/SPECIFICATION.md,17_Functions_and_Procedures,regenerated,n/a
docs/specifications_old/udr_connectors/local_scripts_udr/SPECIFICATION.md,docs/specifications/17_Functions_and_Procedures/legacy_imports/specifications_old/udr_connectors/local_scripts_udr/SPECIFICATION.md,17_Functions_and_Procedures,regenerated,n/a
docs/specifications_old/udr_connectors/local_files_udr/SPECIFICATION.md,docs/specifications/17_Functions_and_Procedures/legacy_imports/specifications_old/udr_connectors/local_files_udr/SPECIFICATION.md,17_Functions_and_Procedures,regenerated,n/a
docs/specifications_old/reference/mysql/emulation_specs_8_4/source_copies/extra/abseil/abseil-cpp-20230802.1/absl/functional/CMakeLists.txt,docs/specifications/17_Functions_and_Procedures/legacy_imports/specifications_old/reference/mysql/emulation_specs_8_4/source_copies/extra/abseil/abseil-cpp-20230802.1/absl/functional/CMakeLists.txt,17_Functions_and_Procedures,regenerated,n/a
docs/specifications_old/reference/firebird/emulation_specs_5/appendix_builtins_sysfunctions.md,docs/specifications/17_Functions_and_Procedures/legacy_imports/specifications_old/reference/firebird/emulation_specs_5/appendix_builtins_sysfunctions.md,17_Functions_and_Procedures,regenerated,n/a
docs/specifications_old/reference/firebird/firebird_docs_split/09_Aggregate_Functions.md,docs/specifications/17_Functions_and_Procedures/legacy_imports/specifications_old/reference/firebird/firebird_docs_split/09_Aggregate_Functions.md,17_Functions_and_Procedures,regenerated,n/a
docs/specifications_old/reference/firebird/firebird_docs_split/10_Window_Functions.md,docs/specifications/17_Functions_and_Procedures/legacy_imports/specifications_old/reference/firebird/firebird_docs_split/10_Window_Functions.md,17_Functions_and_Procedures,regenerated,n/a
docs/specifications_old/storage/TABLESPACE_SPECIFICATION.md,docs/specifications/02_Filespace_Lifecycle/legacy_imports/specifications_old/storage/TABLESPACE_SPECIFICATION.md,02_Filespace_Lifecycle,regenerated,n/a
docs/specifications_old/storage/TABLESPACE_ONLINE_MIGRATION.md,docs/specifications/02_Filespace_Lifecycle/legacy_imports/specifications_old/storage/TABLESPACE_ONLINE_MIGRATION.md,02_Filespace_Lifecycle,regenerated,n/a
docs/specifications_old/parser/TABLESPACE_IMPLEMENTATION_PLAN.md,docs/specifications/02_Filespace_Lifecycle/legacy_imports/specifications_old/parser/TABLESPACE_IMPLEMENTATION_PLAN.md,02_Filespace_Lifecycle,regenerated,n/a
docs/specifications_old/beta_requirements/optional/TABLESPACE_SHRINK_COMPACTION.md,docs/specifications/02_Filespace_Lifecycle/legacy_imports/specifications_old/beta_requirements/optional/TABLESPACE_SHRINK_COMPACTION.md,02_Filespace_Lifecycle,regenerated,n/a
docs/specifications_old/parser/v3/storage/TABLESPACE_SPECIFICATION.md,docs/specifications/02_Filespace_Lifecycle/legacy_imports/specifications_old/parser/v3/storage/TABLESPACE_SPECIFICATION.md,02_Filespace_Lifecycle,regenerated,n/a
docs/specifications_old/parser/v3/storage/TABLESPACE_ONLINE_MIGRATION.md,docs/specifications/02_Filespace_Lifecycle/legacy_imports/specifications_old/parser/v3/storage/TABLESPACE_ONLINE_MIGRATION.md,02_Filespace_Lifecycle,regenerated,n/a
docs/specifications_old/parser/v3/beta_requirements/optional/TABLESPACE_SHRINK_COMPACTION.md,docs/specifications/02_Filespace_Lifecycle/legacy_imports/specifications_old/parser/v3/beta_requirements/optional/TABLESPACE_SHRINK_COMPACTION.md,02_Filespace_Lifecycle,regenerated,n/a
docs/specifications_old/TEMPORARY_TABLES_SPECIFICATION.md,docs/specifications/24_Catalog_Model_and_Virtual_Overlays/legacy_imports/specifications_old/TEMPORARY_TABLES_SPECIFICATION.md,24_Catalog_Model_and_Virtual_Overlays,regenerated,n/a
docs/specifications_old/catalog/CATALOG_CORRECTION_PLAN.md,docs/specifications/24_Catalog_Model_and_Virtual_Overlays/legacy_imports/specifications_old/catalog/CATALOG_CORRECTION_PLAN.md,24_Catalog_Model_and_Virtual_Overlays,regenerated,n/a
docs/specifications_old/catalog/SYSTEM_CATALOG_DDL_SBDB.md,docs/specifications/24_Catalog_Model_and_Virtual_Overlays/legacy_imports/specifications_old/catalog/SYSTEM_CATALOG_DDL_SBDB.md,24_Catalog_Model_and_Virtual_Overlays,regenerated,n/a
docs/specifications_old/catalog/README.md,docs/specifications/24_Catalog_Model_and_Virtual_Overlays/legacy_imports/specifications_old/catalog/README.md,24_Catalog_Model_and_Virtual_Overlays,regenerated,n/a
docs/specifications_old/catalog/SCHEMA_PATH_RESOLUTION.md,docs/specifications/24_Catalog_Model_and_Virtual_Overlays/legacy_imports/specifications_old/catalog/SCHEMA_PATH_RESOLUTION.md,24_Catalog_Model_and_Virtual_Overlays,regenerated,n/a
docs/specifications_old/catalog/SYSTEM_CATALOG_STRUCTURE.md,docs/specifications/24_Catalog_Model_and_Virtual_Overlays/legacy_imports/specifications_old/catalog/SYSTEM_CATALOG_STRUCTURE.md,24_Catalog_Model_and_Virtual_Overlays,regenerated,n/a
docs/specifications_old/catalog/COMPONENT_MODEL_AND_RESPONSIBILITIES.md,docs/specifications/24_Catalog_Model_and_Virtual_Overlays/legacy_imports/specifications_old/catalog/COMPONENT_MODEL_AND_RESPONSIBILITIES.md,24_Catalog_Model_and_Virtual_Overlays,regenerated,n/a
docs/specifications_old/parser/v3/development/CATALOG_DESIGN_REQUIREMENTS.md,docs/specifications/24_Catalog_Model_and_Virtual_Overlays/legacy_imports/specifications_old/parser/v3/development/CATALOG_DESIGN_REQUIREMENTS.md,24_Catalog_Model_and_Virtual_Overlays,regenerated,n/a
docs/specifications_old/parser/v3/catalog/CATALOG_CORRECTION_PLAN.md,docs/specifications/24_Catalog_Model_and_Virtual_Overlays/legacy_imports/specifications_old/parser/v3/catalog/CATALOG_CORRECTION_PLAN.md,24_Catalog_Model_and_Virtual_Overlays,regenerated,n/a
docs/specifications_old/parser/v3/catalog/SYSTEM_CATALOG_DDL_SBDB.md,docs/specifications/24_Catalog_Model_and_Virtual_Overlays/legacy_imports/specifications_old/parser/v3/catalog/SYSTEM_CATALOG_DDL_SBDB.md,24_Catalog_Model_and_Virtual_Overlays,regenerated,n/a
docs/specifications_old/parser/v3/catalog/README.md,docs/specifications/24_Catalog_Model_and_Virtual_Overlays/legacy_imports/specifications_old/parser/v3/catalog/README.md,24_Catalog_Model_and_Virtual_Overlays,regenerated,n/a
docs/specifications_old/parser/v3/catalog/SCHEMA_PATH_RESOLUTION.md,docs/specifications/24_Catalog_Model_and_Virtual_Overlays/legacy_imports/specifications_old/parser/v3/catalog/SCHEMA_PATH_RESOLUTION.md,24_Catalog_Model_and_Virtual_Overlays,regenerated,n/a
docs/specifications_old/parser/v3/catalog/SYSTEM_CATALOG_STRUCTURE.md,docs/specifications/24_Catalog_Model_and_Virtual_Overlays/legacy_imports/specifications_old/parser/v3/catalog/SYSTEM_CATALOG_STRUCTURE.md,24_Catalog_Model_and_Virtual_Overlays,regenerated,n/a
docs/specifications_old/parser/v3/catalog/COMPONENT_MODEL_AND_RESPONSIBILITIES.md,docs/specifications/24_Catalog_Model_and_Virtual_Overlays/legacy_imports/specifications_old/parser/v3/catalog/COMPONENT_MODEL_AND_RESPONSIBILITIES.md,24_Catalog_Model_and_Virtual_Overlays,regenerated,n/a
docs/specifications_old/parser/v3/catalog/UUID_LIFECYCLE_RULES.md,docs/specifications/24_Catalog_Model_and_Virtual_Overlays/legacy_imports/specifications_old/parser/v3/catalog/UUID_LIFECYCLE_RULES.md,24_Catalog_Model_and_Virtual_Overlays,regenerated,n/a
docs/specifications_old/reference/firebird/emulation_specs_5/appendix_system_triggers.md,docs/specifications/24_Catalog_Model_and_Virtual_Overlays/legacy_imports/specifications_old/reference/firebird/emulation_specs_5/appendix_system_triggers.md,24_Catalog_Model_and_Virtual_Overlays,regenerated,n/a
docs/specifications_old/reference/firebird/emulation_specs_5/50_catalog.md,docs/specifications/24_Catalog_Model_and_Virtual_Overlays/legacy_imports/specifications_old/reference/firebird/emulation_specs_5/50_catalog.md,24_Catalog_Model_and_Virtual_Overlays,regenerated,n/a
docs/specifications_old/INSTALLATION_AND_INITIALIZATION_SPECIFICATION.md,docs/specifications/01_Configuration_Subsystem/legacy_imports/specifications_old/INSTALLATION_AND_INITIALIZATION_SPECIFICATION.md,01_Configuration_Subsystem,regenerated,n/a
docs/specifications_old/deployment/INSTALLER_FEATURES_AND_CONFIG_GENERATOR.md,docs/specifications/01_Configuration_Subsystem/legacy_imports/specifications_old/deployment/INSTALLER_FEATURES_AND_CONFIG_GENERATOR.md,01_Configuration_Subsystem,regenerated,n/a
docs/specifications_old/deployment/INSTALLATION_AND_BUILD_SPECIFICATION.md,docs/specifications/01_Configuration_Subsystem/legacy_imports/specifications_old/deployment/INSTALLATION_AND_BUILD_SPECIFICATION.md,01_Configuration_Subsystem,regenerated,n/a
docs/specifications_old/Cluster Specification Work/SBCLUSTER-10-OBSERVABILITY.md,docs/specifications/20_Diagnostics_Audit_and_Observability/legacy_imports/specifications_old/Cluster Specification Work/SBCLUSTER-10-OBSERVABILITY.md,20_Diagnostics_Audit_and_Observability,regenerated,n/a
docs/specifications_old/Alpha Phase 2/09-Monitoring-Observability.md,docs/specifications/20_Diagnostics_Audit_and_Observability/legacy_imports/specifications_old/Alpha Phase 2/09-Monitoring-Observability.md,20_Diagnostics_Audit_and_Observability,regenerated,n/a
docs/specifications_old/future/ERROR_HANDLING.md,docs/specifications/20_Diagnostics_Audit_and_Observability/legacy_imports/specifications_old/future/ERROR_HANDLING.md,20_Diagnostics_Audit_and_Observability,regenerated,n/a
docs/specifications_old/parser/v3/Cluster Specification Work/SBCLUSTER-10-OBSERVABILITY.md,docs/specifications/20_Diagnostics_Audit_and_Observability/legacy_imports/specifications_old/parser/v3/Cluster Specification Work/SBCLUSTER-10-OBSERVABILITY.md,20_Diagnostics_Audit_and_Observability,regenerated,n/a
docs/specifications_old/transaction/FIREBIRD_GC_SWEEP_GLOSSARY.md,docs/specifications/10_GC_and_Sweep/legacy_imports/specifications_old/transaction/FIREBIRD_GC_SWEEP_GLOSSARY.md,10_GC_and_Sweep,regenerated,n/a
docs/specifications_old/parser/v3/transaction/FIREBIRD_GC_SWEEP_GLOSSARY.md,docs/specifications/10_GC_and_Sweep/legacy_imports/specifications_old/parser/v3/transaction/FIREBIRD_GC_SWEEP_GLOSSARY.md,10_GC_and_Sweep,regenerated,n/a
docs/specifications_old/README.md,docs/specifications/08_Transaction_Core/legacy_imports/specifications_old/README.md,08_Transaction_Core,regenerated,n/a
docs/specifications_old/MEMORY_MANAGEMENT.md,docs/specifications/08_Transaction_Core/legacy_imports/specifications_old/MEMORY_MANAGEMENT.md,08_Transaction_Core,regenerated,n/a
docs/specifications_old/SCRATCHBIRD_ARCHITECTURE_OVERVIEW.md,docs/specifications/08_Transaction_Core/legacy_imports/specifications_old/SCRATCHBIRD_ARCHITECTURE_OVERVIEW.md,08_Transaction_Core,regenerated,n/a
docs/specifications_old/SCRATCHBIRD_CONNECTION_RECOVERY_MODEL.md,docs/specifications/08_Transaction_Core/legacy_imports/specifications_old/SCRATCHBIRD_CONNECTION_RECOVERY_MODEL.md,08_Transaction_Core,regenerated,n/a
docs/specifications_old/ARCHITECTURE_CLARIFICATIONS.md,docs/specifications/08_Transaction_Core/legacy_imports/specifications_old/ARCHITECTURE_CLARIFICATIONS.md,08_Transaction_Core,regenerated,n/a
docs/specifications_old/FIREBIRD_V2_FEATURE_PARITY_SPECIFICATION.md,docs/specifications/08_Transaction_Core/legacy_imports/specifications_old/FIREBIRD_V2_FEATURE_PARITY_SPECIFICATION.md,08_Transaction_Core,regenerated,n/a
docs/specifications_old/dml/README.md,docs/specifications/08_Transaction_Core/legacy_imports/specifications_old/dml/README.md,08_Transaction_Core,regenerated,n/a
docs/specifications_old/dml/DML_COPY.md,docs/specifications/08_Transaction_Core/legacy_imports/specifications_old/dml/DML_COPY.md,08_Transaction_Core,regenerated,n/a
docs/specifications_old/beta_requirements/README.md,docs/specifications/08_Transaction_Core/legacy_imports/specifications_old/beta_requirements/README.md,08_Transaction_Core,regenerated,n/a
docs/specifications_old/archive/Specification for a Multi-Generational Database Architecture.md,docs/specifications/08_Transaction_Core/legacy_imports/specifications_old/archive/Specification for a Multi-Generational Database Architecture.md,08_Transaction_Core,regenerated,n/a
docs/specifications_old/archive/README.md,docs/specifications/08_Transaction_Core/legacy_imports/specifications_old/archive/README.md,08_Transaction_Core,regenerated,n/a
docs/specifications_old/archive/DraftQueryOptimizationSpecification.md,docs/specifications/08_Transaction_Core/legacy_imports/specifications_old/archive/DraftQueryOptimizationSpecification.md,08_Transaction_Core,regenerated,n/a
docs/specifications_old/ddl/README.md,docs/specifications/08_Transaction_Core/legacy_imports/specifications_old/ddl/README.md,08_Transaction_Core,regenerated,n/a
docs/specifications_old/ddl/DDL_DATABASES.md,docs/specifications/08_Transaction_Core/legacy_imports/specifications_old/ddl/DDL_DATABASES.md,08_Transaction_Core,regenerated,n/a
docs/specifications_old/ddl/02_DDL_STATEMENTS_OVERVIEW.md,docs/specifications/08_Transaction_Core/legacy_imports/specifications_old/ddl/02_DDL_STATEMENTS_OVERVIEW.md,08_Transaction_Core,regenerated,n/a
docs/specifications_old/ddl/DDL_EVENTS.md,docs/specifications/08_Transaction_Core/legacy_imports/specifications_old/ddl/DDL_EVENTS.md,08_Transaction_Core,regenerated,n/a
docs/specifications_old/sblr/FIREBIRD_TRANSACTION_MODEL_SPEC.md,docs/specifications/08_Transaction_Core/legacy_imports/specifications_old/sblr/FIREBIRD_TRANSACTION_MODEL_SPEC.md,08_Transaction_Core,regenerated,n/a
docs/specifications_old/deployment/SYSTEMD_SERVICE_SPECIFICATION.md,docs/specifications/08_Transaction_Core/legacy_imports/specifications_old/deployment/SYSTEMD_SERVICE_SPECIFICATION.md,08_Transaction_Core,regenerated,n/a
docs/specifications_old/storage/README.md,docs/specifications/08_Transaction_Core/legacy_imports/specifications_old/storage/README.md,08_Transaction_Core,regenerated,n/a
docs/specifications_old/storage/MGA_IMPLEMENTATION.md,docs/specifications/08_Transaction_Core/legacy_imports/specifications_old/storage/MGA_IMPLEMENTATION.md,08_Transaction_Core,regenerated,n/a
docs/specifications_old/storage/STORAGE_ENGINE_BUFFER_POOL.md,docs/specifications/08_Transaction_Core/legacy_imports/specifications_old/storage/STORAGE_ENGINE_BUFFER_POOL.md,08_Transaction_Core,regenerated,n/a
docs/specifications_old/storage/STORAGE_ENGINE_PAGE_MANAGEMENT.md,docs/specifications/08_Transaction_Core/legacy_imports/specifications_old/storage/STORAGE_ENGINE_PAGE_MANAGEMENT.md,08_Transaction_Core,regenerated,n/a
docs/specifications_old/storage/STORAGE_ENGINE_MAIN.md,docs/specifications/08_Transaction_Core/legacy_imports/specifications_old/storage/STORAGE_ENGINE_MAIN.md,08_Transaction_Core,regenerated,n/a
docs/specifications_old/query/README.md,docs/specifications/08_Transaction_Core/legacy_imports/specifications_old/query/README.md,08_Transaction_Core,regenerated,n/a
docs/specifications_old/query/QUERY_OPTIMIZER_SPEC.md,docs/specifications/08_Transaction_Core/legacy_imports/specifications_old/query/QUERY_OPTIMIZER_SPEC.md,08_Transaction_Core,regenerated,n/a
docs/specifications_old/query/PARALLEL_EXECUTION_ARCHITECTURE.md,docs/specifications/08_Transaction_Core/legacy_imports/specifications_old/query/PARALLEL_EXECUTION_ARCHITECTURE.md,08_Transaction_Core,regenerated,n/a
docs/specifications_old/api/CONNECTION_POOLING_SPECIFICATION.md,docs/specifications/08_Transaction_Core/legacy_imports/specifications_old/api/CONNECTION_POOLING_SPECIFICATION.md,08_Transaction_Core,regenerated,n/a
docs/specifications_old/transaction/README.md,docs/specifications/08_Transaction_Core/legacy_imports/specifications_old/transaction/README.md,08_Transaction_Core,regenerated,n/a
docs/specifications_old/transaction/TRANSACTION_MGA_CORE.md,docs/specifications/08_Transaction_Core/legacy_imports/specifications_old/transaction/TRANSACTION_MGA_CORE.md,08_Transaction_Core,regenerated,n/a
docs/specifications_old/transaction/07_TRANSACTION_AND_SESSION_CONTROL.md,docs/specifications/08_Transaction_Core/legacy_imports/specifications_old/transaction/07_TRANSACTION_AND_SESSION_CONTROL.md,08_Transaction_Core,regenerated,n/a
docs/specifications_old/transaction/TRANSACTION_DISTRIBUTED.md,docs/specifications/08_Transaction_Core/legacy_imports/specifications_old/transaction/TRANSACTION_DISTRIBUTED.md,08_Transaction_Core,regenerated,n/a
docs/specifications_old/transaction/FIREBIRD_CONSTANTS_REFERENCE.md,docs/specifications/08_Transaction_Core/legacy_imports/specifications_old/transaction/FIREBIRD_CONSTANTS_REFERENCE.md,08_Transaction_Core,regenerated,n/a
docs/specifications_old/transaction/TRANSACTION_MAIN.md,docs/specifications/08_Transaction_Core/legacy_imports/specifications_old/transaction/TRANSACTION_MAIN.md,08_Transaction_Core,regenerated,n/a
docs/specifications_old/operations/PROMETHEUS_METRICS_REFERENCE.md,docs/specifications/08_Transaction_Core/legacy_imports/specifications_old/operations/PROMETHEUS_METRICS_REFERENCE.md,08_Transaction_Core,regenerated,n/a
docs/specifications_old/reference/UUIDv7 Replication System Design.md,docs/specifications/08_Transaction_Core/legacy_imports/specifications_old/reference/UUIDv7 Replication System Design.md,08_Transaction_Core,regenerated,n/a
docs/specifications_old/reference/README.md,docs/specifications/08_Transaction_Core/legacy_imports/specifications_old/reference/README.md,08_Transaction_Core,regenerated,n/a
docs/specifications_old/core/GIT_METADATA_INTEGRATION_SPECIFICATION.md,docs/specifications/08_Transaction_Core/legacy_imports/specifications_old/core/GIT_METADATA_INTEGRATION_SPECIFICATION.md,08_Transaction_Core,regenerated,n/a
docs/specifications_old/core/README.md,docs/specifications/08_Transaction_Core/legacy_imports/specifications_old/core/README.md,08_Transaction_Core,regenerated,n/a
docs/specifications_old/core/IMPLEMENTATION_RECOMMENDATIONS.md,docs/specifications/08_Transaction_Core/legacy_imports/specifications_old/core/IMPLEMENTATION_RECOMMENDATIONS.md,08_Transaction_Core,regenerated,n/a
docs/specifications_old/core/ENGINE_CORE_UNIFIED_SPEC.md,docs/specifications/08_Transaction_Core/legacy_imports/specifications_old/core/ENGINE_CORE_UNIFIED_SPEC.md,08_Transaction_Core,regenerated,n/a
docs/specifications_old/core/CACHE_AND_BUFFER_ARCHITECTURE.md,docs/specifications/08_Transaction_Core/legacy_imports/specifications_old/core/CACHE_AND_BUFFER_ARCHITECTURE.md,08_Transaction_Core,regenerated,n/a
docs/specifications_old/core/THREAD_SAFETY.md,docs/specifications/08_Transaction_Core/legacy_imports/specifications_old/core/THREAD_SAFETY.md,08_Transaction_Core,regenerated,n/a
docs/specifications_old/core/CORE_IMPLEMENTATION_SPECS_SUMMARY.md,docs/specifications/08_Transaction_Core/legacy_imports/specifications_old/core/CORE_IMPLEMENTATION_SPECS_SUMMARY.md,08_Transaction_Core,regenerated,n/a
docs/specifications_old/Alpha Phase 2/README.md,docs/specifications/08_Transaction_Core/legacy_imports/specifications_old/Alpha Phase 2/README.md,08_Transaction_Core,regenerated,n/a
docs/specifications_old/Alpha Phase 2/00-Implementation-Roadmap.md,docs/specifications/08_Transaction_Core/legacy_imports/specifications_old/Alpha Phase 2/00-Implementation-Roadmap.md,08_Transaction_Core,regenerated,n/a
docs/specifications_old/Alpha Phase 2/06-Ingestion-Layer.md,docs/specifications/08_Transaction_Core/legacy_imports/specifications_old/Alpha Phase 2/06-Ingestion-Layer.md,08_Transaction_Core,regenerated,n/a
docs/specifications_old/Alpha Phase 2/03-Distributed-MVCC-Specification.md,docs/specifications/08_Transaction_Core/legacy_imports/specifications_old/Alpha Phase 2/03-Distributed-MVCC-Specification.md,08_Transaction_Core,regenerated,n/a
docs/specifications_old/Alpha Phase 2/01-Architecture-Overview.md,docs/specifications/08_Transaction_Core/legacy_imports/specifications_old/Alpha Phase 2/01-Architecture-Overview.md,08_Transaction_Core,regenerated,n/a
docs/specifications_old/Alpha Phase 2/02-Clock-Synchronization-Specification.md,docs/specifications/08_Transaction_Core/legacy_imports/specifications_old/Alpha Phase 2/02-Clock-Synchronization-Specification.md,08_Transaction_Core,regenerated,n/a
docs/specifications_old/future/C_API_SPECIFICATION.md,docs/specifications/08_Transaction_Core/legacy_imports/specifications_old/future/C_API_SPECIFICATION.md,08_Transaction_Core,regenerated,n/a
docs/specifications_old/beta_requirements/builds/24_RPM.md,docs/specifications/08_Transaction_Core/legacy_imports/specifications_old/beta_requirements/builds/24_RPM.md,08_Transaction_Core,regenerated,n/a
docs/specifications_old/beta_requirements/builds/23_DEB.md,docs/specifications/08_Transaction_Core/legacy_imports/specifications_old/beta_requirements/builds/23_DEB.md,08_Transaction_Core,regenerated,n/a
docs/specifications_old/beta_requirements/builds/03_MACOS_NATIVE.md,docs/specifications/08_Transaction_Core/legacy_imports/specifications_old/beta_requirements/builds/03_MACOS_NATIVE.md,08_Transaction_Core,regenerated,n/a
docs/specifications_old/beta_requirements/optional/README.md,docs/specifications/08_Transaction_Core/legacy_imports/specifications_old/beta_requirements/optional/README.md,08_Transaction_Core,regenerated,n/a
docs/specifications_old/beta_requirements/replication/WAL_IMPLEMENTATION.md,docs/specifications/08_Transaction_Core/legacy_imports/specifications_old/beta_requirements/replication/WAL_IMPLEMENTATION.md,08_Transaction_Core,regenerated,n/a
docs/specifications_old/beta_requirements/replication/README.md,docs/specifications/08_Transaction_Core/legacy_imports/specifications_old/beta_requirements/replication/README.md,08_Transaction_Core,regenerated,n/a
docs/specifications_old/beta_requirements/replication/BETA_REPLICATION_ARCHITECTURE_FINDINGS.md,docs/specifications/08_Transaction_Core/legacy_imports/specifications_old/beta_requirements/replication/BETA_REPLICATION_ARCHITECTURE_FINDINGS.md,08_Transaction_Core,regenerated,n/a
docs/specifications_old/beta_requirements/cloud-container/docker/README.md,docs/specifications/08_Transaction_Core/legacy_imports/specifications_old/beta_requirements/cloud-container/docker/README.md,08_Transaction_Core,regenerated,n/a
docs/specifications_old/beta_requirements/replication/uuidv7-optimized/06_IMPLEMENTATION_PHASES.md,docs/specifications/08_Transaction_Core/legacy_imports/specifications_old/beta_requirements/replication/uuidv7-optimized/06_IMPLEMENTATION_PHASES.md,08_Transaction_Core,regenerated,n/a
docs/specifications_old/beta_requirements/replication/uuidv7-optimized/01_CORE_ARCHITECTURE.md,docs/specifications/08_Transaction_Core/legacy_imports/specifications_old/beta_requirements/replication/uuidv7-optimized/01_CORE_ARCHITECTURE.md,08_Transaction_Core,regenerated,n/a
docs/specifications_old/beta_requirements/replication/uuidv7-optimized/08_MIGRATION_OPERATIONS.md,docs/specifications/08_Transaction_Core/legacy_imports/specifications_old/beta_requirements/replication/uuidv7-optimized/08_MIGRATION_OPERATIONS.md,08_Transaction_Core,regenerated,n/a
docs/specifications_old/beta_requirements/replication/uuidv7-optimized/05_MGA_INTEGRATION.md,docs/specifications/08_Transaction_Core/legacy_imports/specifications_old/beta_requirements/replication/uuidv7-optimized/05_MGA_INTEGRATION.md,08_Transaction_Core,regenerated,n/a
docs/specifications_old/beta_requirements/replication/uuidv7-optimized/02_LEADERLESS_QUORUM_REPLICATION.md,docs/specifications/08_Transaction_Core/legacy_imports/specifications_old/beta_requirements/replication/uuidv7-optimized/02_LEADERLESS_QUORUM_REPLICATION.md,08_Transaction_Core,regenerated,n/a
docs/specifications_old/beta_requirements/replication/uuidv7-optimized/03_SCHEMA_DRIVEN_COLOCATION.md,docs/specifications/08_Transaction_Core/legacy_imports/specifications_old/beta_requirements/replication/uuidv7-optimized/03_SCHEMA_DRIVEN_COLOCATION.md,08_Transaction_Core,regenerated,n/a
docs/specifications_old/parser/v3/TRANSACTION_CONTROL.md,docs/specifications/08_Transaction_Core/legacy_imports/specifications_old/parser/v3/TRANSACTION_CONTROL.md,08_Transaction_Core,regenerated,n/a
docs/specifications_old/parser/v3/design/TRANSACTION_MANAGEMENT_DESIGN.md,docs/specifications/08_Transaction_Core/legacy_imports/specifications_old/parser/v3/design/TRANSACTION_MANAGEMENT_DESIGN.md,08_Transaction_Core,regenerated,n/a
docs/specifications_old/parser/v3/sblr/FIREBIRD_TRANSACTION_MODEL_SPEC.md,docs/specifications/08_Transaction_Core/legacy_imports/specifications_old/parser/v3/sblr/FIREBIRD_TRANSACTION_MODEL_SPEC.md,08_Transaction_Core,regenerated,n/a
docs/specifications_old/parser/v3/transaction/README.md,docs/specifications/08_Transaction_Core/legacy_imports/specifications_old/parser/v3/transaction/README.md,08_Transaction_Core,regenerated,n/a
docs/specifications_old/parser/v3/transaction/TRANSACTION_MGA_CORE.md,docs/specifications/08_Transaction_Core/legacy_imports/specifications_old/parser/v3/transaction/TRANSACTION_MGA_CORE.md,08_Transaction_Core,regenerated,n/a
docs/specifications_old/parser/v3/transaction/07_TRANSACTION_AND_SESSION_CONTROL.md,docs/specifications/08_Transaction_Core/legacy_imports/specifications_old/parser/v3/transaction/07_TRANSACTION_AND_SESSION_CONTROL.md,08_Transaction_Core,regenerated,n/a
docs/specifications_old/parser/v3/transaction/TRANSACTION_DISTRIBUTED.md,docs/specifications/08_Transaction_Core/legacy_imports/specifications_old/parser/v3/transaction/TRANSACTION_DISTRIBUTED.md,08_Transaction_Core,regenerated,n/a
docs/specifications_old/parser/v3/transaction/FIREBIRD_CONSTANTS_REFERENCE.md,docs/specifications/08_Transaction_Core/legacy_imports/specifications_old/parser/v3/transaction/FIREBIRD_CONSTANTS_REFERENCE.md,08_Transaction_Core,regenerated,n/a
docs/specifications_old/parser/v3/transaction/TRANSACTION_MAIN.md,docs/specifications/08_Transaction_Core/legacy_imports/specifications_old/parser/v3/transaction/TRANSACTION_MAIN.md,08_Transaction_Core,regenerated,n/a
docs/specifications_old/reference/firebird/README.md,docs/specifications/08_Transaction_Core/legacy_imports/specifications_old/reference/firebird/README.md,08_Transaction_Core,regenerated,n/a
docs/specifications_old/reference/firebird/2_newtransactionfeatures.pdf,docs/specifications/08_Transaction_Core/legacy_imports/specifications_old/reference/firebird/2_newtransactionfeatures.pdf,08_Transaction_Core,regenerated,n/a
docs/specifications_old/reference/firebird/emulation_specs_5/README.md,docs/specifications/08_Transaction_Core/legacy_imports/specifications_old/reference/firebird/emulation_specs_5/README.md,08_Transaction_Core,regenerated,n/a
docs/specifications_old/reference/firebird/emulation_specs_5/00_scope_and_compliance.md,docs/specifications/08_Transaction_Core/legacy_imports/specifications_old/reference/firebird/emulation_specs_5/00_scope_and_compliance.md,08_Transaction_Core,regenerated,n/a
docs/specifications_old/reference/firebird/emulation_specs_5/20_api_surface.md,docs/specifications/08_Transaction_Core/legacy_imports/specifications_old/reference/firebird/emulation_specs_5/20_api_surface.md,08_Transaction_Core,regenerated,n/a
docs/specifications_old/reference/firebird/firebird_docs_split/13_Transaction_Control.md,docs/specifications/08_Transaction_Core/legacy_imports/specifications_old/reference/firebird/firebird_docs_split/13_Transaction_Control.md,08_Transaction_Core,regenerated,n/a
docs/specifications_old/reference/firebird/firebird_docs_split/App_A_Supplementary_Info.md,docs/specifications/08_Transaction_Core/legacy_imports/specifications_old/reference/firebird/firebird_docs_split/App_A_Supplementary_Info.md,08_Transaction_Core,regenerated,n/a
docs/specifications_old/reference/firebird/firebird_docs_split/App_D_System_Tables.md,docs/specifications/08_Transaction_Core/legacy_imports/specifications_old/reference/firebird/firebird_docs_split/App_D_System_Tables.md,08_Transaction_Core,regenerated,n/a
docs/specifications_old/DATABASE_REGISTRY_SPECIFICATION.md,docs/specifications/27_Native_Handshake/legacy_imports/specifications_old/DATABASE_REGISTRY_SPECIFICATION.md,27_Native_Handshake,regenerated,n/a
docs/specifications_old/DATABASE_REGISTRY_SPECIFICATION_CORRECTED.md,docs/specifications/27_Native_Handshake/legacy_imports/specifications_old/DATABASE_REGISTRY_SPECIFICATION_CORRECTED.md,27_Native_Handshake,regenerated,n/a
docs/specifications_old/parser/v3/DATABASE_REGISTRY_SPECIFICATION.md,docs/specifications/27_Native_Handshake/legacy_imports/specifications_old/parser/v3/DATABASE_REGISTRY_SPECIFICATION.md,27_Native_Handshake,regenerated,n/a
docs/specifications_old/parser/v3/DATABASE_REGISTRY_SPECIFICATION_CORRECTED.md,docs/specifications/27_Native_Handshake/legacy_imports/specifications_old/parser/v3/DATABASE_REGISTRY_SPECIFICATION_CORRECTED.md,27_Native_Handshake,regenerated,n/a
docs/specifications_old/parser/v3/server/DATABASE_REGISTRY_SPECIFICATION.md,docs/specifications/27_Native_Handshake/legacy_imports/specifications_old/parser/v3/server/DATABASE_REGISTRY_SPECIFICATION.md,27_Native_Handshake,regenerated,n/a
docs/specifications_old/parser/v3/server/DATABASE_REGISTRY_SPECIFICATION_CORRECTED.md,docs/specifications/27_Native_Handshake/legacy_imports/specifications_old/parser/v3/server/DATABASE_REGISTRY_SPECIFICATION_CORRECTED.md,27_Native_Handshake,regenerated,n/a
docs/specifications_old/alpha_requirements/optional/OBJECT_NAME_REGISTRY_MATERIALIZED_VIEW.md,docs/specifications/27_Native_Handshake/legacy_imports/specifications_old/alpha_requirements/optional/OBJECT_NAME_REGISTRY_MATERIALIZED_VIEW.md,27_Native_Handshake,regenerated,n/a
docs/specifications_old/V2_PARSER_INDEX_TYPE_COMPLETENESS.md,docs/specifications/14_Base_Scalar_Types/legacy_imports/specifications_old/V2_PARSER_INDEX_TYPE_COMPLETENESS.md,14_Base_Scalar_Types,regenerated,n/a
docs/specifications_old/remote_database_udr/01-CORE_TYPES.md,docs/specifications/14_Base_Scalar_Types/legacy_imports/specifications_old/remote_database_udr/01-CORE_TYPES.md,14_Base_Scalar_Types,regenerated,n/a
docs/specifications_old/ddl/DDL_TYPES.md,docs/specifications/14_Base_Scalar_Types/legacy_imports/specifications_old/ddl/DDL_TYPES.md,14_Base_Scalar_Types,regenerated,n/a
docs/specifications_old/sblr/SBLR_DOMAIN_PAYLOADS.md,docs/specifications/14_Base_Scalar_Types/legacy_imports/specifications_old/sblr/SBLR_DOMAIN_PAYLOADS.md,14_Base_Scalar_Types,regenerated,n/a
docs/specifications_old/types/README.md,docs/specifications/14_Base_Scalar_Types/legacy_imports/specifications_old/types/README.md,14_Base_Scalar_Types,regenerated,n/a
docs/specifications_old/types/UUID_IDENTITY_COLUMNS.md,docs/specifications/14_Base_Scalar_Types/legacy_imports/specifications_old/types/UUID_IDENTITY_COLUMNS.md,14_Base_Scalar_Types,regenerated,n/a
docs/specifications_old/types/TIMEZONE_SYSTEM_CATALOG.md,docs/specifications/14_Base_Scalar_Types/legacy_imports/specifications_old/types/TIMEZONE_SYSTEM_CATALOG.md,14_Base_Scalar_Types,regenerated,n/a
docs/specifications_old/types/I18N_CANONICAL_LISTS.md,docs/specifications/14_Base_Scalar_Types/legacy_imports/specifications_old/types/I18N_CANONICAL_LISTS.md,14_Base_Scalar_Types,regenerated,n/a
docs/specifications_old/types/03_TYPES_AND_DOMAINS.md,docs/specifications/14_Base_Scalar_Types/legacy_imports/specifications_old/types/03_TYPES_AND_DOMAINS.md,14_Base_Scalar_Types,regenerated,n/a
docs/specifications_old/types/DATA_TYPE_PERSISTENCE_AND_CASTS.md,docs/specifications/14_Base_Scalar_Types/legacy_imports/specifications_old/types/DATA_TYPE_PERSISTENCE_AND_CASTS.md,14_Base_Scalar_Types,regenerated,n/a
docs/specifications_old/types/DDL_DOMAINS_COMPREHENSIVE.md,docs/specifications/14_Base_Scalar_Types/legacy_imports/specifications_old/types/DDL_DOMAINS_COMPREHENSIVE.md,14_Base_Scalar_Types,regenerated,n/a
docs/specifications_old/types/character_sets_and_collations.md,docs/specifications/14_Base_Scalar_Types/legacy_imports/specifications_old/types/character_sets_and_collations.md,14_Base_Scalar_Types,regenerated,n/a
docs/specifications_old/types/SBLR_TYPE_MAP.md,docs/specifications/14_Base_Scalar_Types/legacy_imports/specifications_old/types/SBLR_TYPE_MAP.md,14_Base_Scalar_Types,regenerated,n/a
docs/specifications_old/types/COLLATION_TAILORING_LOADER_SPEC.md,docs/specifications/14_Base_Scalar_Types/legacy_imports/specifications_old/types/COLLATION_TAILORING_LOADER_SPEC.md,14_Base_Scalar_Types,regenerated,n/a
docs/specifications_old/beta_requirements/nosql/NOSQL_ENGINE_TYPE_OVERVIEW.md,docs/specifications/14_Base_Scalar_Types/legacy_imports/specifications_old/beta_requirements/nosql/NOSQL_ENGINE_TYPE_OVERVIEW.md,14_Base_Scalar_Types,regenerated,n/a
docs/specifications_old/beta_requirements/drivers/nodejs-typescript/IMPLEMENTATION_PLAN.md,docs/specifications/14_Base_Scalar_Types/legacy_imports/specifications_old/beta_requirements/drivers/nodejs-typescript/IMPLEMENTATION_PLAN.md,14_Base_Scalar_Types,regenerated,n/a
docs/specifications_old/beta_requirements/drivers/nodejs-typescript/README.md,docs/specifications/14_Base_Scalar_Types/legacy_imports/specifications_old/beta_requirements/drivers/nodejs-typescript/README.md,14_Base_Scalar_Types,regenerated,n/a
docs/specifications_old/beta_requirements/drivers/nodejs-typescript/TESTING_CRITERIA.md,docs/specifications/14_Base_Scalar_Types/legacy_imports/specifications_old/beta_requirements/drivers/nodejs-typescript/TESTING_CRITERIA.md,14_Base_Scalar_Types,regenerated,n/a
docs/specifications_old/beta_requirements/drivers/nodejs-typescript/API_REFERENCE.md,docs/specifications/14_Base_Scalar_Types/legacy_imports/specifications_old/beta_requirements/drivers/nodejs-typescript/API_REFERENCE.md,14_Base_Scalar_Types,regenerated,n/a
docs/specifications_old/beta_requirements/drivers/nodejs-typescript/SPECIFICATION.md,docs/specifications/14_Base_Scalar_Types/legacy_imports/specifications_old/beta_requirements/drivers/nodejs-typescript/SPECIFICATION.md,14_Base_Scalar_Types,regenerated,n/a
docs/specifications_old/parser/v3/V2_PARSER_INDEX_TYPE_COMPLETENESS.md,docs/specifications/14_Base_Scalar_Types/legacy_imports/specifications_old/parser/v3/V2_PARSER_INDEX_TYPE_COMPLETENESS.md,14_Base_Scalar_Types,regenerated,n/a
docs/specifications_old/parser/v3/AST_TYPE_AND_LITERAL_SPEC.md,docs/specifications/14_Base_Scalar_Types/legacy_imports/specifications_old/parser/v3/AST_TYPE_AND_LITERAL_SPEC.md,14_Base_Scalar_Types,regenerated,n/a
docs/specifications_old/parser/v3/remote_database_udr/01-CORE_TYPES.md,docs/specifications/14_Base_Scalar_Types/legacy_imports/specifications_old/parser/v3/remote_database_udr/01-CORE_TYPES.md,14_Base_Scalar_Types,regenerated,n/a
docs/specifications_old/parser/v3/ddl/DDL_TYPES.md,docs/specifications/14_Base_Scalar_Types/legacy_imports/specifications_old/parser/v3/ddl/DDL_TYPES.md,14_Base_Scalar_Types,regenerated,n/a
docs/specifications_old/parser/v3/sblr/SBLR_DOMAIN_PAYLOADS.md,docs/specifications/14_Base_Scalar_Types/legacy_imports/specifications_old/parser/v3/sblr/SBLR_DOMAIN_PAYLOADS.md,14_Base_Scalar_Types,regenerated,n/a
docs/specifications_old/parser/v3/types/BINARY_LAYOUT_ANNEX.md,docs/specifications/14_Base_Scalar_Types/legacy_imports/specifications_old/parser/v3/types/BINARY_LAYOUT_ANNEX.md,14_Base_Scalar_Types,regenerated,n/a
docs/specifications_old/parser/v3/types/README.md,docs/specifications/14_Base_Scalar_Types/legacy_imports/specifications_old/parser/v3/types/README.md,14_Base_Scalar_Types,regenerated,n/a
docs/specifications_old/parser/v3/types/UUID_IDENTITY_COLUMNS.md,docs/specifications/14_Base_Scalar_Types/legacy_imports/specifications_old/parser/v3/types/UUID_IDENTITY_COLUMNS.md,14_Base_Scalar_Types,regenerated,n/a
docs/specifications_old/parser/v3/types/TIMEZONE_SYSTEM_CATALOG.md,docs/specifications/14_Base_Scalar_Types/legacy_imports/specifications_old/parser/v3/types/TIMEZONE_SYSTEM_CATALOG.md,14_Base_Scalar_Types,regenerated,n/a
docs/specifications_old/parser/v3/types/I18N_CANONICAL_LISTS.md,docs/specifications/14_Base_Scalar_Types/legacy_imports/specifications_old/parser/v3/types/I18N_CANONICAL_LISTS.md,14_Base_Scalar_Types,regenerated,n/a
docs/specifications_old/parser/v3/types/CANONICALIZATION_RULES.md,docs/specifications/14_Base_Scalar_Types/legacy_imports/specifications_old/parser/v3/types/CANONICALIZATION_RULES.md,14_Base_Scalar_Types,regenerated,n/a
docs/specifications_old/parser/v3/types/COLLATION_RUNTIME_FORMAT.md,docs/specifications/14_Base_Scalar_Types/legacy_imports/specifications_old/parser/v3/types/COLLATION_RUNTIME_FORMAT.md,14_Base_Scalar_Types,regenerated,n/a
docs/specifications_old/parser/v3/types/03_TYPES_AND_DOMAINS.md,docs/specifications/14_Base_Scalar_Types/legacy_imports/specifications_old/parser/v3/types/03_TYPES_AND_DOMAINS.md,14_Base_Scalar_Types,regenerated,n/a
docs/specifications_old/parser/v3/types/VALUE_SPEC_STORAGE_ENCODINGS.md,docs/specifications/14_Base_Scalar_Types/legacy_imports/specifications_old/parser/v3/types/VALUE_SPEC_STORAGE_ENCODINGS.md,14_Base_Scalar_Types,regenerated,n/a
docs/specifications_old/parser/v3/types/DATA_TYPE_PERSISTENCE_AND_CASTS.md,docs/specifications/14_Base_Scalar_Types/legacy_imports/specifications_old/parser/v3/types/DATA_TYPE_PERSISTENCE_AND_CASTS.md,14_Base_Scalar_Types,regenerated,n/a
docs/specifications_old/parser/v3/types/DDL_DOMAINS_COMPREHENSIVE.md,docs/specifications/14_Base_Scalar_Types/legacy_imports/specifications_old/parser/v3/types/DDL_DOMAINS_COMPREHENSIVE.md,14_Base_Scalar_Types,regenerated,n/a
docs/specifications_old/parser/v3/types/character_sets_and_collations.md,docs/specifications/14_Base_Scalar_Types/legacy_imports/specifications_old/parser/v3/types/character_sets_and_collations.md,14_Base_Scalar_Types,regenerated,n/a
docs/specifications_old/parser/v3/types/SBLR_TYPE_MAP.md,docs/specifications/14_Base_Scalar_Types/legacy_imports/specifications_old/parser/v3/types/SBLR_TYPE_MAP.md,14_Base_Scalar_Types,regenerated,n/a
docs/specifications_old/parser/v3/types/COLLATION_TAILORING_LOADER_SPEC.md,docs/specifications/14_Base_Scalar_Types/legacy_imports/specifications_old/parser/v3/types/COLLATION_TAILORING_LOADER_SPEC.md,14_Base_Scalar_Types,regenerated,n/a
docs/specifications_old/parser/v3/catalog/SYSTEM_CATALOG_DOMAIN_MAP.md,docs/specifications/14_Base_Scalar_Types/legacy_imports/specifications_old/parser/v3/catalog/SYSTEM_CATALOG_DOMAIN_MAP.md,14_Base_Scalar_Types,regenerated,n/a
docs/specifications_old/parser/v3/beta_requirements/nosql/NOSQL_ENGINE_TYPE_OVERVIEW.md,docs/specifications/14_Base_Scalar_Types/legacy_imports/specifications_old/parser/v3/beta_requirements/nosql/NOSQL_ENGINE_TYPE_OVERVIEW.md,14_Base_Scalar_Types,regenerated,n/a
docs/specifications_old/parser/v3/beta_requirements/drivers/nodejs-typescript/IMPLEMENTATION_PLAN.md,docs/specifications/14_Base_Scalar_Types/legacy_imports/specifications_old/parser/v3/beta_requirements/drivers/nodejs-typescript/IMPLEMENTATION_PLAN.md,14_Base_Scalar_Types,regenerated,n/a
docs/specifications_old/parser/v3/beta_requirements/drivers/nodejs-typescript/README.md,docs/specifications/14_Base_Scalar_Types/legacy_imports/specifications_old/parser/v3/beta_requirements/drivers/nodejs-typescript/README.md,14_Base_Scalar_Types,regenerated,n/a
docs/specifications_old/parser/v3/beta_requirements/drivers/nodejs-typescript/TESTING_CRITERIA.md,docs/specifications/14_Base_Scalar_Types/legacy_imports/specifications_old/parser/v3/beta_requirements/drivers/nodejs-typescript/TESTING_CRITERIA.md,14_Base_Scalar_Types,regenerated,n/a
docs/specifications_old/parser/v3/beta_requirements/drivers/nodejs-typescript/API_REFERENCE.md,docs/specifications/14_Base_Scalar_Types/legacy_imports/specifications_old/parser/v3/beta_requirements/drivers/nodejs-typescript/API_REFERENCE.md,14_Base_Scalar_Types,regenerated,n/a
docs/specifications_old/parser/v3/beta_requirements/drivers/nodejs-typescript/SPECIFICATION.md,docs/specifications/14_Base_Scalar_Types/legacy_imports/specifications_old/parser/v3/beta_requirements/drivers/nodejs-typescript/SPECIFICATION.md,14_Base_Scalar_Types,regenerated,n/a
docs/specifications_old/parser/v3/beta_requirements/orms-frameworks/typeorm/README.md,docs/specifications/14_Base_Scalar_Types/legacy_imports/specifications_old/parser/v3/beta_requirements/orms-frameworks/typeorm/README.md,14_Base_Scalar_Types,regenerated,n/a
docs/specifications_old/reference/postgresql/emulation_specs_18_1/40_response_formats_and_types.md,docs/specifications/14_Base_Scalar_Types/legacy_imports/specifications_old/reference/postgresql/emulation_specs_18_1/40_response_formats_and_types.md,14_Base_Scalar_Types,regenerated,n/a
docs/specifications_old/reference/postgresql/emulation_specs_18_1/src/interfaces/ecpg/pgtypeslib/exports.txt,docs/specifications/14_Base_Scalar_Types/legacy_imports/specifications_old/reference/postgresql/emulation_specs_18_1/src/interfaces/ecpg/pgtypeslib/exports.txt,14_Base_Scalar_Types,regenerated,n/a
docs/specifications_old/reference/mysql/emulation_specs_8_4/40_response_formats_and_types.md,docs/specifications/14_Base_Scalar_Types/legacy_imports/specifications_old/reference/mysql/emulation_specs_8_4/40_response_formats_and_types.md,14_Base_Scalar_Types,regenerated,n/a
docs/specifications_old/reference/mysql/emulation_specs_8_4/source_copies/extra/abseil/abseil-cpp-20230802.1/absl/types/CMakeLists.txt,docs/specifications/14_Base_Scalar_Types/legacy_imports/specifications_old/reference/mysql/emulation_specs_8_4/source_copies/extra/abseil/abseil-cpp-20230802.1/absl/types/CMakeLists.txt,14_Base_Scalar_Types,regenerated,n/a
docs/specifications_old/reference/mysql/emulation_specs_8_4/source_copies/extra/protobuf/protobuf-24.4/python/docs/google/protobuf/type_pb2.rst,docs/specifications/14_Base_Scalar_Types/legacy_imports/specifications_old/reference/mysql/emulation_specs_8_4/source_copies/extra/protobuf/protobuf-24.4/python/docs/google/protobuf/type_pb2.rst,14_Base_Scalar_Types,regenerated,n/a
docs/specifications_old/reference/firebird/emulation_specs_5/40_response_formats_and_types.md,docs/specifications/14_Base_Scalar_Types/legacy_imports/specifications_old/reference/firebird/emulation_specs_5/40_response_formats_and_types.md,14_Base_Scalar_Types,regenerated,n/a
docs/specifications_old/reference/firebird/firebird_docs_split/03_Data_Types_and_Subtypes.md,docs/specifications/14_Base_Scalar_Types/legacy_imports/specifications_old/reference/firebird/firebird_docs_split/03_Data_Types_and_Subtypes.md,14_Base_Scalar_Types,regenerated,n/a
docs/specifications_old/reference/firebird/firebird_docs_split/08_Built_in_Scalar_Functions.md,docs/specifications/14_Base_Scalar_Types/legacy_imports/specifications_old/reference/firebird/firebird_docs_split/08_Built_in_Scalar_Functions.md,14_Base_Scalar_Types,regenerated,n/a
docs/specifications_old/DRIVER_CONFORMANCE_TEST_HARNESS.md,docs/specifications/30_Client_Tooling/legacy_imports/specifications_old/DRIVER_CONFORMANCE_TEST_HARNESS.md,30_Client_Tooling,regenerated,n/a
docs/specifications_old/DRIVER_STREAMING_AND_PAGING.md,docs/specifications/30_Client_Tooling/legacy_imports/specifications_old/DRIVER_STREAMING_AND_PAGING.md,30_Client_Tooling,regenerated,n/a
docs/specifications_old/BACKUP_AND_RESTORE.md,docs/specifications/30_Client_Tooling/legacy_imports/specifications_old/BACKUP_AND_RESTORE.md,30_Client_Tooling,regenerated,n/a
docs/specifications_old/tools/README.md,docs/specifications/30_Client_Tooling/legacy_imports/specifications_old/tools/README.md,30_Client_Tooling,regenerated,n/a
docs/specifications_old/tools/SB_VERIFY_CLI_SPECIFICATION.md,docs/specifications/30_Client_Tooling/legacy_imports/specifications_old/tools/SB_VERIFY_CLI_SPECIFICATION.md,30_Client_Tooling,regenerated,n/a
docs/specifications_old/tools/SB_BACKUP_CLI_SPECIFICATION.md,docs/specifications/30_Client_Tooling/legacy_imports/specifications_old/tools/SB_BACKUP_CLI_SPECIFICATION.md,30_Client_Tooling,regenerated,n/a
docs/specifications_old/tools/SB_TOOLING_NETWORK_SPEC.md,docs/specifications/30_Client_Tooling/legacy_imports/specifications_old/tools/SB_TOOLING_NETWORK_SPEC.md,30_Client_Tooling,regenerated,n/a
docs/specifications_old/api/README.md,docs/specifications/30_Client_Tooling/legacy_imports/specifications_old/api/README.md,30_Client_Tooling,regenerated,n/a
docs/specifications_old/admin/README.md,docs/specifications/30_Client_Tooling/legacy_imports/specifications_old/admin/README.md,30_Client_Tooling,regenerated,n/a
docs/specifications_old/admin/SB_ADMIN_CLI_SPECIFICATION.md,docs/specifications/30_Client_Tooling/legacy_imports/specifications_old/admin/SB_ADMIN_CLI_SPECIFICATION.md,30_Client_Tooling,regenerated,n/a
docs/specifications_old/scheduler/ALPHA_SCHEDULER_SPECIFICATION.md,docs/specifications/30_Client_Tooling/legacy_imports/specifications_old/scheduler/ALPHA_SCHEDULER_SPECIFICATION.md,30_Client_Tooling,regenerated,n/a
docs/specifications_old/scheduler/README.md,docs/specifications/30_Client_Tooling/legacy_imports/specifications_old/scheduler/README.md,30_Client_Tooling,regenerated,n/a
docs/specifications_old/scheduler/SCHEDULER_JOB_RUNNER_CANONICAL_SPEC.md,docs/specifications/30_Client_Tooling/legacy_imports/specifications_old/scheduler/SCHEDULER_JOB_RUNNER_CANONICAL_SPEC.md,30_Client_Tooling,regenerated,n/a
docs/specifications_old/core/LIVE_MIGRATION_PASSTHROUGH_SPECIFICATION.md,docs/specifications/30_Client_Tooling/legacy_imports/specifications_old/core/LIVE_MIGRATION_PASSTHROUGH_SPECIFICATION.md,30_Client_Tooling,regenerated,n/a
docs/specifications_old/Alpha Phase 2/11g-JDBC-Client-Implementation.md,docs/specifications/30_Client_Tooling/legacy_imports/specifications_old/Alpha Phase 2/11g-JDBC-Client-Implementation.md,30_Client_Tooling,regenerated,n/a
docs/specifications_old/Alpha Phase 2/11e-Firebird-Client-Implementation.md,docs/specifications/30_Client_Tooling/legacy_imports/specifications_old/Alpha Phase 2/11e-Firebird-Client-Implementation.md,30_Client_Tooling,regenerated,n/a
docs/specifications_old/Alpha Phase 2/11i-ScratchBird-Client-Implementation.md,docs/specifications/30_Client_Tooling/legacy_imports/specifications_old/Alpha Phase 2/11i-ScratchBird-Client-Implementation.md,30_Client_Tooling,regenerated,n/a
docs/specifications_old/Alpha Phase 2/11f-ODBC-Client-Implementation.md,docs/specifications/30_Client_Tooling/legacy_imports/specifications_old/Alpha Phase 2/11f-ODBC-Client-Implementation.md,30_Client_Tooling,regenerated,n/a
docs/specifications_old/beta_requirements/drivers/DRIVER_BASELINE_SPEC.md,docs/specifications/30_Client_Tooling/legacy_imports/specifications_old/beta_requirements/drivers/DRIVER_BASELINE_SPEC.md,30_Client_Tooling,regenerated,n/a
docs/specifications_old/beta_requirements/drivers/README.md,docs/specifications/30_Client_Tooling/legacy_imports/specifications_old/beta_requirements/drivers/README.md,30_Client_Tooling,regenerated,n/a
docs/specifications_old/beta_requirements/connectivity/README.md,docs/specifications/30_Client_Tooling/legacy_imports/specifications_old/beta_requirements/connectivity/README.md,30_Client_Tooling,regenerated,n/a
docs/specifications_old/beta_requirements/drivers/dotnet-csharp/IMPLEMENTATION_PLAN.md,docs/specifications/30_Client_Tooling/legacy_imports/specifications_old/beta_requirements/drivers/dotnet-csharp/IMPLEMENTATION_PLAN.md,30_Client_Tooling,regenerated,n/a
docs/specifications_old/beta_requirements/drivers/dotnet-csharp/README.md,docs/specifications/30_Client_Tooling/legacy_imports/specifications_old/beta_requirements/drivers/dotnet-csharp/README.md,30_Client_Tooling,regenerated,n/a
docs/specifications_old/beta_requirements/drivers/dotnet-csharp/TESTING_CRITERIA.md,docs/specifications/30_Client_Tooling/legacy_imports/specifications_old/beta_requirements/drivers/dotnet-csharp/TESTING_CRITERIA.md,30_Client_Tooling,regenerated,n/a
docs/specifications_old/beta_requirements/drivers/dotnet-csharp/API_REFERENCE.md,docs/specifications/30_Client_Tooling/legacy_imports/specifications_old/beta_requirements/drivers/dotnet-csharp/API_REFERENCE.md,30_Client_Tooling,regenerated,n/a
docs/specifications_old/beta_requirements/drivers/dotnet-csharp/SPECIFICATION.md,docs/specifications/30_Client_Tooling/legacy_imports/specifications_old/beta_requirements/drivers/dotnet-csharp/SPECIFICATION.md,30_Client_Tooling,regenerated,n/a
docs/specifications_old/beta_requirements/drivers/cpp/IMPLEMENTATION_PLAN.md,docs/specifications/30_Client_Tooling/legacy_imports/specifications_old/beta_requirements/drivers/cpp/IMPLEMENTATION_PLAN.md,30_Client_Tooling,regenerated,n/a
docs/specifications_old/beta_requirements/drivers/cpp/TESTING_CRITERIA.md,docs/specifications/30_Client_Tooling/legacy_imports/specifications_old/beta_requirements/drivers/cpp/TESTING_CRITERIA.md,30_Client_Tooling,regenerated,n/a
docs/specifications_old/beta_requirements/drivers/cpp/API_REFERENCE.md,docs/specifications/30_Client_Tooling/legacy_imports/specifications_old/beta_requirements/drivers/cpp/API_REFERENCE.md,30_Client_Tooling,regenerated,n/a
docs/specifications_old/beta_requirements/drivers/cpp/SPECIFICATION.md,docs/specifications/30_Client_Tooling/legacy_imports/specifications_old/beta_requirements/drivers/cpp/SPECIFICATION.md,30_Client_Tooling,regenerated,n/a
docs/specifications_old/beta_requirements/drivers/pascal-delphi/IMPLEMENTATION_PLAN.md,docs/specifications/30_Client_Tooling/legacy_imports/specifications_old/beta_requirements/drivers/pascal-delphi/IMPLEMENTATION_PLAN.md,30_Client_Tooling,regenerated,n/a
docs/specifications_old/beta_requirements/drivers/pascal-delphi/README.md,docs/specifications/30_Client_Tooling/legacy_imports/specifications_old/beta_requirements/drivers/pascal-delphi/README.md,30_Client_Tooling,regenerated,n/a
docs/specifications_old/beta_requirements/drivers/pascal-delphi/TESTING_CRITERIA.md,docs/specifications/30_Client_Tooling/legacy_imports/specifications_old/beta_requirements/drivers/pascal-delphi/TESTING_CRITERIA.md,30_Client_Tooling,regenerated,n/a
docs/specifications_old/beta_requirements/drivers/pascal-delphi/API_REFERENCE.md,docs/specifications/30_Client_Tooling/legacy_imports/specifications_old/beta_requirements/drivers/pascal-delphi/API_REFERENCE.md,30_Client_Tooling,regenerated,n/a
docs/specifications_old/beta_requirements/drivers/pascal-delphi/SPECIFICATION.md,docs/specifications/30_Client_Tooling/legacy_imports/specifications_old/beta_requirements/drivers/pascal-delphi/SPECIFICATION.md,30_Client_Tooling,regenerated,n/a
docs/specifications_old/beta_requirements/drivers/golang/IMPLEMENTATION_PLAN.md,docs/specifications/30_Client_Tooling/legacy_imports/specifications_old/beta_requirements/drivers/golang/IMPLEMENTATION_PLAN.md,30_Client_Tooling,regenerated,n/a
docs/specifications_old/beta_requirements/drivers/golang/README.md,docs/specifications/30_Client_Tooling/legacy_imports/specifications_old/beta_requirements/drivers/golang/README.md,30_Client_Tooling,regenerated,n/a
docs/specifications_old/beta_requirements/drivers/golang/TESTING_CRITERIA.md,docs/specifications/30_Client_Tooling/legacy_imports/specifications_old/beta_requirements/drivers/golang/TESTING_CRITERIA.md,30_Client_Tooling,regenerated,n/a
docs/specifications_old/beta_requirements/drivers/golang/API_REFERENCE.md,docs/specifications/30_Client_Tooling/legacy_imports/specifications_old/beta_requirements/drivers/golang/API_REFERENCE.md,30_Client_Tooling,regenerated,n/a
docs/specifications_old/beta_requirements/drivers/golang/SPECIFICATION.md,docs/specifications/30_Client_Tooling/legacy_imports/specifications_old/beta_requirements/drivers/golang/SPECIFICATION.md,30_Client_Tooling,regenerated,n/a
docs/specifications_old/beta_requirements/drivers/python/IMPLEMENTATION_PLAN.md,docs/specifications/30_Client_Tooling/legacy_imports/specifications_old/beta_requirements/drivers/python/IMPLEMENTATION_PLAN.md,30_Client_Tooling,regenerated,n/a
docs/specifications_old/beta_requirements/drivers/python/README.md,docs/specifications/30_Client_Tooling/legacy_imports/specifications_old/beta_requirements/drivers/python/README.md,30_Client_Tooling,regenerated,n/a
docs/specifications_old/beta_requirements/drivers/python/TESTING_CRITERIA.md,docs/specifications/30_Client_Tooling/legacy_imports/specifications_old/beta_requirements/drivers/python/TESTING_CRITERIA.md,30_Client_Tooling,regenerated,n/a
docs/specifications_old/beta_requirements/drivers/python/API_REFERENCE.md,docs/specifications/30_Client_Tooling/legacy_imports/specifications_old/beta_requirements/drivers/python/API_REFERENCE.md,30_Client_Tooling,regenerated,n/a
docs/specifications_old/beta_requirements/drivers/python/SPECIFICATION.md,docs/specifications/30_Client_Tooling/legacy_imports/specifications_old/beta_requirements/drivers/python/SPECIFICATION.md,30_Client_Tooling,regenerated,n/a
docs/specifications_old/beta_requirements/drivers/r/IMPLEMENTATION_PLAN.md,docs/specifications/30_Client_Tooling/legacy_imports/specifications_old/beta_requirements/drivers/r/IMPLEMENTATION_PLAN.md,30_Client_Tooling,regenerated,n/a
docs/specifications_old/beta_requirements/drivers/r/TESTING_CRITERIA.md,docs/specifications/30_Client_Tooling/legacy_imports/specifications_old/beta_requirements/drivers/r/TESTING_CRITERIA.md,30_Client_Tooling,regenerated,n/a
docs/specifications_old/beta_requirements/drivers/r/API_REFERENCE.md,docs/specifications/30_Client_Tooling/legacy_imports/specifications_old/beta_requirements/drivers/r/API_REFERENCE.md,30_Client_Tooling,regenerated,n/a
docs/specifications_old/beta_requirements/drivers/r/SPECIFICATION.md,docs/specifications/30_Client_Tooling/legacy_imports/specifications_old/beta_requirements/drivers/r/SPECIFICATION.md,30_Client_Tooling,regenerated,n/a
docs/specifications_old/beta_requirements/drivers/php/IMPLEMENTATION_PLAN.md,docs/specifications/30_Client_Tooling/legacy_imports/specifications_old/beta_requirements/drivers/php/IMPLEMENTATION_PLAN.md,30_Client_Tooling,regenerated,n/a
docs/specifications_old/beta_requirements/drivers/php/README.md,docs/specifications/30_Client_Tooling/legacy_imports/specifications_old/beta_requirements/drivers/php/README.md,30_Client_Tooling,regenerated,n/a
docs/specifications_old/beta_requirements/drivers/php/TESTING_CRITERIA.md,docs/specifications/30_Client_Tooling/legacy_imports/specifications_old/beta_requirements/drivers/php/TESTING_CRITERIA.md,30_Client_Tooling,regenerated,n/a
docs/specifications_old/beta_requirements/drivers/php/API_REFERENCE.md,docs/specifications/30_Client_Tooling/legacy_imports/specifications_old/beta_requirements/drivers/php/API_REFERENCE.md,30_Client_Tooling,regenerated,n/a
docs/specifications_old/beta_requirements/drivers/php/SPECIFICATION.md,docs/specifications/30_Client_Tooling/legacy_imports/specifications_old/beta_requirements/drivers/php/SPECIFICATION.md,30_Client_Tooling,regenerated,n/a
docs/specifications_old/beta_requirements/drivers/ruby/IMPLEMENTATION_PLAN.md,docs/specifications/30_Client_Tooling/legacy_imports/specifications_old/beta_requirements/drivers/ruby/IMPLEMENTATION_PLAN.md,30_Client_Tooling,regenerated,n/a
docs/specifications_old/beta_requirements/drivers/ruby/TESTING_CRITERIA.md,docs/specifications/30_Client_Tooling/legacy_imports/specifications_old/beta_requirements/drivers/ruby/TESTING_CRITERIA.md,30_Client_Tooling,regenerated,n/a
docs/specifications_old/beta_requirements/drivers/ruby/API_REFERENCE.md,docs/specifications/30_Client_Tooling/legacy_imports/specifications_old/beta_requirements/drivers/ruby/API_REFERENCE.md,30_Client_Tooling,regenerated,n/a
docs/specifications_old/beta_requirements/drivers/ruby/SPECIFICATION.md,docs/specifications/30_Client_Tooling/legacy_imports/specifications_old/beta_requirements/drivers/ruby/SPECIFICATION.md,30_Client_Tooling,regenerated,n/a
docs/specifications_old/beta_requirements/drivers/rust/IMPLEMENTATION_PLAN.md,docs/specifications/30_Client_Tooling/legacy_imports/specifications_old/beta_requirements/drivers/rust/IMPLEMENTATION_PLAN.md,30_Client_Tooling,regenerated,n/a
docs/specifications_old/beta_requirements/drivers/rust/TESTING_CRITERIA.md,docs/specifications/30_Client_Tooling/legacy_imports/specifications_old/beta_requirements/drivers/rust/TESTING_CRITERIA.md,30_Client_Tooling,regenerated,n/a
docs/specifications_old/beta_requirements/drivers/rust/API_REFERENCE.md,docs/specifications/30_Client_Tooling/legacy_imports/specifications_old/beta_requirements/drivers/rust/API_REFERENCE.md,30_Client_Tooling,regenerated,n/a
docs/specifications_old/beta_requirements/drivers/rust/SPECIFICATION.md,docs/specifications/30_Client_Tooling/legacy_imports/specifications_old/beta_requirements/drivers/rust/SPECIFICATION.md,30_Client_Tooling,regenerated,n/a
docs/specifications_old/beta_requirements/drivers/java-jdbc/IMPLEMENTATION_PLAN.md,docs/specifications/30_Client_Tooling/legacy_imports/specifications_old/beta_requirements/drivers/java-jdbc/IMPLEMENTATION_PLAN.md,30_Client_Tooling,regenerated,n/a
docs/specifications_old/beta_requirements/drivers/java-jdbc/README.md,docs/specifications/30_Client_Tooling/legacy_imports/specifications_old/beta_requirements/drivers/java-jdbc/README.md,30_Client_Tooling,regenerated,n/a
docs/specifications_old/beta_requirements/drivers/java-jdbc/TESTING_CRITERIA.md,docs/specifications/30_Client_Tooling/legacy_imports/specifications_old/beta_requirements/drivers/java-jdbc/TESTING_CRITERIA.md,30_Client_Tooling,regenerated,n/a
docs/specifications_old/beta_requirements/drivers/java-jdbc/API_REFERENCE.md,docs/specifications/30_Client_Tooling/legacy_imports/specifications_old/beta_requirements/drivers/java-jdbc/API_REFERENCE.md,30_Client_Tooling,regenerated,n/a
docs/specifications_old/beta_requirements/drivers/java-jdbc/SPECIFICATION.md,docs/specifications/30_Client_Tooling/legacy_imports/specifications_old/beta_requirements/drivers/java-jdbc/SPECIFICATION.md,30_Client_Tooling,regenerated,n/a
docs/specifications_old/beta_requirements/connectivity/odbc/README.md,docs/specifications/30_Client_Tooling/legacy_imports/specifications_old/beta_requirements/connectivity/odbc/README.md,30_Client_Tooling,regenerated,n/a
docs/specifications_old/beta_requirements/connectivity/odbc/SPECIFICATION.md,docs/specifications/30_Client_Tooling/legacy_imports/specifications_old/beta_requirements/connectivity/odbc/SPECIFICATION.md,30_Client_Tooling,regenerated,n/a
docs/specifications_old/beta_requirements/00_DRIVERS_AND_INTEGRATIONS_INDEX.md,docs/specifications/18_Index_Framework/legacy_imports/specifications_old/beta_requirements/00_DRIVERS_AND_INTEGRATIONS_INDEX.md,18_Index_Framework,regenerated,n/a
docs/specifications_old/ddl/DDL_INDEXES.md,docs/specifications/18_Index_Framework/legacy_imports/specifications_old/ddl/DDL_INDEXES.md,18_Index_Framework,regenerated,n/a
docs/specifications_old/indexes/INDEX_COMPLETION_CHECKLIST.md,docs/specifications/18_Index_Framework/legacy_imports/specifications_old/indexes/INDEX_COMPLETION_CHECKLIST.md,18_Index_Framework,regenerated,n/a
docs/specifications_old/indexes/LSM_TREE_ARCHITECTURE.md,docs/specifications/18_Index_Framework/legacy_imports/specifications_old/indexes/LSM_TREE_ARCHITECTURE.md,18_Index_Framework,regenerated,n/a
docs/specifications_old/indexes/README.md,docs/specifications/18_Index_Framework/legacy_imports/specifications_old/indexes/README.md,18_Index_Framework,regenerated,n/a
docs/specifications_old/indexes/INDEX_GC_PROTOCOL.md,docs/specifications/18_Index_Framework/legacy_imports/specifications_old/indexes/INDEX_GC_PROTOCOL.md,18_Index_Framework,regenerated,n/a
docs/specifications_old/indexes/BTREE_SPEC.md,docs/specifications/18_Index_Framework/legacy_imports/specifications_old/indexes/BTREE_SPEC.md,18_Index_Framework,regenerated,n/a
docs/specifications_old/indexes/GeohashS2Index.md,docs/specifications/18_Index_Framework/legacy_imports/specifications_old/indexes/GeohashS2Index.md,18_Index_Framework,regenerated,n/a
docs/specifications_old/indexes/LSMTimeSeriesIndex.md,docs/specifications/18_Index_Framework/legacy_imports/specifications_old/indexes/LSMTimeSeriesIndex.md,18_Index_Framework,regenerated,n/a
docs/specifications_old/indexes/BloomFilterIndex.md,docs/specifications/18_Index_Framework/legacy_imports/specifications_old/indexes/BloomFilterIndex.md,18_Index_Framework,regenerated,n/a
docs/specifications_old/indexes/HASH_SPEC.md,docs/specifications/18_Index_Framework/legacy_imports/specifications_old/indexes/HASH_SPEC.md,18_Index_Framework,regenerated,n/a
docs/specifications_old/indexes/BRIN_SPEC.md,docs/specifications/18_Index_Framework/legacy_imports/specifications_old/indexes/BRIN_SPEC.md,18_Index_Framework,regenerated,n/a
docs/specifications_old/indexes/IVFIndex.md,docs/specifications/18_Index_Framework/legacy_imports/specifications_old/indexes/IVFIndex.md,18_Index_Framework,regenerated,n/a
docs/specifications_old/indexes/FSTIndex.md,docs/specifications/18_Index_Framework/legacy_imports/specifications_old/indexes/FSTIndex.md,18_Index_Framework,regenerated,n/a
docs/specifications_old/indexes/COLUMNSTORE_SPEC.md,docs/specifications/18_Index_Framework/legacy_imports/specifications_old/indexes/COLUMNSTORE_SPEC.md,18_Index_Framework,regenerated,n/a
docs/specifications_old/indexes/SPGIST_SPEC.md,docs/specifications/18_Index_Framework/legacy_imports/specifications_old/indexes/SPGIST_SPEC.md,18_Index_Framework,regenerated,n/a
docs/specifications_old/indexes/SuffixIndex.md,docs/specifications/18_Index_Framework/legacy_imports/specifications_old/indexes/SuffixIndex.md,18_Index_Framework,regenerated,n/a
docs/specifications_old/indexes/AdvancedIndexes.md,docs/specifications/18_Index_Framework/legacy_imports/specifications_old/indexes/AdvancedIndexes.md,18_Index_Framework,regenerated,n/a
docs/specifications_old/indexes/INDEX_ARCHITECTURE.md,docs/specifications/18_Index_Framework/legacy_imports/specifications_old/indexes/INDEX_ARCHITECTURE.md,18_Index_Framework,regenerated,n/a
docs/specifications_old/indexes/ZoneMapsIndex.md,docs/specifications/18_Index_Framework/legacy_imports/specifications_old/indexes/ZoneMapsIndex.md,18_Index_Framework,regenerated,n/a
docs/specifications_old/indexes/GIN_SPEC.md,docs/specifications/18_Index_Framework/legacy_imports/specifications_old/indexes/GIN_SPEC.md,18_Index_Framework,regenerated,n/a
docs/specifications_old/indexes/RTREE_SPEC.md,docs/specifications/18_Index_Framework/legacy_imports/specifications_old/indexes/RTREE_SPEC.md,18_Index_Framework,regenerated,n/a
docs/specifications_old/indexes/INDEX_IMPLEMENTATION_GUIDE.md,docs/specifications/18_Index_Framework/legacy_imports/specifications_old/indexes/INDEX_IMPLEMENTATION_GUIDE.md,18_Index_Framework,regenerated,n/a
docs/specifications_old/indexes/GIST_SPEC.md,docs/specifications/18_Index_Framework/legacy_imports/specifications_old/indexes/GIST_SPEC.md,18_Index_Framework,regenerated,n/a
docs/specifications_old/indexes/INDEX_IMPLEMENTATION_SPEC.md,docs/specifications/18_Index_Framework/legacy_imports/specifications_old/indexes/INDEX_IMPLEMENTATION_SPEC.md,18_Index_Framework,regenerated,n/a
docs/specifications_old/indexes/InvertedIndex.md,docs/specifications/18_Index_Framework/legacy_imports/specifications_old/indexes/InvertedIndex.md,18_Index_Framework,regenerated,n/a
docs/specifications_old/indexes/ZOrderIndex.md,docs/specifications/18_Index_Framework/legacy_imports/specifications_old/indexes/ZOrderIndex.md,18_Index_Framework,regenerated,n/a
docs/specifications_old/indexes/JSONPathIndex.md,docs/specifications/18_Index_Framework/legacy_imports/specifications_old/indexes/JSONPathIndex.md,18_Index_Framework,regenerated,n/a
docs/specifications_old/indexes/LSM_TREE_SPEC.md,docs/specifications/18_Index_Framework/legacy_imports/specifications_old/indexes/LSM_TREE_SPEC.md,18_Index_Framework,regenerated,n/a
docs/specifications_old/indexes/CountMinSketchIndex.md,docs/specifications/18_Index_Framework/legacy_imports/specifications_old/indexes/CountMinSketchIndex.md,18_Index_Framework,regenerated,n/a
docs/specifications_old/indexes/INDEX_IMPLEMENTATION_REFERENCE.md,docs/specifications/18_Index_Framework/legacy_imports/specifications_old/indexes/INDEX_IMPLEMENTATION_REFERENCE.md,18_Index_Framework,regenerated,n/a
docs/specifications_old/indexes/BITMAP_SPEC.md,docs/specifications/18_Index_Framework/legacy_imports/specifications_old/indexes/BITMAP_SPEC.md,18_Index_Framework,regenerated,n/a
docs/specifications_old/indexes/QuadtreeOctreeIndex.md,docs/specifications/18_Index_Framework/legacy_imports/specifications_old/indexes/QuadtreeOctreeIndex.md,18_Index_Framework,regenerated,n/a
docs/specifications_old/indexes/LearnedIndex.md,docs/specifications/18_Index_Framework/legacy_imports/specifications_old/indexes/LearnedIndex.md,18_Index_Framework,regenerated,n/a
docs/specifications_old/indexes/HNSW_SPEC.md,docs/specifications/18_Index_Framework/legacy_imports/specifications_old/indexes/HNSW_SPEC.md,18_Index_Framework,regenerated,n/a
docs/specifications_old/indexes/AdaptiveRadixTreeIndex.md,docs/specifications/18_Index_Framework/legacy_imports/specifications_old/indexes/AdaptiveRadixTreeIndex.md,18_Index_Framework,regenerated,n/a
docs/specifications_old/indexes/HyperLogLogIndex.md,docs/specifications/18_Index_Framework/legacy_imports/specifications_old/indexes/HyperLogLogIndex.md,18_Index_Framework,regenerated,n/a
docs/specifications_old/Security Design Specification/00_SECURITY_SPEC_INDEX.md,docs/specifications/18_Index_Framework/legacy_imports/specifications_old/Security Design Specification/00_SECURITY_SPEC_INDEX.md,18_Index_Framework,regenerated,n/a
docs/specifications_old/beta_requirements/indexes/README.md,docs/specifications/18_Index_Framework/legacy_imports/specifications_old/beta_requirements/indexes/README.md,18_Index_Framework,regenerated,n/a
docs/specifications_old/beta_requirements/builds/00_BUILD_REQUIREMENTS_INDEX.md,docs/specifications/18_Index_Framework/legacy_imports/specifications_old/beta_requirements/builds/00_BUILD_REQUIREMENTS_INDEX.md,18_Index_Framework,regenerated,n/a
docs/specifications_old/beta_requirements/replication/uuidv7-optimized/00_REPLICATION_INDEX.md,docs/specifications/18_Index_Framework/legacy_imports/specifications_old/beta_requirements/replication/uuidv7-optimized/00_REPLICATION_INDEX.md,18_Index_Framework,regenerated,n/a
docs/specifications_old/beta_requirements/replication/uuidv7-optimized/00_BETA_REPLICATION_INDEX.md,docs/specifications/18_Index_Framework/legacy_imports/specifications_old/beta_requirements/replication/uuidv7-optimized/00_BETA_REPLICATION_INDEX.md,18_Index_Framework,regenerated,n/a
docs/specifications_old/parser/v3/V3_SERVER_SPEC_INDEX.md,docs/specifications/18_Index_Framework/legacy_imports/specifications_old/parser/v3/V3_SERVER_SPEC_INDEX.md,18_Index_Framework,regenerated,n/a
docs/specifications_old/parser/v3/beta_requirements/00_DRIVERS_AND_INTEGRATIONS_INDEX.md,docs/specifications/18_Index_Framework/legacy_imports/specifications_old/parser/v3/beta_requirements/00_DRIVERS_AND_INTEGRATIONS_INDEX.md,18_Index_Framework,regenerated,n/a
docs/specifications_old/parser/v3/development/INDEX_FACTORY_FIX_NOTES.md,docs/specifications/18_Index_Framework/legacy_imports/specifications_old/parser/v3/development/INDEX_FACTORY_FIX_NOTES.md,18_Index_Framework,regenerated,n/a
docs/specifications_old/parser/v3/ddl/DDL_INDEXES.md,docs/specifications/18_Index_Framework/legacy_imports/specifications_old/parser/v3/ddl/DDL_INDEXES.md,18_Index_Framework,regenerated,n/a
docs/specifications_old/parser/v3/indexes/INDEX_COMPLETION_CHECKLIST.md,docs/specifications/18_Index_Framework/legacy_imports/specifications_old/parser/v3/indexes/INDEX_COMPLETION_CHECKLIST.md,18_Index_Framework,regenerated,n/a
docs/specifications_old/parser/v3/indexes/LSM_TREE_ARCHITECTURE.md,docs/specifications/18_Index_Framework/legacy_imports/specifications_old/parser/v3/indexes/LSM_TREE_ARCHITECTURE.md,18_Index_Framework,regenerated,n/a
docs/specifications_old/parser/v3/indexes/README.md,docs/specifications/18_Index_Framework/legacy_imports/specifications_old/parser/v3/indexes/README.md,18_Index_Framework,regenerated,n/a
docs/specifications_old/parser/v3/indexes/INDEX_GC_PROTOCOL.md,docs/specifications/18_Index_Framework/legacy_imports/specifications_old/parser/v3/indexes/INDEX_GC_PROTOCOL.md,18_Index_Framework,regenerated,n/a
docs/specifications_old/parser/v3/indexes/BTREE_SPEC.md,docs/specifications/18_Index_Framework/legacy_imports/specifications_old/parser/v3/indexes/BTREE_SPEC.md,18_Index_Framework,regenerated,n/a
docs/specifications_old/parser/v3/indexes/GeohashS2Index.md,docs/specifications/18_Index_Framework/legacy_imports/specifications_old/parser/v3/indexes/GeohashS2Index.md,18_Index_Framework,regenerated,n/a
docs/specifications_old/parser/v3/indexes/LSMTimeSeriesIndex.md,docs/specifications/18_Index_Framework/legacy_imports/specifications_old/parser/v3/indexes/LSMTimeSeriesIndex.md,18_Index_Framework,regenerated,n/a
docs/specifications_old/parser/v3/indexes/BloomFilterIndex.md,docs/specifications/18_Index_Framework/legacy_imports/specifications_old/parser/v3/indexes/BloomFilterIndex.md,18_Index_Framework,regenerated,n/a
docs/specifications_old/parser/v3/indexes/HASH_SPEC.md,docs/specifications/18_Index_Framework/legacy_imports/specifications_old/parser/v3/indexes/HASH_SPEC.md,18_Index_Framework,regenerated,n/a
docs/specifications_old/parser/v3/indexes/BRIN_SPEC.md,docs/specifications/18_Index_Framework/legacy_imports/specifications_old/parser/v3/indexes/BRIN_SPEC.md,18_Index_Framework,regenerated,n/a
docs/specifications_old/parser/v3/indexes/IVFIndex.md,docs/specifications/18_Index_Framework/legacy_imports/specifications_old/parser/v3/indexes/IVFIndex.md,18_Index_Framework,regenerated,n/a
docs/specifications_old/parser/v3/indexes/FSTIndex.md,docs/specifications/18_Index_Framework/legacy_imports/specifications_old/parser/v3/indexes/FSTIndex.md,18_Index_Framework,regenerated,n/a
docs/specifications_old/parser/v3/indexes/COLUMNSTORE_SPEC.md,docs/specifications/18_Index_Framework/legacy_imports/specifications_old/parser/v3/indexes/COLUMNSTORE_SPEC.md,18_Index_Framework,regenerated,n/a
docs/specifications_old/parser/v3/indexes/SPGIST_SPEC.md,docs/specifications/18_Index_Framework/legacy_imports/specifications_old/parser/v3/indexes/SPGIST_SPEC.md,18_Index_Framework,regenerated,n/a
docs/specifications_old/parser/v3/indexes/SuffixIndex.md,docs/specifications/18_Index_Framework/legacy_imports/specifications_old/parser/v3/indexes/SuffixIndex.md,18_Index_Framework,regenerated,n/a
docs/specifications_old/parser/v3/indexes/AdvancedIndexes.md,docs/specifications/18_Index_Framework/legacy_imports/specifications_old/parser/v3/indexes/AdvancedIndexes.md,18_Index_Framework,regenerated,n/a
docs/specifications_old/parser/v3/indexes/INDEX_ARCHITECTURE.md,docs/specifications/18_Index_Framework/legacy_imports/specifications_old/parser/v3/indexes/INDEX_ARCHITECTURE.md,18_Index_Framework,regenerated,n/a
docs/specifications_old/parser/v3/indexes/ZoneMapsIndex.md,docs/specifications/18_Index_Framework/legacy_imports/specifications_old/parser/v3/indexes/ZoneMapsIndex.md,18_Index_Framework,regenerated,n/a
docs/specifications_old/parser/v3/indexes/GIN_SPEC.md,docs/specifications/18_Index_Framework/legacy_imports/specifications_old/parser/v3/indexes/GIN_SPEC.md,18_Index_Framework,regenerated,n/a
docs/specifications_old/parser/v3/indexes/RTREE_SPEC.md,docs/specifications/18_Index_Framework/legacy_imports/specifications_old/parser/v3/indexes/RTREE_SPEC.md,18_Index_Framework,regenerated,n/a
docs/specifications_old/parser/v3/indexes/INDEX_IMPLEMENTATION_GUIDE.md,docs/specifications/18_Index_Framework/legacy_imports/specifications_old/parser/v3/indexes/INDEX_IMPLEMENTATION_GUIDE.md,18_Index_Framework,regenerated,n/a
docs/specifications_old/parser/v3/indexes/GIST_SPEC.md,docs/specifications/18_Index_Framework/legacy_imports/specifications_old/parser/v3/indexes/GIST_SPEC.md,18_Index_Framework,regenerated,n/a
docs/specifications_old/parser/v3/indexes/INDEX_IMPLEMENTATION_SPEC.md,docs/specifications/18_Index_Framework/legacy_imports/specifications_old/parser/v3/indexes/INDEX_IMPLEMENTATION_SPEC.md,18_Index_Framework,regenerated,n/a
docs/specifications_old/parser/v3/indexes/InvertedIndex.md,docs/specifications/18_Index_Framework/legacy_imports/specifications_old/parser/v3/indexes/InvertedIndex.md,18_Index_Framework,regenerated,n/a
docs/specifications_old/parser/v3/indexes/ZOrderIndex.md,docs/specifications/18_Index_Framework/legacy_imports/specifications_old/parser/v3/indexes/ZOrderIndex.md,18_Index_Framework,regenerated,n/a
docs/specifications_old/parser/v3/indexes/JSONPathIndex.md,docs/specifications/18_Index_Framework/legacy_imports/specifications_old/parser/v3/indexes/JSONPathIndex.md,18_Index_Framework,regenerated,n/a
docs/specifications_old/parser/v3/indexes/LSM_TREE_SPEC.md,docs/specifications/18_Index_Framework/legacy_imports/specifications_old/parser/v3/indexes/LSM_TREE_SPEC.md,18_Index_Framework,regenerated,n/a
docs/specifications_old/parser/v3/indexes/CountMinSketchIndex.md,docs/specifications/18_Index_Framework/legacy_imports/specifications_old/parser/v3/indexes/CountMinSketchIndex.md,18_Index_Framework,regenerated,n/a
docs/specifications_old/parser/v3/indexes/INDEX_IMPLEMENTATION_REFERENCE.md,docs/specifications/18_Index_Framework/legacy_imports/specifications_old/parser/v3/indexes/INDEX_IMPLEMENTATION_REFERENCE.md,18_Index_Framework,regenerated,n/a
docs/specifications_old/parser/v3/indexes/LOW_LEVEL_SPECIFICATION_GIN_INDEX.md,docs/specifications/18_Index_Framework/legacy_imports/specifications_old/parser/v3/indexes/LOW_LEVEL_SPECIFICATION_GIN_INDEX.md,18_Index_Framework,regenerated,n/a
docs/specifications_old/parser/v3/indexes/BITMAP_SPEC.md,docs/specifications/18_Index_Framework/legacy_imports/specifications_old/parser/v3/indexes/BITMAP_SPEC.md,18_Index_Framework,regenerated,n/a
docs/specifications_old/parser/v3/indexes/QuadtreeOctreeIndex.md,docs/specifications/18_Index_Framework/legacy_imports/specifications_old/parser/v3/indexes/QuadtreeOctreeIndex.md,18_Index_Framework,regenerated,n/a
docs/specifications_old/parser/v3/indexes/LearnedIndex.md,docs/specifications/18_Index_Framework/legacy_imports/specifications_old/parser/v3/indexes/LearnedIndex.md,18_Index_Framework,regenerated,n/a
docs/specifications_old/parser/v3/indexes/HNSW_SPEC.md,docs/specifications/18_Index_Framework/legacy_imports/specifications_old/parser/v3/indexes/HNSW_SPEC.md,18_Index_Framework,regenerated,n/a
docs/specifications_old/parser/v3/indexes/AdaptiveRadixTreeIndex.md,docs/specifications/18_Index_Framework/legacy_imports/specifications_old/parser/v3/indexes/AdaptiveRadixTreeIndex.md,18_Index_Framework,regenerated,n/a
docs/specifications_old/parser/v3/indexes/HyperLogLogIndex.md,docs/specifications/18_Index_Framework/legacy_imports/specifications_old/parser/v3/indexes/HyperLogLogIndex.md,18_Index_Framework,regenerated,n/a
docs/specifications_old/parser/v3/design/btree_index_design.md,docs/specifications/18_Index_Framework/legacy_imports/specifications_old/parser/v3/design/btree_index_design.md,18_Index_Framework,regenerated,n/a
docs/specifications_old/parser/v3/Security Design Specification/00_SECURITY_SPEC_INDEX.md,docs/specifications/18_Index_Framework/legacy_imports/specifications_old/parser/v3/Security Design Specification/00_SECURITY_SPEC_INDEX.md,18_Index_Framework,regenerated,n/a
docs/specifications_old/parser/v3/beta_requirements/indexes/README.md,docs/specifications/18_Index_Framework/legacy_imports/specifications_old/parser/v3/beta_requirements/indexes/README.md,18_Index_Framework,regenerated,n/a
docs/specifications_old/parser/v3/beta_requirements/builds/00_BUILD_REQUIREMENTS_INDEX.md,docs/specifications/18_Index_Framework/legacy_imports/specifications_old/parser/v3/beta_requirements/builds/00_BUILD_REQUIREMENTS_INDEX.md,18_Index_Framework,regenerated,n/a
docs/specifications_old/parser/v3/beta_requirements/replication/uuidv7-optimized/00_REPLICATION_INDEX.md,docs/specifications/18_Index_Framework/legacy_imports/specifications_old/parser/v3/beta_requirements/replication/uuidv7-optimized/00_REPLICATION_INDEX.md,18_Index_Framework,regenerated,n/a
docs/specifications_old/parser/v3/beta_requirements/replication/uuidv7-optimized/00_BETA_REPLICATION_INDEX.md,docs/specifications/18_Index_Framework/legacy_imports/specifications_old/parser/v3/beta_requirements/replication/uuidv7-optimized/00_BETA_REPLICATION_INDEX.md,18_Index_Framework,regenerated,n/a
docs/specifications_old/parser/v3/Alpha_Phase_1_Archive/Index_Implementation_Archive/COLUMNSTORE_IMPLEMENTATION_PLAN.md,docs/specifications/18_Index_Framework/legacy_imports/specifications_old/parser/v3/Alpha_Phase_1_Archive/Index_Implementation_Archive/COLUMNSTORE_IMPLEMENTATION_PLAN.md,18_Index_Framework,regenerated,n/a
docs/specifications_old/parser/v3/Alpha_Phase_1_Archive/Index_Implementation_Archive/LSM_TREE_INTEGRATION_PLAN.md,docs/specifications/18_Index_Framework/legacy_imports/specifications_old/parser/v3/Alpha_Phase_1_Archive/Index_Implementation_Archive/LSM_TREE_INTEGRATION_PLAN.md,18_Index_Framework,regenerated,n/a
docs/specifications_old/parser/v3/Alpha_Phase_1_Archive/Index_Implementation_Archive/SPGIST_INDEX_COMPLETION_PLAN.md,docs/specifications/18_Index_Framework/legacy_imports/specifications_old/parser/v3/Alpha_Phase_1_Archive/Index_Implementation_Archive/SPGIST_INDEX_COMPLETION_PLAN.md,18_Index_Framework,regenerated,n/a
docs/specifications_old/parser/v3/Alpha_Phase_1_Archive/Index_Implementation_Archive/BITMAP_INDEX_COMPLETION_PLAN.md,docs/specifications/18_Index_Framework/legacy_imports/specifications_old/parser/v3/Alpha_Phase_1_Archive/Index_Implementation_Archive/BITMAP_INDEX_COMPLETION_PLAN.md,18_Index_Framework,regenerated,n/a
docs/specifications_old/parser/v3/Alpha_Phase_1_Archive/Index_Implementation_Archive/GIST_INDEX_COMPLETION_PLAN.md,docs/specifications/18_Index_Framework/legacy_imports/specifications_old/parser/v3/Alpha_Phase_1_Archive/Index_Implementation_Archive/GIST_INDEX_COMPLETION_PLAN.md,18_Index_Framework,regenerated,n/a
docs/specifications_old/parser/v3/Alpha_Phase_1_Archive/Index_Implementation_Archive/BRIN_INDEX_COMPLETION_PLAN.md,docs/specifications/18_Index_Framework/legacy_imports/specifications_old/parser/v3/Alpha_Phase_1_Archive/Index_Implementation_Archive/BRIN_INDEX_COMPLETION_PLAN.md,18_Index_Framework,regenerated,n/a
docs/specifications_old/parser/v3/Alpha_Phase_1_Archive/Index_Implementation_Archive/HNSW_INDEX_COMPLETION_PLAN.md,docs/specifications/18_Index_Framework/legacy_imports/specifications_old/parser/v3/Alpha_Phase_1_Archive/Index_Implementation_Archive/HNSW_INDEX_COMPLETION_PLAN.md,18_Index_Framework,regenerated,n/a
docs/specifications_old/parser/v3/Alpha_Phase_1_Archive/Index_Implementation_Archive/LSM_TREE_IMPLEMENTATION_PLAN.md,docs/specifications/18_Index_Framework/legacy_imports/specifications_old/parser/v3/Alpha_Phase_1_Archive/Index_Implementation_Archive/LSM_TREE_IMPLEMENTATION_PLAN.md,18_Index_Framework,regenerated,n/a
docs/specifications_old/parser/v3/Alpha_Phase_1_Archive/implementation/INDEX_BYTECODE_GENERATION.md,docs/specifications/18_Index_Framework/legacy_imports/specifications_old/parser/v3/Alpha_Phase_1_Archive/implementation/INDEX_BYTECODE_GENERATION.md,18_Index_Framework,regenerated,n/a
docs/specifications_old/parser/v3/Alpha_Phase_1_Archive/specifications_archive/index_completion_specs_2025/LOW_LEVEL_SPECIFICATION_B-TREE_INDEX.md,docs/specifications/18_Index_Framework/legacy_imports/specifications_old/parser/v3/Alpha_Phase_1_Archive/specifications_archive/index_completion_specs_2025/LOW_LEVEL_SPECIFICATION_B-TREE_INDEX.md,18_Index_Framework,regenerated,n/a
docs/specifications_old/parser/v3/Alpha_Phase_1_Archive/specifications_archive/index_completion_specs_2025/BRIN_INDEX_COMPLETION_SPEC.md,docs/specifications/18_Index_Framework/legacy_imports/specifications_old/parser/v3/Alpha_Phase_1_Archive/specifications_archive/index_completion_specs_2025/BRIN_INDEX_COMPLETION_SPEC.md,18_Index_Framework,regenerated,n/a
docs/specifications_old/parser/v3/Alpha_Phase_1_Archive/specifications_archive/index_completion_specs_2025/BITMAP_INDEX_COMPLETION_SPEC.md,docs/specifications/18_Index_Framework/legacy_imports/specifications_old/parser/v3/Alpha_Phase_1_Archive/specifications_archive/index_completion_specs_2025/BITMAP_INDEX_COMPLETION_SPEC.md,18_Index_Framework,regenerated,n/a
docs/specifications_old/parser/v3/Alpha_Phase_1_Archive/specifications_archive/index_completion_specs_2025/GIST_INDEX_COMPLETION_SPEC.md,docs/specifications/18_Index_Framework/legacy_imports/specifications_old/parser/v3/Alpha_Phase_1_Archive/specifications_archive/index_completion_specs_2025/GIST_INDEX_COMPLETION_SPEC.md,18_Index_Framework,regenerated,n/a
docs/specifications_old/parser/v3/Alpha_Phase_1_Archive/specifications_archive/index_completion_specs_2025/SPGIST_INDEX_COMPLETION_SPEC.md,docs/specifications/18_Index_Framework/legacy_imports/specifications_old/parser/v3/Alpha_Phase_1_Archive/specifications_archive/index_completion_specs_2025/SPGIST_INDEX_COMPLETION_SPEC.md,18_Index_Framework,regenerated,n/a
docs/specifications_old/parser/v3/Alpha_Phase_1_Archive/specifications_archive/index_completion_specs_2025/HNSW_INDEX_COMPLETION_SPEC.md,docs/specifications/18_Index_Framework/legacy_imports/specifications_old/parser/v3/Alpha_Phase_1_Archive/specifications_archive/index_completion_specs_2025/HNSW_INDEX_COMPLETION_SPEC.md,18_Index_Framework,regenerated,n/a
docs/specifications_old/parser/v3/Alpha_Phase_1_Archive/specifications_archive/index_completion_specs_2025/LOW_LEVEL_SPECIFICATION_BITMAP_INDEX.md,docs/specifications/18_Index_Framework/legacy_imports/specifications_old/parser/v3/Alpha_Phase_1_Archive/specifications_archive/index_completion_specs_2025/LOW_LEVEL_SPECIFICATION_BITMAP_INDEX.md,18_Index_Framework,regenerated,n/a
docs/specifications_old/parser/v3/Alpha_Phase_1_Archive/specifications_archive/index_completion_specs_2025/LOW_LEVEL_SPECIFICATION_GIN_INDEX.md,docs/specifications/18_Index_Framework/legacy_imports/specifications_old/parser/v3/Alpha_Phase_1_Archive/specifications_archive/index_completion_specs_2025/LOW_LEVEL_SPECIFICATION_GIN_INDEX.md,18_Index_Framework,regenerated,n/a
docs/specifications_old/parser/v3/Alpha_Phase_1_Archive/specifications_archive/index_completion_specs_2025/LOW_LEVEL_SPECIFICATION_HASH_INDEX.md,docs/specifications/18_Index_Framework/legacy_imports/specifications_old/parser/v3/Alpha_Phase_1_Archive/specifications_archive/index_completion_specs_2025/LOW_LEVEL_SPECIFICATION_HASH_INDEX.md,18_Index_Framework,regenerated,n/a
docs/specifications_old/reference/mysql/emulation_specs_8_4/source_copies/storage/ndb/src/kernel/blocks/dbdict/CreateIndex.txt,docs/specifications/18_Index_Framework/legacy_imports/specifications_old/reference/mysql/emulation_specs_8_4/source_copies/storage/ndb/src/kernel/blocks/dbdict/CreateIndex.txt,18_Index_Framework,regenerated,n/a
docs/specifications_old/reference/mysql/emulation_specs_8_4/source_copies/extra/protobuf/protobuf-24.4/python/docs/index.rst,docs/specifications/18_Index_Framework/legacy_imports/specifications_old/reference/mysql/emulation_specs_8_4/source_copies/extra/protobuf/protobuf-24.4/python/docs/index.rst,18_Index_Framework,regenerated,n/a
docs/specifications_old/types/POSTGRESQL_ARRAY_TYPE_SPEC.md,docs/specifications/15_Complex_Types/legacy_imports/specifications_old/types/POSTGRESQL_ARRAY_TYPE_SPEC.md,15_Complex_Types,regenerated,n/a
docs/specifications_old/types/MULTI_GEOMETRY_TYPES_SPEC.md,docs/specifications/15_Complex_Types/legacy_imports/specifications_old/types/MULTI_GEOMETRY_TYPES_SPEC.md,15_Complex_Types,regenerated,n/a
docs/specifications_old/parser/v3/types/POSTGRESQL_ARRAY_TYPE_SPEC.md,docs/specifications/15_Complex_Types/legacy_imports/specifications_old/parser/v3/types/POSTGRESQL_ARRAY_TYPE_SPEC.md,15_Complex_Types,regenerated,n/a
docs/specifications_old/parser/v3/types/MULTI_GEOMETRY_TYPES_SPEC.md,docs/specifications/15_Complex_Types/legacy_imports/specifications_old/parser/v3/types/MULTI_GEOMETRY_TYPES_SPEC.md,15_Complex_Types,regenerated,n/a
docs/specifications_old/SCRATCHBIRD_SERVER_ARCHITECTURE_CONSOLIDATED.md,docs/specifications/29_Listener_and_Server_Orchestration/legacy_imports/specifications_old/SCRATCHBIRD_SERVER_ARCHITECTURE_CONSOLIDATED.md,29_Listener_and_Server_Orchestration,regenerated,n/a
docs/specifications_old/SERVER_LIFECYCLE_AND_STARTUP_SPECIFICATION.md,docs/specifications/29_Listener_and_Server_Orchestration/legacy_imports/specifications_old/SERVER_LIFECYCLE_AND_STARTUP_SPECIFICATION.md,29_Listener_and_Server_Orchestration,regenerated,n/a
docs/specifications_old/SERVER_ARCHITECTURE_AND_CONNECTION_LIFECYCLE.md,docs/specifications/29_Listener_and_Server_Orchestration/legacy_imports/specifications_old/SERVER_ARCHITECTURE_AND_CONNECTION_LIFECYCLE.md,29_Listener_and_Server_Orchestration,regenerated,n/a
docs/specifications_old/admin/SB_SERVER_NETWORK_CLI_SPECIFICATION.md,docs/specifications/29_Listener_and_Server_Orchestration/legacy_imports/specifications_old/admin/SB_SERVER_NETWORK_CLI_SPECIFICATION.md,29_Listener_and_Server_Orchestration,regenerated,n/a
docs/specifications_old/operations/LISTENER_POOL_METRICS.md,docs/specifications/29_Listener_and_Server_Orchestration/legacy_imports/specifications_old/operations/LISTENER_POOL_METRICS.md,29_Listener_and_Server_Orchestration,regenerated,n/a
docs/specifications_old/network/README.md,docs/specifications/29_Listener_and_Server_Orchestration/legacy_imports/specifications_old/network/README.md,29_Listener_and_Server_Orchestration,regenerated,n/a
docs/specifications_old/network/NETWORK_LAYER_SPEC.md,docs/specifications/29_Listener_and_Server_Orchestration/legacy_imports/specifications_old/network/NETWORK_LAYER_SPEC.md,29_Listener_and_Server_Orchestration,regenerated,n/a
docs/specifications_old/Alpha Phase 2/11a-Connection-Pool-Implementation.md,docs/specifications/29_Listener_and_Server_Orchestration/legacy_imports/specifications_old/Alpha Phase 2/11a-Connection-Pool-Implementation.md,29_Listener_and_Server_Orchestration,regenerated,n/a
docs/specifications_old/Alpha Phase 2/11h-Live-Migration-Emulated-Listener.md,docs/specifications/29_Listener_and_Server_Orchestration/legacy_imports/specifications_old/Alpha Phase 2/11h-Live-Migration-Emulated-Listener.md,29_Listener_and_Server_Orchestration,regenerated,n/a
docs/specifications_old/testing/test_server/README.md,docs/specifications/29_Listener_and_Server_Orchestration/legacy_imports/specifications_old/testing/test_server/README.md,29_Listener_and_Server_Orchestration,regenerated,n/a
docs/specifications_old/testing/test_server/OPERATIONS.md,docs/specifications/29_Listener_and_Server_Orchestration/legacy_imports/specifications_old/testing/test_server/OPERATIONS.md,29_Listener_and_Server_Orchestration,regenerated,n/a
docs/specifications_old/parser/v3/reference/UUIDv7 Replication System Design.md,docs/specifications/library/manuals/legacy_imports/specifications_old/parser/v3/reference/UUIDv7 Replication System Design.md,library/manuals,regenerated,n/a
docs/specifications_old/parser/v3/reference/README.md,docs/specifications/library/manuals/legacy_imports/specifications_old/parser/v3/reference/README.md,library/manuals,regenerated,n/a
docs/specifications_old/parser/v3/reference/firebird/README.md,docs/specifications/library/manuals/legacy_imports/specifications_old/parser/v3/reference/firebird/README.md,library/manuals,regenerated,n/a
docs/specifications_old/parser/v3/reference/firebird/firebird-isql.pdf,docs/specifications/library/manuals/legacy_imports/specifications_old/parser/v3/reference/firebird/firebird-isql.pdf,library/manuals,regenerated,n/a
docs/specifications_old/parser/v3/reference/firebird/FirebirdReferenceDocument.md,docs/specifications/library/manuals/legacy_imports/specifications_old/parser/v3/reference/firebird/FirebirdReferenceDocument.md,library/manuals,regenerated,n/a
docs/specifications_old/parser/v3/reference/firebird/firebird-50-language-reference.pdf,docs/specifications/library/manuals/legacy_imports/specifications_old/parser/v3/reference/firebird/firebird-50-language-reference.pdf,library/manuals,regenerated,n/a
docs/specifications_old/parser/v3/reference/firebird/2_newtransactionfeatures.pdf,docs/specifications/library/manuals/legacy_imports/specifications_old/parser/v3/reference/firebird/2_newtransactionfeatures.pdf,library/manuals,regenerated,n/a
docs/specifications_old/parser/v3/reference/firebird/firebird_docs_split/14_Security.md,docs/specifications/library/manuals/legacy_imports/specifications_old/parser/v3/reference/firebird/firebird_docs_split/14_Security.md,library/manuals,regenerated,n/a
docs/specifications_old/parser/v3/reference/firebird/firebird_docs_split/02_SQL_Language_Structure.md,docs/specifications/library/manuals/legacy_imports/specifications_old/parser/v3/reference/firebird/firebird_docs_split/02_SQL_Language_Structure.md,library/manuals,regenerated,n/a
docs/specifications_old/parser/v3/reference/firebird/firebird_docs_split/12_Context_Variables.md,docs/specifications/library/manuals/legacy_imports/specifications_old/parser/v3/reference/firebird/firebird_docs_split/12_Context_Variables.md,library/manuals,regenerated,n/a
docs/specifications_old/parser/v3/reference/firebird/firebird_docs_split/App_J_Document_History.md,docs/specifications/library/manuals/legacy_imports/specifications_old/parser/v3/reference/firebird/firebird_docs_split/App_J_Document_History.md,library/manuals,regenerated,n/a
docs/specifications_old/parser/v3/reference/firebird/firebird_docs_split/04_Common_Language_Elements.md,docs/specifications/library/manuals/legacy_imports/specifications_old/parser/v3/reference/firebird/firebird_docs_split/04_Common_Language_Elements.md,library/manuals,regenerated,n/a
docs/specifications_old/parser/v3/reference/firebird/firebird_docs_split/App_H_Charsets_and_Collations.md,docs/specifications/library/manuals/legacy_imports/specifications_old/parser/v3/reference/firebird/firebird_docs_split/App_H_Charsets_and_Collations.md,library/manuals,regenerated,n/a
docs/specifications_old/parser/v3/reference/firebird/firebird_docs_split/05_DDL_Statements.md,docs/specifications/library/manuals/legacy_imports/specifications_old/parser/v3/reference/firebird/firebird_docs_split/05_DDL_Statements.md,library/manuals,regenerated,n/a
docs/specifications_old/parser/v3/reference/firebird/firebird_docs_split/09_Aggregate_Functions.md,docs/specifications/library/manuals/legacy_imports/specifications_old/parser/v3/reference/firebird/firebird_docs_split/09_Aggregate_Functions.md,library/manuals,regenerated,n/a
docs/specifications_old/parser/v3/reference/firebird/firebird_docs_split/App_C_Reserved_Words.md,docs/specifications/library/manuals/legacy_imports/specifications_old/parser/v3/reference/firebird/firebird_docs_split/App_C_Reserved_Words.md,library/manuals,regenerated,n/a
docs/specifications_old/parser/v3/reference/firebird/firebird_docs_split/15_Management_Statements.md,docs/specifications/library/manuals/legacy_imports/specifications_old/parser/v3/reference/firebird/firebird_docs_split/15_Management_Statements.md,library/manuals,regenerated,n/a
docs/specifications_old/parser/v3/reference/firebird/firebird_docs_split/10_Window_Functions.md,docs/specifications/library/manuals/legacy_imports/specifications_old/parser/v3/reference/firebird/firebird_docs_split/10_Window_Functions.md,library/manuals,regenerated,n/a
docs/specifications_old/parser/v3/reference/firebird/firebird_docs_split/13_Transaction_Control.md,docs/specifications/library/manuals/legacy_imports/specifications_old/parser/v3/reference/firebird/firebird_docs_split/13_Transaction_Control.md,library/manuals,regenerated,n/a
docs/specifications_old/parser/v3/reference/firebird/firebird_docs_split/03_Data_Types_and_Subtypes.md,docs/specifications/library/manuals/legacy_imports/specifications_old/parser/v3/reference/firebird/firebird_docs_split/03_Data_Types_and_Subtypes.md,library/manuals,regenerated,n/a
docs/specifications_old/parser/v3/reference/firebird/firebird_docs_split/App_F_Security_Tables.md,docs/specifications/library/manuals/legacy_imports/specifications_old/parser/v3/reference/firebird/firebird_docs_split/App_F_Security_Tables.md,library/manuals,regenerated,n/a
docs/specifications_old/parser/v3/reference/firebird/firebird_docs_split/00_Preface_and_ToC.md,docs/specifications/library/manuals/legacy_imports/specifications_old/parser/v3/reference/firebird/firebird_docs_split/00_Preface_and_ToC.md,library/manuals,regenerated,n/a
docs/specifications_old/parser/v3/reference/firebird/firebird_docs_split/App_E_Monitoring_Tables.md,docs/specifications/library/manuals/legacy_imports/specifications_old/parser/v3/reference/firebird/firebird_docs_split/App_E_Monitoring_Tables.md,library/manuals,regenerated,n/a
docs/specifications_old/parser/v3/reference/firebird/firebird_docs_split/App_A_Supplementary_Info.md,docs/specifications/library/manuals/legacy_imports/specifications_old/parser/v3/reference/firebird/firebird_docs_split/App_A_Supplementary_Info.md,library/manuals,regenerated,n/a
docs/specifications_old/parser/v3/reference/firebird/firebird_docs_split/08_Built_in_Scalar_Functions.md,docs/specifications/library/manuals/legacy_imports/specifications_old/parser/v3/reference/firebird/firebird_docs_split/08_Built_in_Scalar_Functions.md,library/manuals,regenerated,n/a
docs/specifications_old/parser/v3/reference/firebird/firebird_docs_split/App_I_License.md,docs/specifications/library/manuals/legacy_imports/specifications_old/parser/v3/reference/firebird/firebird_docs_split/App_I_License.md,library/manuals,regenerated,n/a
docs/specifications_old/parser/v3/reference/firebird/firebird_docs_split/07_PSQL_Statements.md,docs/specifications/library/manuals/legacy_imports/specifications_old/parser/v3/reference/firebird/firebird_docs_split/07_PSQL_Statements.md,library/manuals,regenerated,n/a
docs/specifications_old/parser/v3/reference/firebird/firebird_docs_split/01_About_Firebird_5.0.md,docs/specifications/library/manuals/legacy_imports/specifications_old/parser/v3/reference/firebird/firebird_docs_split/01_About_Firebird_5.0.md,library/manuals,regenerated,n/a
docs/specifications_old/parser/v3/reference/firebird/firebird_docs_split/06_DML_Statements.md,docs/specifications/library/manuals/legacy_imports/specifications_old/parser/v3/reference/firebird/firebird_docs_split/06_DML_Statements.md,library/manuals,regenerated,n/a
docs/specifications_old/parser/v3/reference/firebird/firebird_docs_split/11_System_Packages.md,docs/specifications/library/manuals/legacy_imports/specifications_old/parser/v3/reference/firebird/firebird_docs_split/11_System_Packages.md,library/manuals,regenerated,n/a
docs/specifications_old/parser/v3/reference/firebird/firebird_docs_split/App_B_Exception_Codes.md,docs/specifications/library/manuals/legacy_imports/specifications_old/parser/v3/reference/firebird/firebird_docs_split/App_B_Exception_Codes.md,library/manuals,regenerated,n/a
docs/specifications_old/parser/v3/reference/firebird/firebird_docs_split/App_D_System_Tables.md,docs/specifications/library/manuals/legacy_imports/specifications_old/parser/v3/reference/firebird/firebird_docs_split/App_D_System_Tables.md,library/manuals,regenerated,n/a
docs/specifications_old/parser/v3/reference/firebird/firebird_docs_split/App_G_Plugin_Tables.md,docs/specifications/library/manuals/legacy_imports/specifications_old/parser/v3/reference/firebird/firebird_docs_split/App_G_Plugin_Tables.md,library/manuals,regenerated,n/a
docs/specifications_old/reference/firebird/emulation_specs_5/appendix_transport_framing.md,docs/specifications/library/manuals/legacy_imports/specifications_old/reference/firebird/emulation_specs_5/appendix_transport_framing.md,library/manuals,regenerated,n/a
docs/specifications_old/reference/firebird/emulation_specs_5/appendix_error_codes.md,docs/specifications/library/manuals/legacy_imports/specifications_old/reference/firebird/emulation_specs_5/appendix_error_codes.md,library/manuals,regenerated,n/a
docs/specifications_old/reference/firebird/emulation_specs_5/appendix_builtins_semantics.md,docs/specifications/library/manuals/legacy_imports/specifications_old/reference/firebird/emulation_specs_5/appendix_builtins_semantics.md,library/manuals,regenerated,n/a
docs/specifications_old/reference/firebird/emulation_specs_5/60_builtins.md,docs/specifications/library/manuals/legacy_imports/specifications_old/reference/firebird/emulation_specs_5/60_builtins.md,library/manuals,regenerated,n/a
docs/specifications_old/reference/firebird/emulation_specs_5/appendix_status_vector_constants.md,docs/specifications/library/manuals/legacy_imports/specifications_old/reference/firebird/emulation_specs_5/appendix_status_vector_constants.md,library/manuals,regenerated,n/a
docs/specifications_old/reference/firebird/emulation_specs_5/appendix_time_zones.md,docs/specifications/library/manuals/legacy_imports/specifications_old/reference/firebird/emulation_specs_5/appendix_time_zones.md,library/manuals,regenerated,n/a
docs/specifications_old/reference/firebird/emulation_specs_5/appendix_blr_message_layout.md,docs/specifications/library/manuals/legacy_imports/specifications_old/reference/firebird/emulation_specs_5/appendix_blr_message_layout.md,library/manuals,regenerated,n/a
docs/specifications_old/reference/firebird/emulation_specs_5/appendix_privilege_enforcement_map.md,docs/specifications/library/manuals/legacy_imports/specifications_old/reference/firebird/emulation_specs_5/appendix_privilege_enforcement_map.md,library/manuals,regenerated,n/a
docs/specifications_old/reference/firebird/emulation_specs_5/01_source_map.md,docs/specifications/library/manuals/legacy_imports/specifications_old/reference/firebird/emulation_specs_5/01_source_map.md,library/manuals,regenerated,n/a
docs/specifications_old/reference/firebird/emulation_specs_5/appendix_builtins_system_packages.md,docs/specifications/library/manuals/legacy_imports/specifications_old/reference/firebird/emulation_specs_5/appendix_builtins_system_packages.md,library/manuals,regenerated,n/a
docs/specifications_old/reference/firebird/firebird_docs_split/App_J_Document_History.md,docs/specifications/library/manuals/legacy_imports/specifications_old/reference/firebird/firebird_docs_split/App_J_Document_History.md,library/manuals,regenerated,n/a
docs/specifications_old/reference/firebird/firebird_docs_split/App_H_Charsets_and_Collations.md,docs/specifications/library/manuals/legacy_imports/specifications_old/reference/firebird/firebird_docs_split/App_H_Charsets_and_Collations.md,library/manuals,regenerated,n/a
docs/specifications_old/reference/firebird/firebird_docs_split/05_DDL_Statements.md,docs/specifications/library/manuals/legacy_imports/specifications_old/reference/firebird/firebird_docs_split/05_DDL_Statements.md,library/manuals,regenerated,n/a
docs/specifications_old/reference/firebird/firebird_docs_split/App_C_Reserved_Words.md,docs/specifications/library/manuals/legacy_imports/specifications_old/reference/firebird/firebird_docs_split/App_C_Reserved_Words.md,library/manuals,regenerated,n/a
docs/specifications_old/reference/firebird/firebird_docs_split/15_Management_Statements.md,docs/specifications/library/manuals/legacy_imports/specifications_old/reference/firebird/firebird_docs_split/15_Management_Statements.md,library/manuals,regenerated,n/a
docs/specifications_old/reference/firebird/firebird_docs_split/00_Preface_and_ToC.md,docs/specifications/library/manuals/legacy_imports/specifications_old/reference/firebird/firebird_docs_split/00_Preface_and_ToC.md,library/manuals,regenerated,n/a
docs/specifications_old/reference/firebird/firebird_docs_split/App_E_Monitoring_Tables.md,docs/specifications/library/manuals/legacy_imports/specifications_old/reference/firebird/firebird_docs_split/App_E_Monitoring_Tables.md,library/manuals,regenerated,n/a
docs/specifications_old/reference/firebird/firebird_docs_split/App_I_License.md,docs/specifications/library/manuals/legacy_imports/specifications_old/reference/firebird/firebird_docs_split/App_I_License.md,library/manuals,regenerated,n/a
docs/specifications_old/reference/firebird/firebird_docs_split/01_About_Firebird_5.0.md,docs/specifications/library/manuals/legacy_imports/specifications_old/reference/firebird/firebird_docs_split/01_About_Firebird_5.0.md,library/manuals,regenerated,n/a
docs/specifications_old/reference/firebird/firebird_docs_split/06_DML_Statements.md,docs/specifications/library/manuals/legacy_imports/specifications_old/reference/firebird/firebird_docs_split/06_DML_Statements.md,library/manuals,regenerated,n/a
docs/specifications_old/reference/firebird/firebird_docs_split/11_System_Packages.md,docs/specifications/library/manuals/legacy_imports/specifications_old/reference/firebird/firebird_docs_split/11_System_Packages.md,library/manuals,regenerated,n/a
docs/specifications_old/reference/firebird/firebird_docs_split/App_B_Exception_Codes.md,docs/specifications/library/manuals/legacy_imports/specifications_old/reference/firebird/firebird_docs_split/App_B_Exception_Codes.md,library/manuals,regenerated,n/a
docs/specifications_old/reference/firebird/firebird_docs_split/App_G_Plugin_Tables.md,docs/specifications/library/manuals/legacy_imports/specifications_old/reference/firebird/firebird_docs_split/App_G_Plugin_Tables.md,library/manuals,regenerated,n/a
docs/specifications_old/archive/AnalysisOfBestParsingStructures.md,docs/specifications/library/whitepapers/legacy_imports/specifications_old/archive/AnalysisOfBestParsingStructures.md,library/whitepapers,regenerated,n/a
docs/specifications_old/sblr/SBLR_EXECUTION_PERFORMANCE_RESEARCH.md,docs/specifications/library/whitepapers/legacy_imports/specifications_old/sblr/SBLR_EXECUTION_PERFORMANCE_RESEARCH.md,library/whitepapers,regenerated,n/a
docs/specifications_old/parser/v3/sblr/SBLR_EXECUTION_PERFORMANCE_RESEARCH.md,docs/specifications/library/whitepapers/legacy_imports/specifications_old/parser/v3/sblr/SBLR_EXECUTION_PERFORMANCE_RESEARCH.md,library/whitepapers,regenerated,n/a
docs/specifications_old/BETA_SQL_STANDARD_COMPLIANCE_SPECIFICATION.md,docs/specifications/library/technical_specs/legacy_imports/specifications_old/BETA_SQL_STANDARD_COMPLIANCE_SPECIFICATION.md,library/technical_specs,regenerated,n/a
docs/specifications_old/parser/v3/IMPLEMENTATION_STANDARDS.md,docs/specifications/library/technical_specs/legacy_imports/specifications_old/parser/v3/IMPLEMENTATION_STANDARDS.md,library/technical_specs,regenerated,n/a
docs/specifications_old/parser/v3/BETA_SQL_STANDARD_COMPLIANCE_SPECIFICATION.md,docs/specifications/library/technical_specs/legacy_imports/specifications_old/parser/v3/BETA_SQL_STANDARD_COMPLIANCE_SPECIFICATION.md,library/technical_specs,regenerated,n/a
docs/specifications_old/parser/v3/development/CODING_STANDARDS.md,docs/specifications/library/technical_specs/legacy_imports/specifications_old/parser/v3/development/CODING_STANDARDS.md,library/technical_specs,regenerated,n/a
docs/specifications_old/beta_requirements/drivers/dotnet-csharp/COMPATIBILITY_MATRIX.md,docs/specifications/library/third_party_implementations/legacy_imports/specifications_old/beta_requirements/drivers/dotnet-csharp/COMPATIBILITY_MATRIX.md,library/third_party_implementations,regenerated,n/a
docs/specifications_old/beta_requirements/drivers/cpp/COMPATIBILITY_MATRIX.md,docs/specifications/library/third_party_implementations/legacy_imports/specifications_old/beta_requirements/drivers/cpp/COMPATIBILITY_MATRIX.md,library/third_party_implementations,regenerated,n/a
docs/specifications_old/beta_requirements/drivers/pascal-delphi/COMPATIBILITY_MATRIX.md,docs/specifications/library/third_party_implementations/legacy_imports/specifications_old/beta_requirements/drivers/pascal-delphi/COMPATIBILITY_MATRIX.md,library/third_party_implementations,regenerated,n/a
docs/specifications_old/beta_requirements/drivers/nodejs-typescript/COMPATIBILITY_MATRIX.md,docs/specifications/library/third_party_implementations/legacy_imports/specifications_old/beta_requirements/drivers/nodejs-typescript/COMPATIBILITY_MATRIX.md,library/third_party_implementations,regenerated,n/a
docs/specifications_old/beta_requirements/drivers/golang/COMPATIBILITY_MATRIX.md,docs/specifications/library/third_party_implementations/legacy_imports/specifications_old/beta_requirements/drivers/golang/COMPATIBILITY_MATRIX.md,library/third_party_implementations,regenerated,n/a
docs/specifications_old/beta_requirements/drivers/python/COMPATIBILITY_MATRIX.md,docs/specifications/library/third_party_implementations/legacy_imports/specifications_old/beta_requirements/drivers/python/COMPATIBILITY_MATRIX.md,library/third_party_implementations,regenerated,n/a
docs/specifications_old/beta_requirements/drivers/r/COMPATIBILITY_MATRIX.md,docs/specifications/library/third_party_implementations/legacy_imports/specifications_old/beta_requirements/drivers/r/COMPATIBILITY_MATRIX.md,library/third_party_implementations,regenerated,n/a
docs/specifications_old/beta_requirements/drivers/php/COMPATIBILITY_MATRIX.md,docs/specifications/library/third_party_implementations/legacy_imports/specifications_old/beta_requirements/drivers/php/COMPATIBILITY_MATRIX.md,library/third_party_implementations,regenerated,n/a
docs/specifications_old/beta_requirements/drivers/ruby/COMPATIBILITY_MATRIX.md,docs/specifications/library/third_party_implementations/legacy_imports/specifications_old/beta_requirements/drivers/ruby/COMPATIBILITY_MATRIX.md,library/third_party_implementations,regenerated,n/a
docs/specifications_old/beta_requirements/drivers/rust/COMPATIBILITY_MATRIX.md,docs/specifications/library/third_party_implementations/legacy_imports/specifications_old/beta_requirements/drivers/rust/COMPATIBILITY_MATRIX.md,library/third_party_implementations,regenerated,n/a
docs/specifications_old/beta_requirements/drivers/java-jdbc/COMPATIBILITY_MATRIX.md,docs/specifications/library/third_party_implementations/legacy_imports/specifications_old/beta_requirements/drivers/java-jdbc/COMPATIBILITY_MATRIX.md,library/third_party_implementations,regenerated,n/a
docs/specifications_old/parser/v3/beta_requirements/drivers/dotnet-csharp/COMPATIBILITY_MATRIX.md,docs/specifications/library/third_party_implementations/legacy_imports/specifications_old/parser/v3/beta_requirements/drivers/dotnet-csharp/COMPATIBILITY_MATRIX.md,library/third_party_implementations,regenerated,n/a
docs/specifications_old/parser/v3/beta_requirements/drivers/cpp/COMPATIBILITY_MATRIX.md,docs/specifications/library/third_party_implementations/legacy_imports/specifications_old/parser/v3/beta_requirements/drivers/cpp/COMPATIBILITY_MATRIX.md,library/third_party_implementations,regenerated,n/a
docs/specifications_old/parser/v3/beta_requirements/drivers/pascal-delphi/COMPATIBILITY_MATRIX.md,docs/specifications/library/third_party_implementations/legacy_imports/specifications_old/parser/v3/beta_requirements/drivers/pascal-delphi/COMPATIBILITY_MATRIX.md,library/third_party_implementations,regenerated,n/a
docs/specifications_old/parser/v3/beta_requirements/drivers/nodejs-typescript/COMPATIBILITY_MATRIX.md,docs/specifications/library/third_party_implementations/legacy_imports/specifications_old/parser/v3/beta_requirements/drivers/nodejs-typescript/COMPATIBILITY_MATRIX.md,library/third_party_implementations,regenerated,n/a
docs/specifications_old/parser/v3/beta_requirements/drivers/golang/COMPATIBILITY_MATRIX.md,docs/specifications/library/third_party_implementations/legacy_imports/specifications_old/parser/v3/beta_requirements/drivers/golang/COMPATIBILITY_MATRIX.md,library/third_party_implementations,regenerated,n/a
docs/specifications_old/parser/v3/beta_requirements/drivers/python/COMPATIBILITY_MATRIX.md,docs/specifications/library/third_party_implementations/legacy_imports/specifications_old/parser/v3/beta_requirements/drivers/python/COMPATIBILITY_MATRIX.md,library/third_party_implementations,regenerated,n/a
docs/specifications_old/parser/v3/beta_requirements/drivers/r/COMPATIBILITY_MATRIX.md,docs/specifications/library/third_party_implementations/legacy_imports/specifications_old/parser/v3/beta_requirements/drivers/r/COMPATIBILITY_MATRIX.md,library/third_party_implementations,regenerated,n/a
docs/specifications_old/parser/v3/beta_requirements/drivers/php/COMPATIBILITY_MATRIX.md,docs/specifications/library/third_party_implementations/legacy_imports/specifications_old/parser/v3/beta_requirements/drivers/php/COMPATIBILITY_MATRIX.md,library/third_party_implementations,regenerated,n/a
docs/specifications_old/parser/v3/beta_requirements/drivers/ruby/COMPATIBILITY_MATRIX.md,docs/specifications/library/third_party_implementations/legacy_imports/specifications_old/parser/v3/beta_requirements/drivers/ruby/COMPATIBILITY_MATRIX.md,library/third_party_implementations,regenerated,n/a
docs/specifications_old/parser/v3/beta_requirements/drivers/rust/COMPATIBILITY_MATRIX.md,docs/specifications/library/third_party_implementations/legacy_imports/specifications_old/parser/v3/beta_requirements/drivers/rust/COMPATIBILITY_MATRIX.md,library/third_party_implementations,regenerated,n/a
docs/specifications_old/parser/v3/beta_requirements/drivers/java-jdbc/COMPATIBILITY_MATRIX.md,docs/specifications/library/third_party_implementations/legacy_imports/specifications_old/parser/v3/beta_requirements/drivers/java-jdbc/COMPATIBILITY_MATRIX.md,library/third_party_implementations,regenerated,n/a
docs/specifications_old/reference/mysql/emulation_specs_8_4/source_copies/extra/protobuf/protobuf-24.4/third_party/utf8_range/README.md,docs/specifications/library/third_party_implementations/legacy_imports/specifications_old/reference/mysql/emulation_specs_8_4/source_copies/extra/protobuf/protobuf-24.4/third_party/utf8_range/README.md,library/third_party_implementations,regenerated,n/a
docs/specifications_old/reference/mysql/emulation_specs_8_4/source_copies/extra/protobuf/protobuf-24.4/third_party/utf8_range/CMakeLists.txt,docs/specifications/library/third_party_implementations/legacy_imports/specifications_old/reference/mysql/emulation_specs_8_4/source_copies/extra/protobuf/protobuf-24.4/third_party/utf8_range/CMakeLists.txt,library/third_party_implementations,regenerated,n/a
docs/specifications_old/reference/mysql/emulation_specs_8_4/source_copies/extra/protobuf/protobuf-24.4/third_party/utf8_range/UTF-8-demo.txt,docs/specifications/library/third_party_implementations/legacy_imports/specifications_old/reference/mysql/emulation_specs_8_4/source_copies/extra/protobuf/protobuf-24.4/third_party/utf8_range/UTF-8-demo.txt,library/third_party_implementations,regenerated,n/a
docs/specifications_old/reference/mysql/emulation_specs_8_4/source_copies/extra/protobuf/protobuf-24.4/third_party/utf8_range/CONTRIBUTING.md,docs/specifications/library/third_party_implementations/legacy_imports/specifications_old/reference/mysql/emulation_specs_8_4/source_copies/extra/protobuf/protobuf-24.4/third_party/utf8_range/CONTRIBUTING.md,library/third_party_implementations,regenerated,n/a
docs/specifications_old/reference/mysql/emulation_specs_8_4/source_copies/extra/protobuf/protobuf-24.4/third_party/utf8_range/utf8_corpus_dir/utf8_corpus_durst.txt,docs/specifications/library/third_party_implementations/legacy_imports/specifications_old/reference/mysql/emulation_specs_8_4/source_copies/extra/protobuf/protobuf-24.4/third_party/utf8_range/utf8_corpus_dir/utf8_corpus_durst.txt,library/third_party_implementations,regenerated,n/a
docs/specifications_old/reference/mysql/emulation_specs_8_4/source_copies/extra/protobuf/protobuf-24.4/third_party/utf8_range/utf8_corpus_dir/utf8_corpus_kuhn.txt,docs/specifications/library/third_party_implementations/legacy_imports/specifications_old/reference/mysql/emulation_specs_8_4/source_copies/extra/protobuf/protobuf-24.4/third_party/utf8_range/utf8_corpus_dir/utf8_corpus_kuhn.txt,library/third_party_implementations,regenerated,n/a
docs/specifications_old/deployment/README.md,docs/specifications/library/development_environment/legacy_imports/specifications_old/deployment/README.md,library/development_environment,regenerated,n/a
docs/specifications_old/deployment/WINDOWS_CROSS_COMPILE_SPECIFICATION.md,docs/specifications/library/development_environment/legacy_imports/specifications_old/deployment/WINDOWS_CROSS_COMPILE_SPECIFICATION.md,library/development_environment,regenerated,n/a
docs/specifications_old/beta_requirements/builds/COMPLETE_BUILD_ENVIRONMENT_SETUP.md,docs/specifications/library/development_environment/legacy_imports/specifications_old/beta_requirements/builds/COMPLETE_BUILD_ENVIRONMENT_SETUP.md,library/development_environment,regenerated,n/a
docs/specifications_old/parser/v3/beta_requirements/builds/COMPLETE_BUILD_ENVIRONMENT_SETUP.md,docs/specifications/library/development_environment/legacy_imports/specifications_old/parser/v3/beta_requirements/builds/COMPLETE_BUILD_ENVIRONMENT_SETUP.md,library/development_environment,regenerated,n/a
docs/specifications_old/reference/mysql/emulation_specs_8_4/source_copies/storage/ndb/test/run-test/ATRT_SETUP_README.txt,docs/specifications/library/development_environment/legacy_imports/specifications_old/reference/mysql/emulation_specs_8_4/source_copies/storage/ndb/test/run-test/ATRT_SETUP_README.txt,library/development_environment,regenerated,n/a
docs/specifications_old/parser/v3/planning/OFFLINE_TABLE_MIGRATION_TODOS.md,docs/specifications/work/planning/legacy_imports/specifications_old/parser/v3/planning/OFFLINE_TABLE_MIGRATION_TODOS.md,work/planning,regenerated,n/a
docs/specifications_old/parser/v3/planning/PHASE5_TASK5_3_OTHER_INDEX_TID_UPDATES.md,docs/specifications/work/planning/legacy_imports/specifications_old/parser/v3/planning/PHASE5_TASK5_3_OTHER_INDEX_TID_UPDATES.md,work/planning,regenerated,n/a
docs/specifications_old/parser/v3/planning/PLAN_ALPHA_COMPLETION.md,docs/specifications/work/planning/legacy_imports/specifications_old/parser/v3/planning/PLAN_ALPHA_COMPLETION.md,work/planning,regenerated,n/a
docs/specifications_old/parser/v3/planning/PHASE5_TASK5_1_1_HEAP_PAGE_ENUMERATION.md,docs/specifications/work/planning/legacy_imports/specifications_old/parser/v3/planning/PHASE5_TASK5_1_1_HEAP_PAGE_ENUMERATION.md,work/planning,regenerated,n/a
docs/specifications_old/parser/v3/planning/IPC_ENGINE_QUICK_FIX_REFERENCE.md,docs/specifications/work/planning/legacy_imports/specifications_old/parser/v3/planning/IPC_ENGINE_QUICK_FIX_REFERENCE.md,work/planning,regenerated,n/a
docs/specifications_old/parser/v3/planning/EXTERNAL_AGENTS_API_AUDIT_AND_REMEDIATION_PLAN.md,docs/specifications/work/planning/legacy_imports/specifications_old/parser/v3/planning/EXTERNAL_AGENTS_API_AUDIT_AND_REMEDIATION_PLAN.md,work/planning,regenerated,n/a
docs/specifications_old/parser/v3/planning/IPC_ENGINE_CHANGES_SUMMARY.md,docs/specifications/work/planning/legacy_imports/specifications_old/parser/v3/planning/IPC_ENGINE_CHANGES_SUMMARY.md,work/planning,regenerated,n/a
docs/specifications_old/parser/v3/planning/TABLESPACE_IMPLEMENTATION_PLAN.md,docs/specifications/work/planning/legacy_imports/specifications_old/parser/v3/planning/TABLESPACE_IMPLEMENTATION_PLAN.md,work/planning,regenerated,n/a
docs/specifications_old/parser/v3/planning/PHASE5_TASK5_4_ONLINE_MIGRATION_ANALYSIS.md,docs/specifications/work/planning/legacy_imports/specifications_old/parser/v3/planning/PHASE5_TASK5_4_ONLINE_MIGRATION_ANALYSIS.md,work/planning,regenerated,n/a
docs/specifications_old/parser/v3/planning/PHASE5_TASK5_1_4_TRANSACTION_ROLLBACK.md,docs/specifications/work/planning/legacy_imports/specifications_old/parser/v3/planning/PHASE5_TASK5_1_4_TRANSACTION_ROLLBACK.md,work/planning,regenerated,n/a
docs/specifications_old/parser/v3/planning/PHASE5_1_HEAP_PAGE_MIGRATION.md,docs/specifications/work/planning/legacy_imports/specifications_old/parser/v3/planning/PHASE5_1_HEAP_PAGE_MIGRATION.md,work/planning,regenerated,n/a
docs/specifications_old/parser/v3/planning/PHASE5_FULL_IMPLEMENTATION_PLAN.md,docs/specifications/work/planning/legacy_imports/specifications_old/parser/v3/planning/PHASE5_FULL_IMPLEMENTATION_PLAN.md,work/planning,regenerated,n/a
docs/specifications_old/parser/v3/planning/IPC_ENGINE_VERIFICATION_SUMMARY_2026-02-06.md,docs/specifications/work/planning/legacy_imports/specifications_old/parser/v3/planning/IPC_ENGINE_VERIFICATION_SUMMARY_2026-02-06.md,work/planning,regenerated,n/a
docs/specifications_old/parser/v3/planning/PHASE5_TASK5_1_2_PAGE_COPYING_TID_REMAPPING.md,docs/specifications/work/planning/legacy_imports/specifications_old/parser/v3/planning/PHASE5_TASK5_1_2_PAGE_COPYING_TID_REMAPPING.md,work/planning,regenerated,n/a
docs/specifications_old/parser/v3/planning/PHASE5_TASK5_1_3_TOAST_HANDLING.md,docs/specifications/work/planning/legacy_imports/specifications_old/parser/v3/planning/PHASE5_TASK5_1_3_TOAST_HANDLING.md,work/planning,regenerated,n/a
docs/specifications_old/parser/v3/planning/IMPROVEMENTS_P0_CRITICAL_PLAN.md,docs/specifications/work/planning/legacy_imports/specifications_old/parser/v3/planning/IMPROVEMENTS_P0_CRITICAL_PLAN.md,work/planning,regenerated,n/a
docs/specifications_old/parser/v3/planning/OFFLINE_TABLE_MIGRATION_DESIGN.md,docs/specifications/work/planning/legacy_imports/specifications_old/parser/v3/planning/OFFLINE_TABLE_MIGRATION_DESIGN.md,work/planning,regenerated,n/a
docs/specifications_old/parser/v3/planning/IPC_ENGINE_REMEDIATION_PLAN_2026-02-06.md,docs/specifications/work/planning/legacy_imports/specifications_old/parser/v3/planning/IPC_ENGINE_REMEDIATION_PLAN_2026-02-06.md,work/planning,regenerated,n/a
docs/specifications_old/parser/v3/planning/TRACKER_ALPHA_COMPLETION.md,docs/specifications/work/planning/legacy_imports/specifications_old/parser/v3/planning/TRACKER_ALPHA_COMPLETION.md,work/planning,regenerated,n/a
docs/specifications_old/parser/v3/planning/PHASE5_TASK5_2_BTREE_TID_UPDATES.md,docs/specifications/work/planning/legacy_imports/specifications_old/parser/v3/planning/PHASE5_TASK5_2_BTREE_TID_UPDATES.md,work/planning,regenerated,n/a
docs/specifications_old/parser/v3/planning/EXTERNAL_AGENTS_QUICK_FIX_GUIDE.md,docs/specifications/work/planning/legacy_imports/specifications_old/parser/v3/planning/EXTERNAL_AGENTS_QUICK_FIX_GUIDE.md,work/planning,regenerated,n/a
docs/specifications_old/parser/v3/planning/completed/PLAN_GIT_CONFIG_KEY_NORMALIZATION.md,docs/specifications/work/planning/legacy_imports/specifications_old/parser/v3/planning/completed/PLAN_GIT_CONFIG_KEY_NORMALIZATION.md,work/planning,regenerated,n/a
docs/specifications_old/parser/v3/planning/completed/PLAN_V2_PARSER_COMPLETION_finished.md,docs/specifications/work/planning/legacy_imports/specifications_old/parser/v3/planning/completed/PLAN_V2_PARSER_COMPLETION_finished.md,work/planning,regenerated,n/a
docs/specifications_old/parser/v3/planning/completed/ENGINE_CORE_ALPHA_COMPLETION_PLAN_finished.md,docs/specifications/work/planning/legacy_imports/specifications_old/parser/v3/planning/completed/ENGINE_CORE_ALPHA_COMPLETION_PLAN_finished.md,work/planning,regenerated,n/a
docs/specifications_old/parser/v3/planning/completed/RESOURCES_I18N_TIMEZONE_REMEDIATION_PLAN_finished.md,docs/specifications/work/planning/legacy_imports/specifications_old/parser/v3/planning/completed/RESOURCES_I18N_TIMEZONE_REMEDIATION_PLAN_finished.md,work/planning,regenerated,n/a
docs/specifications_old/parser/v3/planning/completed/OutstandingWork_finished.md,docs/specifications/work/planning/legacy_imports/specifications_old/parser/v3/planning/completed/OutstandingWork_finished.md,work/planning,regenerated,n/a
docs/specifications_old/parser/v3/planning/completed/TABLESPACE_REMEDIATION_PLAN_finished.md,docs/specifications/work/planning/legacy_imports/specifications_old/parser/v3/planning/completed/TABLESPACE_REMEDIATION_PLAN_finished.md,work/planning,regenerated,n/a
docs/specifications_old/parser/v3/planning/completed/TRACKER_PG_PARSER_ALPHA.md,docs/specifications/work/planning/legacy_imports/specifications_old/parser/v3/planning/completed/TRACKER_PG_PARSER_ALPHA.md,work/planning,regenerated,n/a
docs/specifications_old/parser/v3/planning/completed/PLAN_DRIVER_SERVER_FEATURES_ALPHA_finished.md,docs/specifications/work/planning/legacy_imports/specifications_old/parser/v3/planning/completed/PLAN_DRIVER_SERVER_FEATURES_ALPHA_finished.md,work/planning,regenerated,n/a
docs/specifications_old/parser/v3/planning/completed/TRACKER_FIREBIRD_PARSER_ALPHA.md,docs/specifications/work/planning/legacy_imports/specifications_old/parser/v3/planning/completed/TRACKER_FIREBIRD_PARSER_ALPHA.md,work/planning,regenerated,n/a
docs/specifications_old/parser/v3/planning/completed/PLAN_PYTHON_PSQL_PARITY_finished.md,docs/specifications/work/planning/legacy_imports/specifications_old/parser/v3/planning/completed/PLAN_PYTHON_PSQL_PARITY_finished.md,work/planning,regenerated,n/a
docs/specifications_old/parser/v3/planning/completed/CATALOG_EXPANSION_PLAN_finished.md,docs/specifications/work/planning/legacy_imports/specifications_old/parser/v3/planning/completed/CATALOG_EXPANSION_PLAN_finished.md,work/planning,regenerated,n/a
docs/specifications_old/parser/v3/planning/completed/OutstandingWork_Verification_2026-01-28_finished.md,docs/specifications/work/planning/legacy_imports/specifications_old/parser/v3/planning/completed/OutstandingWork_Verification_2026-01-28_finished.md,work/planning,regenerated,n/a
docs/specifications_old/parser/v3/planning/completed/TRACKER_MYSQL_PARSER_ALPHA.md,docs/specifications/work/planning/legacy_imports/specifications_old/parser/v3/planning/completed/TRACKER_MYSQL_PARSER_ALPHA.md,work/planning,regenerated,n/a
docs/specifications_old/parser/v3/planning/completed/CACHE_AND_BUFFER_REMEDIATION_PLAN_finished.md,docs/specifications/work/planning/legacy_imports/specifications_old/parser/v3/planning/completed/CACHE_AND_BUFFER_REMEDIATION_PLAN_finished.md,work/planning,regenerated,n/a
docs/specifications_old/parser/v3/planning/completed/TRACKER_INDEX_SPEC_GAPS_UPDATE_2026-01-22_finished.md,docs/specifications/work/planning/legacy_imports/specifications_old/parser/v3/planning/completed/TRACKER_INDEX_SPEC_GAPS_UPDATE_2026-01-22_finished.md,work/planning,regenerated,n/a
docs/specifications_old/parser/v3/planning/completed/SBLR_TYPE_OPCODE_REMEDIATION_PLAN.md,docs/specifications/work/planning/legacy_imports/specifications_old/parser/v3/planning/completed/SBLR_TYPE_OPCODE_REMEDIATION_PLAN.md,work/planning,regenerated,n/a
docs/specifications_old/parser/v3/planning/completed/ALPHA_COMPLETION_MASTER_PLAN_finished.md,docs/specifications/work/planning/legacy_imports/specifications_old/parser/v3/planning/completed/ALPHA_COMPLETION_MASTER_PLAN_finished.md,work/planning,regenerated,n/a
docs/specifications_old/parser/v3/planning/completed/TRACKER_OUTSTANDINGWORK_VERIFIED_2026-01-28.md,docs/specifications/work/planning/legacy_imports/specifications_old/parser/v3/planning/completed/TRACKER_OUTSTANDINGWORK_VERIFIED_2026-01-28.md,work/planning,regenerated,n/a
docs/specifications_old/parser/v3/planning/completed/ALPHA_CODE_TRUTH_AUDIT_2026-01-28_finished.md,docs/specifications/work/planning/legacy_imports/specifications_old/parser/v3/planning/completed/ALPHA_CODE_TRUTH_AUDIT_2026-01-28_finished.md,work/planning,regenerated,n/a
docs/specifications_old/parser/v3/planning/completed/TRACKER_INDEX_SPEC_GAPS_finished.md,docs/specifications/work/planning/legacy_imports/specifications_old/parser/v3/planning/completed/TRACKER_INDEX_SPEC_GAPS_finished.md,work/planning,regenerated,n/a
docs/specifications_old/parser/v3/planning/archive/PLAN_DRIVER_PASCAL_DELPHI.md,docs/specifications/work/planning/legacy_imports/specifications_old/parser/v3/planning/archive/PLAN_DRIVER_PASCAL_DELPHI.md,work/planning,regenerated,n/a
docs/specifications_old/parser/v3/planning/archive/PLAN_DRIVER_RUBY.md,docs/specifications/work/planning/legacy_imports/specifications_old/parser/v3/planning/archive/PLAN_DRIVER_RUBY.md,work/planning,regenerated,n/a
docs/specifications_old/parser/v3/planning/archive/TRACKER_NETWORK_LISTENER_PARSER_BINARIES.md,docs/specifications/work/planning/legacy_imports/specifications_old/parser/v3/planning/archive/TRACKER_NETWORK_LISTENER_PARSER_BINARIES.md,work/planning,regenerated,n/a
docs/specifications_old/parser/v3/planning/archive/TRACKER_DRIVERS.md,docs/specifications/work/planning/legacy_imports/specifications_old/parser/v3/planning/archive/TRACKER_DRIVERS.md,work/planning,regenerated,n/a
docs/specifications_old/parser/v3/planning/archive/PLAN_DRIVER_RUST.md,docs/specifications/work/planning/legacy_imports/specifications_old/parser/v3/planning/archive/PLAN_DRIVER_RUST.md,work/planning,regenerated,n/a
docs/specifications_old/parser/v3/planning/archive/PLAN_DRIVER_FOUNDATION_LIBSCRATCHBIRD.md,docs/specifications/work/planning/legacy_imports/specifications_old/parser/v3/planning/archive/PLAN_DRIVER_FOUNDATION_LIBSCRATCHBIRD.md,work/planning,regenerated,n/a
docs/specifications_old/parser/v3/planning/archive/PLAN_DRIVER_DOTNET.md,docs/specifications/work/planning/legacy_imports/specifications_old/parser/v3/planning/archive/PLAN_DRIVER_DOTNET.md,work/planning,regenerated,n/a
docs/specifications_old/parser/v3/planning/archive/TRACKER_CONTROL_PLANE_SOCKET.md,docs/specifications/work/planning/legacy_imports/specifications_old/parser/v3/planning/archive/TRACKER_CONTROL_PLANE_SOCKET.md,work/planning,regenerated,n/a
docs/specifications_old/parser/v3/planning/archive/TRACKER_DRIVER_BOOTSTRAP.md,docs/specifications/work/planning/legacy_imports/specifications_old/parser/v3/planning/archive/TRACKER_DRIVER_BOOTSTRAP.md,work/planning,regenerated,n/a
docs/specifications_old/parser/v3/planning/archive/PLAN_DRIVER_PHP.md,docs/specifications/work/planning/legacy_imports/specifications_old/parser/v3/planning/archive/PLAN_DRIVER_PHP.md,work/planning,regenerated,n/a
docs/specifications_old/parser/v3/planning/archive/PLAN_DRIVER_PYTHON.md,docs/specifications/work/planning/legacy_imports/specifications_old/parser/v3/planning/archive/PLAN_DRIVER_PYTHON.md,work/planning,regenerated,n/a
docs/specifications_old/parser/v3/planning/archive/PLAN_DRIVER_CPP.md,docs/specifications/work/planning/legacy_imports/specifications_old/parser/v3/planning/archive/PLAN_DRIVER_CPP.md,work/planning,regenerated,n/a
docs/specifications_old/parser/v3/planning/archive/PLAN_DRIVER_JDBC.md,docs/specifications/work/planning/legacy_imports/specifications_old/parser/v3/planning/archive/PLAN_DRIVER_JDBC.md,work/planning,regenerated,n/a
docs/specifications_old/parser/v3/planning/archive/PLAN_DRIVER_ODBC.md,docs/specifications/work/planning/legacy_imports/specifications_old/parser/v3/planning/archive/PLAN_DRIVER_ODBC.md,work/planning,regenerated,n/a
docs/specifications_old/parser/v3/planning/archive/PLAN_DRIVER_R.md,docs/specifications/work/planning/legacy_imports/specifications_old/parser/v3/planning/archive/PLAN_DRIVER_R.md,work/planning,regenerated,n/a
docs/specifications_old/parser/v3/planning/archive/PLAN_DRIVER_GOLANG.md,docs/specifications/work/planning/legacy_imports/specifications_old/parser/v3/planning/archive/PLAN_DRIVER_GOLANG.md,work/planning,regenerated,n/a
docs/specifications_old/parser/v3/planning/archive/PLAN_DRIVER_NODEJS_TYPESCRIPT.md,docs/specifications/work/planning/legacy_imports/specifications_old/parser/v3/planning/archive/PLAN_DRIVER_NODEJS_TYPESCRIPT.md,work/planning,regenerated,n/a
docs/specifications_old/parser/v3/planning/implemented/PHASE_2_COMPLETE.md,docs/specifications/work/planning/legacy_imports/specifications_old/parser/v3/planning/implemented/PHASE_2_COMPLETE.md,work/planning,regenerated,n/a
docs/specifications_old/parser/v3/planning/implemented/PHASE_3_COMPLETE.md,docs/specifications/work/planning/legacy_imports/specifications_old/parser/v3/planning/implemented/PHASE_3_COMPLETE.md,work/planning,regenerated,n/a
docs/specifications_old/parser/v3/Alpha_Phase_1_Archive/planning_archive/INDEX_COMPLETION_ROADMAP.md,docs/specifications/work/planning/legacy_imports/specifications_old/parser/v3/Alpha_Phase_1_Archive/planning_archive/INDEX_COMPLETION_ROADMAP.md,work/planning,regenerated,n/a
docs/specifications_old/parser/v3/Alpha_Phase_1_Archive/planning_archive/INDEX_IMPLEMENTATION_FIX_PLAN.md,docs/specifications/work/planning/legacy_imports/specifications_old/parser/v3/Alpha_Phase_1_Archive/planning_archive/INDEX_IMPLEMENTATION_FIX_PLAN.md,work/planning,regenerated,n/a
docs/specifications_old/parser/v3/Alpha_Phase_1_Archive/planning_archive/DDL_MODIFICATIONS_IMPLEMENTATION_PLAN.md,docs/specifications/work/planning/legacy_imports/specifications_old/parser/v3/Alpha_Phase_1_Archive/planning_archive/DDL_MODIFICATIONS_IMPLEMENTATION_PLAN.md,work/planning,regenerated,n/a
docs/specifications_old/parser/v3/Alpha_Phase_1_Archive/planning_archive/INDEX_INTEGRATION_COMPLETE_GUIDE.md,docs/specifications/work/planning/legacy_imports/specifications_old/parser/v3/Alpha_Phase_1_Archive/planning_archive/INDEX_INTEGRATION_COMPLETE_GUIDE.md,work/planning,regenerated,n/a
docs/specifications_old/parser/v3/Alpha_Phase_1_Archive/planning_archive/SQL_OBJECT_PERMISSIONS_DESIGN.md,docs/specifications/work/planning/legacy_imports/specifications_old/parser/v3/Alpha_Phase_1_Archive/planning_archive/SQL_OBJECT_PERMISSIONS_DESIGN.md,work/planning,regenerated,n/a
docs/specifications_old/parser/v3/Alpha_Phase_1_Archive/planning_archive/TRUNCATE_TABLE_IMPLEMENTATION_PLAN.md,docs/specifications/work/planning/legacy_imports/specifications_old/parser/v3/Alpha_Phase_1_Archive/planning_archive/TRUNCATE_TABLE_IMPLEMENTATION_PLAN.md,work/planning,regenerated,n/a
docs/specifications_old/parser/v3/Alpha_Phase_1_Archive/planning_archive/CATALOG_CORRECTION_IMPLEMENTATION_PLAN.md,docs/specifications/work/planning/legacy_imports/specifications_old/parser/v3/Alpha_Phase_1_Archive/planning_archive/CATALOG_CORRECTION_IMPLEMENTATION_PLAN.md,work/planning,regenerated,n/a
docs/specifications_old/parser/v3/Alpha_Phase_1_Archive/planning_archive/MISSING_FUNCTIONS_IMPLEMENTATION_PLAN.md,docs/specifications/work/planning/legacy_imports/specifications_old/parser/v3/Alpha_Phase_1_Archive/planning_archive/MISSING_FUNCTIONS_IMPLEMENTATION_PLAN.md,work/planning,regenerated,n/a
docs/specifications_old/parser/v3/Alpha_Phase_1_Archive/planning_archive/SECURITY_PHASE3_3_COLUMN_LEVEL_PLAN.md,docs/specifications/work/planning/legacy_imports/specifications_old/parser/v3/Alpha_Phase_1_Archive/planning_archive/SECURITY_PHASE3_3_COLUMN_LEVEL_PLAN.md,work/planning,regenerated,n/a
docs/specifications_old/parser/v3/Alpha_Phase_1_Archive/planning_archive/TRUNCATE_IMPLEMENTATION_CODE.md,docs/specifications/work/planning/legacy_imports/specifications_old/parser/v3/Alpha_Phase_1_Archive/planning_archive/TRUNCATE_IMPLEMENTATION_CODE.md,work/planning,regenerated,n/a
docs/specifications_old/parser/v3/Alpha_Phase_1_Archive/planning_archive/VIEWS_IMPLEMENTATION_PLAN.md,docs/specifications/work/planning/legacy_imports/specifications_old/parser/v3/Alpha_Phase_1_Archive/planning_archive/VIEWS_IMPLEMENTATION_PLAN.md,work/planning,regenerated,n/a
docs/specifications_old/parser/v3/Alpha_Phase_1_Archive/planning_archive/INDEX_INTEGRATION_IMPLEMENTATION_SUMMARY.md,docs/specifications/work/planning/legacy_imports/specifications_old/parser/v3/Alpha_Phase_1_Archive/planning_archive/INDEX_INTEGRATION_IMPLEMENTATION_SUMMARY.md,work/planning,regenerated,n/a
docs/specifications_old/parser/v3/Alpha_Phase_1_Archive/planning_archive/QUERY_PLAN_SECURITY_PHASE3_2.md,docs/specifications/work/planning/legacy_imports/specifications_old/parser/v3/Alpha_Phase_1_Archive/planning_archive/QUERY_PLAN_SECURITY_PHASE3_2.md,work/planning,regenerated,n/a
docs/specifications_old/parser/v3/Alpha_Phase_1_Archive/planning_archive/TRUNCATE_TABLE_ASYNC_IMPLEMENTATION.md,docs/specifications/work/planning/legacy_imports/specifications_old/parser/v3/Alpha_Phase_1_Archive/planning_archive/TRUNCATE_TABLE_ASYNC_IMPLEMENTATION.md,work/planning,regenerated,n/a
docs/specifications_old/parser/v3/Alpha_Phase_1_Archive/planning_archive/DATA_TYPE_COMPLETION_PLAN_2025-11-06.md,docs/specifications/work/planning/legacy_imports/specifications_old/parser/v3/Alpha_Phase_1_Archive/planning_archive/DATA_TYPE_COMPLETION_PLAN_2025-11-06.md,work/planning,regenerated,n/a
docs/specifications_old/parser/v3/Alpha_Phase_1_Archive/planning_archive/INDEX_CORRECTION_ACTION_PLAN_2025-11-06.md,docs/specifications/work/planning/legacy_imports/specifications_old/parser/v3/Alpha_Phase_1_Archive/planning_archive/INDEX_CORRECTION_ACTION_PLAN_2025-11-06.md,work/planning,regenerated,n/a
docs/specifications_old/parser/v3/Alpha_Phase_1_Archive/planning_archive/SECURITY_PHASE3_4_RLS_PLAN.md,docs/specifications/work/planning/legacy_imports/specifications_old/parser/v3/Alpha_Phase_1_Archive/planning_archive/SECURITY_PHASE3_4_RLS_PLAN.md,work/planning,regenerated,n/a
docs/specifications_old/parser/v3/Alpha_Phase_1_Archive/planning_archive/EXTRACT_FUNCTION_COMPREHENSIVE_PLAN.md,docs/specifications/work/planning/legacy_imports/specifications_old/parser/v3/Alpha_Phase_1_Archive/planning_archive/EXTRACT_FUNCTION_COMPREHENSIVE_PLAN.md,work/planning,regenerated,n/a
docs/specifications_old/parser/v3/Alpha_Phase_1_Archive/planning_archive/SECURITY_PHASE3_FINAL_IMPLEMENTATION_PLAN.md,docs/specifications/work/planning/legacy_imports/specifications_old/parser/v3/Alpha_Phase_1_Archive/planning_archive/SECURITY_PHASE3_FINAL_IMPLEMENTATION_PLAN.md,work/planning,regenerated,n/a
docs/specifications_old/parser/v3/Alpha_Phase_1_Archive/planning_archive/FK_PHASE_C_IMPLEMENTATION_PLAN.md,docs/specifications/work/planning/legacy_imports/specifications_old/parser/v3/Alpha_Phase_1_Archive/planning_archive/FK_PHASE_C_IMPLEMENTATION_PLAN.md,work/planning,regenerated,n/a
docs/specifications_old/parser/v3/Alpha_Phase_1_Archive/planning_archive/SEQUENCE_IMPLEMENTATION_PLAN.md,docs/specifications/work/planning/legacy_imports/specifications_old/parser/v3/Alpha_Phase_1_Archive/planning_archive/SEQUENCE_IMPLEMENTATION_PLAN.md,work/planning,regenerated,n/a
docs/specifications_old/parser/v3/Alpha_Phase_1_Archive/planning_archive/ALPHA_ADVANCED_SECURITY_IMPLEMENTATION_PLAN.md,docs/specifications/work/planning/legacy_imports/specifications_old/parser/v3/Alpha_Phase_1_Archive/planning_archive/ALPHA_ADVANCED_SECURITY_IMPLEMENTATION_PLAN.md,work/planning,regenerated,n/a
docs/specifications_old/parser/v3/Alpha_Phase_1_Archive/planning_archive/ALTER_TABLE_IMPLEMENTATION_PLAN.md,docs/specifications/work/planning/legacy_imports/specifications_old/parser/v3/Alpha_Phase_1_Archive/planning_archive/ALTER_TABLE_IMPLEMENTATION_PLAN.md,work/planning,regenerated,n/a
docs/specifications_old/parser/v3/Alpha_Phase_1_Archive/planning_archive/SECURITY_SYSTEM_IMPLEMENTATION_PLAN.md,docs/specifications/work/planning/legacy_imports/specifications_old/parser/v3/Alpha_Phase_1_Archive/planning_archive/SECURITY_SYSTEM_IMPLEMENTATION_PLAN.md,work/planning,regenerated,n/a
docs/specifications_old/parser/v3/Alpha_Phase_1_Archive/planning_archive/QUERY_PLAN_SECURITY_INTEGRATION.md,docs/specifications/work/planning/legacy_imports/specifications_old/parser/v3/Alpha_Phase_1_Archive/planning_archive/QUERY_PLAN_SECURITY_INTEGRATION.md,work/planning,regenerated,n/a
docs/specifications_old/parser/v3/Alpha_Phase_1_Archive/planning_archive/PERMISSION_CACHE_OPTIMIZATION_PHASE3_2_3.md,docs/specifications/work/planning/legacy_imports/specifications_old/parser/v3/Alpha_Phase_1_Archive/planning_archive/PERMISSION_CACHE_OPTIMIZATION_PHASE3_2_3.md,work/planning,regenerated,n/a
docs/specifications_old/parser/v3/Alpha_Phase_1_Archive/planning_archive (1)/SQL_IDENTIFIER_UTF8_FIX_PLAN.md,docs/specifications/work/planning/legacy_imports/specifications_old/parser/v3/Alpha_Phase_1_Archive/planning_archive (1)/SQL_IDENTIFIER_UTF8_FIX_PLAN.md,work/planning,regenerated,n/a
docs/specifications_old/parser/v3/Alpha_Phase_1_Archive/planning_archive (1)/ALPHA_PHASE1_COMPLETE_IMPLEMENTATION_PLAN.md,docs/specifications/work/planning/legacy_imports/specifications_old/parser/v3/Alpha_Phase_1_Archive/planning_archive (1)/ALPHA_PHASE1_COMPLETE_IMPLEMENTATION_PLAN.md,work/planning,regenerated,n/a
docs/specifications_old/parser/v3/Alpha_Phase_1_Archive/planning_archive (1)/ALPHA1_ADVANCED_SQL_FEATURES_PLAN.md,docs/specifications/work/planning/legacy_imports/specifications_old/parser/v3/Alpha_Phase_1_Archive/planning_archive (1)/ALPHA1_ADVANCED_SQL_FEATURES_PLAN.md,work/planning,regenerated,n/a
docs/specifications_old/parser/v3/Alpha_Phase_1_Archive/planning_archive (1)/ALPHA1_CLI_TOOLS_AND_VIEWS_COMPLETION_PLAN.md,docs/specifications/work/planning/legacy_imports/specifications_old/parser/v3/Alpha_Phase_1_Archive/planning_archive (1)/ALPHA1_CLI_TOOLS_AND_VIEWS_COMPLETION_PLAN.md,work/planning,regenerated,n/a
docs/specifications_old/parser/v3/Alpha_Phase_1_Archive/planning_archive (1)/ALPHA1_PSQL_TRIGGERS_IMPLEMENTATION_PLAN.md,docs/specifications/work/planning/legacy_imports/specifications_old/parser/v3/Alpha_Phase_1_Archive/planning_archive (1)/ALPHA1_PSQL_TRIGGERS_IMPLEMENTATION_PLAN.md,work/planning,regenerated,n/a
docs/specifications_old/parser/v3/Alpha_Phase_1_Archive/planning_archive (1)/CTE_IMPLEMENTATION_STATUS.md,docs/specifications/work/planning/legacy_imports/specifications_old/parser/v3/Alpha_Phase_1_Archive/planning_archive (1)/CTE_IMPLEMENTATION_STATUS.md,work/planning,regenerated,n/a
docs/specifications_old/parser/v3/Alpha_Phase_1_Archive/planning_archive (1)/PHASE_3_REVISED_TASKS.md,docs/specifications/work/planning/legacy_imports/specifications_old/parser/v3/Alpha_Phase_1_Archive/planning_archive (1)/PHASE_3_REVISED_TASKS.md,work/planning,regenerated,n/a
docs/specifications_old/parser/v3/Alpha_Phase_1_Archive/planning_archive (1)/ALPHA1_CONSTRAINTS_AND_ENGINE_COMMANDS_PLAN.md,docs/specifications/work/planning/legacy_imports/specifications_old/parser/v3/Alpha_Phase_1_Archive/planning_archive (1)/ALPHA1_CONSTRAINTS_AND_ENGINE_COMMANDS_PLAN.md,work/planning,regenerated,n/a
docs/specifications_old/parser/v3/Alpha_Phase_1_Archive/planning_archive (1)/MGA_COMPLIANCE_FIX_PLAN.md,docs/specifications/work/planning/legacy_imports/specifications_old/parser/v3/Alpha_Phase_1_Archive/planning_archive (1)/MGA_COMPLIANCE_FIX_PLAN.md,work/planning,regenerated,n/a
docs/specifications_old/parser/v3/Alpha_Phase_1_Archive/planning_archive (1)/ALPHA1_MASTER_COMPLETION_TRACKER.md,docs/specifications/work/planning/legacy_imports/specifications_old/parser/v3/Alpha_Phase_1_Archive/planning_archive (1)/ALPHA1_MASTER_COMPLETION_TRACKER.md,work/planning,regenerated,n/a
docs/specifications_old/parser/v3/Alpha_Phase_1_Archive/planning_archive (1)/TOAST_MGA_COMPLIANCE_FIX_PLAN.md,docs/specifications/work/planning/legacy_imports/specifications_old/parser/v3/Alpha_Phase_1_Archive/planning_archive (1)/TOAST_MGA_COMPLIANCE_FIX_PLAN.md,work/planning,regenerated,n/a
docs/specifications_old/parser/v3/Alpha_Phase_1_Archive/planning_archive (1)/LSM_TREE_COMPLETION_PLAN.md,docs/specifications/work/planning/legacy_imports/specifications_old/parser/v3/Alpha_Phase_1_Archive/planning_archive (1)/LSM_TREE_COMPLETION_PLAN.md,work/planning,regenerated,n/a
docs/specifications_old/parser/v3/Alpha_Phase_1_Archive/planning_archive (1)/PSQL_IMPLEMENTATION_STATUS.md,docs/specifications/work/planning/legacy_imports/specifications_old/parser/v3/Alpha_Phase_1_Archive/planning_archive (1)/PSQL_IMPLEMENTATION_STATUS.md,work/planning,regenerated,n/a
docs/specifications_old/parser/v3/Alpha_Phase_1_Archive/planning_archive (1)/MERGE_AND_RETURNING_IMPLEMENTATION.md,docs/specifications/work/planning/legacy_imports/specifications_old/parser/v3/Alpha_Phase_1_Archive/planning_archive (1)/MERGE_AND_RETURNING_IMPLEMENTATION.md,work/planning,regenerated,n/a
docs/specifications_old/parser/v3/Alpha_Phase_1_Archive/planning_archive/legacy-plans/remediation_plan_2025_09_15.md,docs/specifications/work/planning/legacy_imports/specifications_old/parser/v3/Alpha_Phase_1_Archive/planning_archive/legacy-plans/remediation_plan_2025_09_15.md,work/planning,regenerated,n/a
docs/specifications_old/parser/v3/Alpha_Phase_1_Archive/planning_archive/legacy-plans/IMPLEMENTATION_PLAN.md,docs/specifications/work/planning/legacy_imports/specifications_old/parser/v3/Alpha_Phase_1_Archive/planning_archive/legacy-plans/IMPLEMENTATION_PLAN.md,work/planning,regenerated,n/a
docs/specifications_old/parser/v3/Alpha_Phase_1_Archive/planning_archive/legacy-plans/README.md,docs/specifications/work/planning/legacy_imports/specifications_old/parser/v3/Alpha_Phase_1_Archive/planning_archive/legacy-plans/README.md,work/planning,regenerated,n/a
docs/specifications_old/parser/v3/Alpha_Phase_1_Archive/planning_archive/legacy-plans/id_alias_remediation_plan.md,docs/specifications/work/planning/legacy_imports/specifications_old/parser/v3/Alpha_Phase_1_Archive/planning_archive/legacy-plans/id_alias_remediation_plan.md,work/planning,regenerated,n/a
docs/specifications_old/parser/v3/Alpha_Phase_1_Archive/planning_archive/legacy-plans/code_quality_remediation_plan_2025_09_16.md,docs/specifications/work/planning/legacy_imports/specifications_old/parser/v3/Alpha_Phase_1_Archive/planning_archive/legacy-plans/code_quality_remediation_plan_2025_09_16.md,work/planning,regenerated,n/a
docs/specifications_old/parser/v3/Alpha_Phase_1_Archive/planning_archive/legacy-plans/column_uuid_migration_plan.md,docs/specifications/work/planning/legacy_imports/specifications_old/parser/v3/Alpha_Phase_1_Archive/planning_archive/legacy-plans/column_uuid_migration_plan.md,work/planning,regenerated,n/a
docs/specifications_old/parser/v3/Alpha_Phase_1_Archive/planning_archive/2025-11-01/TASK_17_PHASE_6_13_IMPLEMENTATION_PLAN.md,docs/specifications/work/planning/legacy_imports/specifications_old/parser/v3/Alpha_Phase_1_Archive/planning_archive/2025-11-01/TASK_17_PHASE_6_13_IMPLEMENTATION_PLAN.md,work/planning,regenerated,n/a
docs/specifications_old/parser/v3/Alpha_Phase_1_Archive/planning_archive/2025-11-01/QUERY_PLANNER_DESIGN.md,docs/specifications/work/planning/legacy_imports/specifications_old/parser/v3/Alpha_Phase_1_Archive/planning_archive/2025-11-01/QUERY_PLANNER_DESIGN.md,work/planning,regenerated,n/a
docs/specifications_old/parser/v3/Alpha_Phase_1_Archive/planning_archive/2025-11-01/FEATURE_PARITY_ROADMAP.md,docs/specifications/work/planning/legacy_imports/specifications_old/parser/v3/Alpha_Phase_1_Archive/planning_archive/2025-11-01/FEATURE_PARITY_ROADMAP.md,work/planning,regenerated,n/a
docs/specifications_old/parser/v3/Alpha_Phase_1_Archive/planning_archive/2025-11-01/JOIN_IMPLEMENTATION_COMPLETION.md,docs/specifications/work/planning/legacy_imports/specifications_old/parser/v3/Alpha_Phase_1_Archive/planning_archive/2025-11-01/JOIN_IMPLEMENTATION_COMPLETION.md,work/planning,regenerated,n/a
docs/specifications_old/parser/v3/Alpha_Phase_1_Archive/planning_archive/2025-11-01/TASK_17_MGA_PHASE_3_IMPLEMENTATION_PLAN.md,docs/specifications/work/planning/legacy_imports/specifications_old/parser/v3/Alpha_Phase_1_Archive/planning_archive/2025-11-01/TASK_17_MGA_PHASE_3_IMPLEMENTATION_PLAN.md,work/planning,regenerated,n/a
docs/specifications_old/parser/v3/Alpha_Phase_1_Archive/planning_archive/2025-11-01/TASK_17_COMPLETE_IMPLEMENTATION_GUIDE.md,docs/specifications/work/planning/legacy_imports/specifications_old/parser/v3/Alpha_Phase_1_Archive/planning_archive/2025-11-01/TASK_17_COMPLETE_IMPLEMENTATION_GUIDE.md,work/planning,regenerated,n/a
docs/specifications_old/parser/v3/Alpha_Phase_1_Archive/planning_archive/2025-11-01/JOIN_PLANNER_DESIGN.md,docs/specifications/work/planning/legacy_imports/specifications_old/parser/v3/Alpha_Phase_1_Archive/planning_archive/2025-11-01/JOIN_PLANNER_DESIGN.md,work/planning,regenerated,n/a
docs/specifications_old/parser/v3/Alpha_Phase_1_Archive/planning_archive/2025-11-01/PSQL_IMPLEMENTATION_PLAN.md,docs/specifications/work/planning/legacy_imports/specifications_old/parser/v3/Alpha_Phase_1_Archive/planning_archive/2025-11-01/PSQL_IMPLEMENTATION_PLAN.md,work/planning,regenerated,n/a
docs/specifications_old/parser/v3/Alpha_Phase_1_Archive/planning_archive/2025-11-01/WAVE_2_AGENT_SPECS.md,docs/specifications/work/planning/legacy_imports/specifications_old/parser/v3/Alpha_Phase_1_Archive/planning_archive/2025-11-01/WAVE_2_AGENT_SPECS.md,work/planning,regenerated,n/a
docs/specifications_old/parser/v3/Alpha_Phase_1_Archive/planning_archive/2025-11-01/PLANNER_INTEGRATION_DESIGN.md,docs/specifications/work/planning/legacy_imports/specifications_old/parser/v3/Alpha_Phase_1_Archive/planning_archive/2025-11-01/PLANNER_INTEGRATION_DESIGN.md,work/planning,regenerated,n/a
docs/specifications_old/parser/v3/Alpha_Phase_1_Archive/planning_archive/2025-11-01/TASK_17_MGA_COMPLIANCE_IMPLEMENTATION_PLAN_REVISED.md,docs/specifications/work/planning/legacy_imports/specifications_old/parser/v3/Alpha_Phase_1_Archive/planning_archive/2025-11-01/TASK_17_MGA_COMPLIANCE_IMPLEMENTATION_PLAN_REVISED.md,work/planning,regenerated,n/a
docs/specifications_old/parser/v3/Alpha_Phase_1_Archive/planning_archive/2025-11-01/PHASE_2_WAVE_2_STRATEGY.md,docs/specifications/work/planning/legacy_imports/specifications_old/parser/v3/Alpha_Phase_1_Archive/planning_archive/2025-11-01/PHASE_2_WAVE_2_STRATEGY.md,work/planning,regenerated,n/a
docs/specifications_old/parser/v3/Alpha_Phase_1_Archive/planning_archive/2025-11-01/SELECTIVITY_ESTIMATION_DESIGN.md,docs/specifications/work/planning/legacy_imports/specifications_old/parser/v3/Alpha_Phase_1_Archive/planning_archive/2025-11-01/SELECTIVITY_ESTIMATION_DESIGN.md,work/planning,regenerated,n/a
docs/specifications_old/parser/v3/Alpha_Phase_1_Archive/planning_archive/2025-11-01/EXPLAIN_COMMAND_DESIGN.md,docs/specifications/work/planning/legacy_imports/specifications_old/parser/v3/Alpha_Phase_1_Archive/planning_archive/2025-11-01/EXPLAIN_COMMAND_DESIGN.md,work/planning,regenerated,n/a
docs/specifications_old/parser/v3/Alpha_Phase_1_Archive/planning_archive/2025-11-01/TASK_14_FULL_TEXT_SEARCH_PROJECT_PLAN.md,docs/specifications/work/planning/legacy_imports/specifications_old/parser/v3/Alpha_Phase_1_Archive/planning_archive/2025-11-01/TASK_14_FULL_TEXT_SEARCH_PROJECT_PLAN.md,work/planning,regenerated,n/a
docs/specifications_old/parser/v3/Alpha_Phase_1_Archive/planning_archive/2025-11-01/STATISTICS_COLLECTION_DESIGN.md,docs/specifications/work/planning/legacy_imports/specifications_old/parser/v3/Alpha_Phase_1_Archive/planning_archive/2025-11-01/STATISTICS_COLLECTION_DESIGN.md,work/planning,regenerated,n/a
docs/specifications_old/parser/v3/Alpha_Phase_1_Archive/planning_archive/2025-11-01/PHASE_1_CLEANUP_GUIDE.md,docs/specifications/work/planning/legacy_imports/specifications_old/parser/v3/Alpha_Phase_1_Archive/planning_archive/2025-11-01/PHASE_1_CLEANUP_GUIDE.md,work/planning,regenerated,n/a
docs/specifications_old/parser/v3/Alpha_Phase_1_Archive/planning_archive/2025-11-01/TASK_14_TEXT_SEARCH_TYPES_PLAN.md,docs/specifications/work/planning/legacy_imports/specifications_old/parser/v3/Alpha_Phase_1_Archive/planning_archive/2025-11-01/TASK_14_TEXT_SEARCH_TYPES_PLAN.md,work/planning,regenerated,n/a
docs/specifications_old/parser/v3/Alpha_Phase_1_Archive/planning_archive/2025-11-01/TASK_17_MGA_COMPLIANCE_IMPLEMENTATION_PLAN.md,docs/specifications/work/planning/legacy_imports/specifications_old/parser/v3/Alpha_Phase_1_Archive/planning_archive/2025-11-01/TASK_17_MGA_COMPLIANCE_IMPLEMENTATION_PLAN.md,work/planning,regenerated,n/a
docs/specifications_old/parser/v3/Alpha_Phase_1_Archive/planning_archive/2025-11-01/TASK_15_PHASE_6_GIST_DESIGN.md,docs/specifications/work/planning/legacy_imports/specifications_old/parser/v3/Alpha_Phase_1_Archive/planning_archive/2025-11-01/TASK_15_PHASE_6_GIST_DESIGN.md,work/planning,regenerated,n/a
docs/specifications_old/parser/v3/Alpha_Phase_1_Archive/planning_archive/2025-11-01/COST_MODEL_DESIGN.md,docs/specifications/work/planning/legacy_imports/specifications_old/parser/v3/Alpha_Phase_1_Archive/planning_archive/2025-11-01/COST_MODEL_DESIGN.md,work/planning,regenerated,n/a
docs/specifications_old/parser/v3/Alpha_Phase_1_Archive/planning_archive/2025-11-01/PHASE_2_KICKOFF.md,docs/specifications/work/planning/legacy_imports/specifications_old/parser/v3/Alpha_Phase_1_Archive/planning_archive/2025-11-01/PHASE_2_KICKOFF.md,work/planning,regenerated,n/a
docs/specifications_old/parser/v3/Alpha_Phase_1_Archive/planning_archive/2025-11-01/TASK_17_EXPRESSION_FILTERED_INDEXES_DESIGN.md,docs/specifications/work/planning/legacy_imports/specifications_old/parser/v3/Alpha_Phase_1_Archive/planning_archive/2025-11-01/TASK_17_EXPRESSION_FILTERED_INDEXES_DESIGN.md,work/planning,regenerated,n/a
docs/specifications_old/parser/v3/Alpha_Phase_1_Archive/planning_archive/legacy-plans/archive/uuid_migration_plan.md,docs/specifications/work/planning/legacy_imports/specifications_old/parser/v3/Alpha_Phase_1_Archive/planning_archive/legacy-plans/archive/uuid_migration_plan.md,work/planning,regenerated,n/a
docs/specifications_old/parser/v3/Alpha_Phase_1_Archive/planning_archive/2025-11-01/implemented/ALPHA_1_2_IMPLEMENTATION_PLAN.md,docs/specifications/work/planning/legacy_imports/specifications_old/parser/v3/Alpha_Phase_1_Archive/planning_archive/2025-11-01/implemented/ALPHA_1_2_IMPLEMENTATION_PLAN.md,work/planning,regenerated,n/a
docs/specifications_old/parser/v3/Alpha_Phase_1_Archive/planning_archive/2025-11-01/implemented/ALPHA_003_IMPLEMENTATION_PLAN.md,docs/specifications/work/planning/legacy_imports/specifications_old/parser/v3/Alpha_Phase_1_Archive/planning_archive/2025-11-01/implemented/ALPHA_003_IMPLEMENTATION_PLAN.md,work/planning,regenerated,n/a
docs/specifications_old/parser/v3/Alpha_Phase_1_Archive/planning_archive/2025-11-01/implemented/PHASE_3_READONLY_OPTIMIZATIONS.md,docs/specifications/work/planning/legacy_imports/specifications_old/parser/v3/Alpha_Phase_1_Archive/planning_archive/2025-11-01/implemented/PHASE_3_READONLY_OPTIMIZATIONS.md,work/planning,regenerated,n/a
docs/specifications_old/parser/v3/Alpha_Phase_1_Archive/planning_archive/2025-11-01/implemented/SPRINT0_BUG_FIX_COMPLETE.md,docs/specifications/work/planning/legacy_imports/specifications_old/parser/v3/Alpha_Phase_1_Archive/planning_archive/2025-11-01/implemented/SPRINT0_BUG_FIX_COMPLETE.md,work/planning,regenerated,n/a
docs/specifications_old/parser/v3/Alpha_Phase_1_Archive/planning_archive/2025-11-01/implemented/PHASE_2_COMPLETE.md,docs/specifications/work/planning/legacy_imports/specifications_old/parser/v3/Alpha_Phase_1_Archive/planning_archive/2025-11-01/implemented/PHASE_2_COMPLETE.md,work/planning,regenerated,n/a
docs/specifications_old/parser/v3/Alpha_Phase_1_Archive/planning_archive/2025-11-01/implemented/MGA_PROPER_INDEX_IMPLEMENTATION_PLAN.md,docs/specifications/work/planning/legacy_imports/specifications_old/parser/v3/Alpha_Phase_1_Archive/planning_archive/2025-11-01/implemented/MGA_PROPER_INDEX_IMPLEMENTATION_PLAN.md,work/planning,regenerated,n/a
docs/specifications_old/parser/v3/Alpha_Phase_1_Archive/planning_archive/2025-11-01/implemented/SPRINT1_FOUNDATION_COMPLETE.md,docs/specifications/work/planning/legacy_imports/specifications_old/parser/v3/Alpha_Phase_1_Archive/planning_archive/2025-11-01/implemented/SPRINT1_FOUNDATION_COMPLETE.md,work/planning,regenerated,n/a
docs/specifications_old/parser/v3/Alpha_Phase_1_Archive/planning_archive/2025-11-01/implemented/SPRINT3_SUMMARY.md,docs/specifications/work/planning/legacy_imports/specifications_old/parser/v3/Alpha_Phase_1_Archive/planning_archive/2025-11-01/implemented/SPRINT3_SUMMARY.md,work/planning,regenerated,n/a
docs/specifications_old/parser/v3/Alpha_Phase_1_Archive/planning_archive/2025-11-01/implemented/PHASE_3_COMPLETE.md,docs/specifications/work/planning/legacy_imports/specifications_old/parser/v3/Alpha_Phase_1_Archive/planning_archive/2025-11-01/implemented/PHASE_3_COMPLETE.md,work/planning,regenerated,n/a
docs/specifications_old/parser/v3/Alpha_Phase_1_Archive/planning_archive/2025-11-01/implemented/SPRINT3_ONLINE_MIGRATION_ARCHITECTURE.md,docs/specifications/work/planning/legacy_imports/specifications_old/parser/v3/Alpha_Phase_1_Archive/planning_archive/2025-11-01/implemented/SPRINT3_ONLINE_MIGRATION_ARCHITECTURE.md,work/planning,regenerated,n/a
docs/specifications_old/parser/v3/Alpha_Phase_1_Archive/planning_archive/2025-11-01/older_deprecated_plan/PHASE4_TASK4_1_6_EXECUTOR.md,docs/specifications/work/planning/legacy_imports/specifications_old/parser/v3/Alpha_Phase_1_Archive/planning_archive/2025-11-01/older_deprecated_plan/PHASE4_TASK4_1_6_EXECUTOR.md,work/planning,regenerated,n/a
docs/specifications_old/parser/v3/Alpha_Phase_1_Archive/planning_archive/2025-11-01/older_deprecated_plan/TABLESPACE_COMPLETE_IMPLEMENTATION_ROADMAP.md,docs/specifications/work/planning/legacy_imports/specifications_old/parser/v3/Alpha_Phase_1_Archive/planning_archive/2025-11-01/older_deprecated_plan/TABLESPACE_COMPLETE_IMPLEMENTATION_ROADMAP.md,work/planning,regenerated,n/a
docs/specifications_old/parser/v3/Alpha_Phase_1_Archive/planning_archive/2025-11-01/older_deprecated_plan/ALPHA_ROW_IDENTITY_AND_TRANSACTION_VISIBILITY.md,docs/specifications/work/planning/legacy_imports/specifications_old/parser/v3/Alpha_Phase_1_Archive/planning_archive/2025-11-01/older_deprecated_plan/ALPHA_ROW_IDENTITY_AND_TRANSACTION_VISIBILITY.md,work/planning,regenerated,n/a
docs/specifications_old/parser/v3/Alpha_Phase_1_Archive/planning_archive/2025-11-01/older_deprecated_plan/OFFLINE_TABLE_MIGRATION_TODOS.md,docs/specifications/work/planning/legacy_imports/specifications_old/parser/v3/Alpha_Phase_1_Archive/planning_archive/2025-11-01/older_deprecated_plan/OFFLINE_TABLE_MIGRATION_TODOS.md,work/planning,regenerated,n/a
docs/specifications_old/parser/v3/Alpha_Phase_1_Archive/planning_archive/2025-11-01/older_deprecated_plan/PHASE5_TASK5_3_OTHER_INDEX_TID_UPDATES.md,docs/specifications/work/planning/legacy_imports/specifications_old/parser/v3/Alpha_Phase_1_Archive/planning_archive/2025-11-01/older_deprecated_plan/PHASE5_TASK5_3_OTHER_INDEX_TID_UPDATES.md,work/planning,regenerated,n/a
docs/specifications_old/parser/v3/Alpha_Phase_1_Archive/planning_archive/2025-11-01/older_deprecated_plan/ALPHA_ROW_IDENTITY_ENHANCED.md,docs/specifications/work/planning/legacy_imports/specifications_old/parser/v3/Alpha_Phase_1_Archive/planning_archive/2025-11-01/older_deprecated_plan/ALPHA_ROW_IDENTITY_ENHANCED.md,work/planning,regenerated,n/a
docs/specifications_old/parser/v3/Alpha_Phase_1_Archive/planning_archive/2025-11-01/older_deprecated_plan/SPRINT2_SUMMARY.md,docs/specifications/work/planning/legacy_imports/specifications_old/parser/v3/Alpha_Phase_1_Archive/planning_archive/2025-11-01/older_deprecated_plan/SPRINT2_SUMMARY.md,work/planning,regenerated,n/a
docs/specifications_old/parser/v3/Alpha_Phase_1_Archive/planning_archive/2025-11-01/older_deprecated_plan/SPRINT4_SUMMARY.md,docs/specifications/work/planning/legacy_imports/specifications_old/parser/v3/Alpha_Phase_1_Archive/planning_archive/2025-11-01/older_deprecated_plan/SPRINT4_SUMMARY.md,work/planning,regenerated,n/a
docs/specifications_old/parser/v3/Alpha_Phase_1_Archive/planning_archive/2025-11-01/older_deprecated_plan/SPRINT7_PHASE7_PREPARATION.md,docs/specifications/work/planning/legacy_imports/specifications_old/parser/v3/Alpha_Phase_1_Archive/planning_archive/2025-11-01/older_deprecated_plan/SPRINT7_PHASE7_PREPARATION.md,work/planning,regenerated,n/a
docs/specifications_old/parser/v3/Alpha_Phase_1_Archive/planning_archive/2025-11-01/older_deprecated_plan/PHASE5_TASK5_1_1_HEAP_PAGE_ENUMERATION.md,docs/specifications/work/planning/legacy_imports/specifications_old/parser/v3/Alpha_Phase_1_Archive/planning_archive/2025-11-01/older_deprecated_plan/PHASE5_TASK5_1_1_HEAP_PAGE_ENUMERATION.md,work/planning,regenerated,n/a
docs/specifications_old/parser/v3/Alpha_Phase_1_Archive/planning_archive/2025-11-01/older_deprecated_plan/MGA_ONLINE_MIGRATION_ANALYSIS.md,docs/specifications/work/planning/legacy_imports/specifications_old/parser/v3/Alpha_Phase_1_Archive/planning_archive/2025-11-01/older_deprecated_plan/MGA_ONLINE_MIGRATION_ANALYSIS.md,work/planning,regenerated,n/a
docs/specifications_old/parser/v3/Alpha_Phase_1_Archive/planning_archive/2025-11-01/older_deprecated_plan/INDEX_MGA_IMPLEMENTATION_PLAN.md,docs/specifications/work/planning/legacy_imports/specifications_old/parser/v3/Alpha_Phase_1_Archive/planning_archive/2025-11-01/older_deprecated_plan/INDEX_MGA_IMPLEMENTATION_PLAN.md,work/planning,regenerated,n/a
docs/specifications_old/parser/v3/Alpha_Phase_1_Archive/planning_archive/2025-11-01/older_deprecated_plan/SWEEP_INTEGRATION_PLAN.md,docs/specifications/work/planning/legacy_imports/specifications_old/parser/v3/Alpha_Phase_1_Archive/planning_archive/2025-11-01/older_deprecated_plan/SWEEP_INTEGRATION_PLAN.md,work/planning,regenerated,n/a
docs/specifications_old/parser/v3/Alpha_Phase_1_Archive/planning_archive/2025-11-01/older_deprecated_plan/PHASE4_TASK4_1_2_CATALOG_STUB.md,docs/specifications/work/planning/legacy_imports/specifications_old/parser/v3/Alpha_Phase_1_Archive/planning_archive/2025-11-01/older_deprecated_plan/PHASE4_TASK4_1_2_CATALOG_STUB.md,work/planning,regenerated,n/a
docs/specifications_old/parser/v3/Alpha_Phase_1_Archive/planning_archive/2025-11-01/older_deprecated_plan/SPRINT5_SUMMARY.md,docs/specifications/work/planning/legacy_imports/specifications_old/parser/v3/Alpha_Phase_1_Archive/planning_archive/2025-11-01/older_deprecated_plan/SPRINT5_SUMMARY.md,work/planning,regenerated,n/a
docs/specifications_old/parser/v3/Alpha_Phase_1_Archive/planning_archive/2025-11-01/older_deprecated_plan/TABLESPACE_IMPLEMENTATION_PLAN.md,docs/specifications/work/planning/legacy_imports/specifications_old/parser/v3/Alpha_Phase_1_Archive/planning_archive/2025-11-01/older_deprecated_plan/TABLESPACE_IMPLEMENTATION_PLAN.md,work/planning,regenerated,n/a
docs/specifications_old/parser/v3/Alpha_Phase_1_Archive/planning_archive/2025-11-01/older_deprecated_plan/ALPHA_CONTEXT_VARIABLES_DESIGN.md,docs/specifications/work/planning/legacy_imports/specifications_old/parser/v3/Alpha_Phase_1_Archive/planning_archive/2025-11-01/older_deprecated_plan/ALPHA_CONTEXT_VARIABLES_DESIGN.md,work/planning,regenerated,n/a
docs/specifications_old/parser/v3/Alpha_Phase_1_Archive/planning_archive/2025-11-01/older_deprecated_plan/PHASE5_TASK5_4_ONLINE_MIGRATION_ANALYSIS.md,docs/specifications/work/planning/legacy_imports/specifications_old/parser/v3/Alpha_Phase_1_Archive/planning_archive/2025-11-01/older_deprecated_plan/PHASE5_TASK5_4_ONLINE_MIGRATION_ANALYSIS.md,work/planning,regenerated,n/a
docs/specifications_old/parser/v3/Alpha_Phase_1_Archive/planning_archive/2025-11-01/older_deprecated_plan/PHASE4_TASK4_1_5_INDEX_TID_UPDATE.md,docs/specifications/work/planning/legacy_imports/specifications_old/parser/v3/Alpha_Phase_1_Archive/planning_archive/2025-11-01/older_deprecated_plan/PHASE4_TASK4_1_5_INDEX_TID_UPDATE.md,work/planning,regenerated,n/a
docs/specifications_old/parser/v3/Alpha_Phase_1_Archive/planning_archive/2025-11-01/older_deprecated_plan/PHASE5_TASK5_1_4_TRANSACTION_ROLLBACK.md,docs/specifications/work/planning/legacy_imports/specifications_old/parser/v3/Alpha_Phase_1_Archive/planning_archive/2025-11-01/older_deprecated_plan/PHASE5_TASK5_1_4_TRANSACTION_ROLLBACK.md,work/planning,regenerated,n/a
docs/specifications_old/parser/v3/Alpha_Phase_1_Archive/planning_archive/2025-11-01/older_deprecated_plan/PHASE4_TASK4_1_3_PROGRESS_TRACKING.md,docs/specifications/work/planning/legacy_imports/specifications_old/parser/v3/Alpha_Phase_1_Archive/planning_archive/2025-11-01/older_deprecated_plan/PHASE4_TASK4_1_3_PROGRESS_TRACKING.md,work/planning,regenerated,n/a
docs/specifications_old/parser/v3/Alpha_Phase_1_Archive/planning_archive/2025-11-01/older_deprecated_plan/SPRINT2_INDEX_TOAST_ANALYSIS.md,docs/specifications/work/planning/legacy_imports/specifications_old/parser/v3/Alpha_Phase_1_Archive/planning_archive/2025-11-01/older_deprecated_plan/SPRINT2_INDEX_TOAST_ANALYSIS.md,work/planning,regenerated,n/a
docs/specifications_old/parser/v3/Alpha_Phase_1_Archive/planning_archive/2025-11-01/older_deprecated_plan/PHASE5_1_HEAP_PAGE_MIGRATION.md,docs/specifications/work/planning/legacy_imports/specifications_old/parser/v3/Alpha_Phase_1_Archive/planning_archive/2025-11-01/older_deprecated_plan/PHASE5_1_HEAP_PAGE_MIGRATION.md,work/planning,regenerated,n/a
docs/specifications_old/parser/v3/Alpha_Phase_1_Archive/planning_archive/2025-11-01/older_deprecated_plan/PHASE5_FULL_IMPLEMENTATION_PLAN.md,docs/specifications/work/planning/legacy_imports/specifications_old/parser/v3/Alpha_Phase_1_Archive/planning_archive/2025-11-01/older_deprecated_plan/PHASE5_FULL_IMPLEMENTATION_PLAN.md,work/planning,regenerated,n/a
docs/specifications_old/parser/v3/Alpha_Phase_1_Archive/planning_archive/2025-11-01/older_deprecated_plan/ALPHA_CONTEXT_VARIABLES_V2_SUMMARY.md,docs/specifications/work/planning/legacy_imports/specifications_old/parser/v3/Alpha_Phase_1_Archive/planning_archive/2025-11-01/older_deprecated_plan/ALPHA_CONTEXT_VARIABLES_V2_SUMMARY.md,work/planning,regenerated,n/a
docs/specifications_old/parser/v3/Alpha_Phase_1_Archive/planning_archive/2025-11-01/older_deprecated_plan/PHASE5_TASK5_1_2_PAGE_COPYING_TID_REMAPPING.md,docs/specifications/work/planning/legacy_imports/specifications_old/parser/v3/Alpha_Phase_1_Archive/planning_archive/2025-11-01/older_deprecated_plan/PHASE5_TASK5_1_2_PAGE_COPYING_TID_REMAPPING.md,work/planning,regenerated,n/a
docs/specifications_old/parser/v3/Alpha_Phase_1_Archive/planning_archive/2025-11-01/older_deprecated_plan/PHASE5_TASK5_1_3_TOAST_HANDLING.md,docs/specifications/work/planning/legacy_imports/specifications_old/parser/v3/Alpha_Phase_1_Archive/planning_archive/2025-11-01/older_deprecated_plan/PHASE5_TASK5_1_3_TOAST_HANDLING.md,work/planning,regenerated,n/a
docs/specifications_old/parser/v3/Alpha_Phase_1_Archive/planning_archive/2025-11-01/older_deprecated_plan/PHASE4_TASK4_1_4_BATCH_PROCESSING.md,docs/specifications/work/planning/legacy_imports/specifications_old/parser/v3/Alpha_Phase_1_Archive/planning_archive/2025-11-01/older_deprecated_plan/PHASE4_TASK4_1_4_BATCH_PROCESSING.md,work/planning,regenerated,n/a
docs/specifications_old/parser/v3/Alpha_Phase_1_Archive/planning_archive/2025-11-01/older_deprecated_plan/OFFLINE_TABLE_MIGRATION_DESIGN.md,docs/specifications/work/planning/legacy_imports/specifications_old/parser/v3/Alpha_Phase_1_Archive/planning_archive/2025-11-01/older_deprecated_plan/OFFLINE_TABLE_MIGRATION_DESIGN.md,work/planning,regenerated,n/a
docs/specifications_old/parser/v3/Alpha_Phase_1_Archive/planning_archive/2025-11-01/older_deprecated_plan/PHASE7_COMPLETE_SCOPE.md,docs/specifications/work/planning/legacy_imports/specifications_old/parser/v3/Alpha_Phase_1_Archive/planning_archive/2025-11-01/older_deprecated_plan/PHASE7_COMPLETE_SCOPE.md,work/planning,regenerated,n/a
docs/specifications_old/parser/v3/Alpha_Phase_1_Archive/planning_archive/2025-11-01/older_deprecated_plan/TABLESPACE_ROADMAP_SUMMARY.md,docs/specifications/work/planning/legacy_imports/specifications_old/parser/v3/Alpha_Phase_1_Archive/planning_archive/2025-11-01/older_deprecated_plan/TABLESPACE_ROADMAP_SUMMARY.md,work/planning,regenerated,n/a
docs/specifications_old/parser/v3/Alpha_Phase_1_Archive/planning_archive/2025-11-01/older_deprecated_plan/MVCC_VS_MGA_CODE_REVIEW.md,docs/specifications/work/planning/legacy_imports/specifications_old/parser/v3/Alpha_Phase_1_Archive/planning_archive/2025-11-01/older_deprecated_plan/MVCC_VS_MGA_CODE_REVIEW.md,work/planning,regenerated,n/a
docs/specifications_old/parser/v3/Alpha_Phase_1_Archive/planning_archive/2025-11-01/older_deprecated_plan/PHASE5_TASK5_2_BTREE_TID_UPDATES.md,docs/specifications/work/planning/legacy_imports/specifications_old/parser/v3/Alpha_Phase_1_Archive/planning_archive/2025-11-01/older_deprecated_plan/PHASE5_TASK5_2_BTREE_TID_UPDATES.md,work/planning,regenerated,n/a
docs/specifications_old/parser/v3/Alpha_Phase_1_Archive/planning_archive/2025-11-01/older_deprecated_plan/SPRINT2_IMPLEMENTATION_PROGRESS.md,docs/specifications/work/planning/legacy_imports/specifications_old/parser/v3/Alpha_Phase_1_Archive/planning_archive/2025-11-01/older_deprecated_plan/SPRINT2_IMPLEMENTATION_PROGRESS.md,work/planning,regenerated,n/a
docs/specifications_old/parser/v3/Alpha_Phase_1_Archive/planning_archive/2025-11-01/older_deprecated_plan/SPRINT5_IMPLEMENTATION_PLAN.md,docs/specifications/work/planning/legacy_imports/specifications_old/parser/v3/Alpha_Phase_1_Archive/planning_archive/2025-11-01/older_deprecated_plan/SPRINT5_IMPLEMENTATION_PLAN.md,work/planning,regenerated,n/a
docs/specifications_old/parser/v3/Alpha_Phase_1_Archive/planning_archive/2025-11-01/older_deprecated_plan/SPRINT4_IMPLEMENTATION_PLAN.md,docs/specifications/work/planning/legacy_imports/specifications_old/parser/v3/Alpha_Phase_1_Archive/planning_archive/2025-11-01/older_deprecated_plan/SPRINT4_IMPLEMENTATION_PLAN.md,work/planning,regenerated,n/a
docs/specifications_old/parser/v3/Alpha_Phase_1_Archive/planning_archive/2025-11-01/older_deprecated_plan/PHASE4_TASK4_1_1_PARSER_TEST.md,docs/specifications/work/planning/legacy_imports/specifications_old/parser/v3/Alpha_Phase_1_Archive/planning_archive/2025-11-01/older_deprecated_plan/PHASE4_TASK4_1_1_PARSER_TEST.md,work/planning,regenerated,n/a
docs/specifications_old/parser/v3/Alpha_Phase_1_Archive/status_archive/2025-10-pre-phase2-3/planning/CRITICAL_FIXES_IMPLEMENTATION_PLAN.md,docs/specifications/work/planning/legacy_imports/specifications_old/parser/v3/Alpha_Phase_1_Archive/status_archive/2025-10-pre-phase2-3/planning/CRITICAL_FIXES_IMPLEMENTATION_PLAN.md,work/planning,regenerated,n/a
docs/specifications_old/parser/v3/Alpha_Phase_1_Archive/status_archive/2025-10-pre-phase2-3/planning/PHASE_2_PROGRESS.md,docs/specifications/work/planning/legacy_imports/specifications_old/parser/v3/Alpha_Phase_1_Archive/status_archive/2025-10-pre-phase2-3/planning/PHASE_2_PROGRESS.md,work/planning,regenerated,n/a
docs/specifications_old/parser/v3/Alpha_Phase_1_Archive/status_archive/2025-10-pre-phase2-3/planning/PHASE_4_COMPLETE.md,docs/specifications/work/planning/legacy_imports/specifications_old/parser/v3/Alpha_Phase_1_Archive/status_archive/2025-10-pre-phase2-3/planning/PHASE_4_COMPLETE.md,work/planning,regenerated,n/a
docs/specifications_old/parser/v3/Alpha_Phase_1_Archive/status_archive/2025-10-pre-phase2-3/planning/ALPHA_IMPLEMENTATION_PLAN.md,docs/specifications/work/planning/legacy_imports/specifications_old/parser/v3/Alpha_Phase_1_Archive/status_archive/2025-10-pre-phase2-3/planning/ALPHA_IMPLEMENTATION_PLAN.md,work/planning,regenerated,n/a
docs/specifications_old/parser/v3/Alpha_Phase_1_Archive/status_archive/2025-10-pre-phase2-3/planning/PHASE_1_INTEGRATION_GUIDE.md,docs/specifications/work/planning/legacy_imports/specifications_old/parser/v3/Alpha_Phase_1_Archive/status_archive/2025-10-pre-phase2-3/planning/PHASE_1_INTEGRATION_GUIDE.md,work/planning,regenerated,n/a
docs/specifications_old/parser/v3/Alpha_Phase_1_Archive/status_archive/2025-10-pre-phase2-3/planning/PHASE_4_PART_2_CONDITION_VARIABLE_COMPLETE.md,docs/specifications/work/planning/legacy_imports/specifications_old/parser/v3/Alpha_Phase_1_Archive/status_archive/2025-10-pre-phase2-3/planning/PHASE_4_PART_2_CONDITION_VARIABLE_COMPLETE.md,work/planning,regenerated,n/a
docs/specifications_old/parser/v3/Alpha_Phase_1_Archive/status_archive/2025-10-pre-phase2-3/planning/PHASE_4_PART_6_COMPREHENSIVE_TESTS_COMPLETE.md,docs/specifications/work/planning/legacy_imports/specifications_old/parser/v3/Alpha_Phase_1_Archive/status_archive/2025-10-pre-phase2-3/planning/PHASE_4_PART_6_COMPREHENSIVE_TESTS_COMPLETE.md,work/planning,regenerated,n/a
docs/specifications_old/parser/v3/Alpha_Phase_1_Archive/status_archive/2025-10-pre-phase2-3/planning/PHASE_1_INTEGRATION_STATUS.md,docs/specifications/work/planning/legacy_imports/specifications_old/parser/v3/Alpha_Phase_1_Archive/status_archive/2025-10-pre-phase2-3/planning/PHASE_1_INTEGRATION_STATUS.md,work/planning,regenerated,n/a
docs/specifications_old/parser/v3/Alpha_Phase_1_Archive/status_archive/2025-10-pre-phase2-3/planning/PHASE_4_PART_1_PHYSICAL_TUPLE_REMOVAL_COMPLETE.md,docs/specifications/work/planning/legacy_imports/specifications_old/parser/v3/Alpha_Phase_1_Archive/status_archive/2025-10-pre-phase2-3/planning/PHASE_4_PART_1_PHYSICAL_TUPLE_REMOVAL_COMPLETE.md,work/planning,regenerated,n/a
docs/specifications_old/parser/v3/Alpha_Phase_1_Archive/status_archive/2025-10-pre-phase2-3/planning/HASH_INDEX_IMPLEMENTATION_PLAN.md,docs/specifications/work/planning/legacy_imports/specifications_old/parser/v3/Alpha_Phase_1_Archive/status_archive/2025-10-pre-phase2-3/planning/HASH_INDEX_IMPLEMENTATION_PLAN.md,work/planning,regenerated,n/a
docs/specifications_old/parser/v3/Alpha_Phase_1_Archive/status_archive/2025-10-pre-phase2-3/planning/MGA_IMPLEMENTATION_PLAN.md,docs/specifications/work/planning/legacy_imports/specifications_old/parser/v3/Alpha_Phase_1_Archive/status_archive/2025-10-pre-phase2-3/planning/MGA_IMPLEMENTATION_PLAN.md,work/planning,regenerated,n/a
docs/specifications_old/parser/v3/Alpha_Phase_1_Archive/status_archive/2025-10-pre-phase2-3/planning/BTREE_IMPLEMENTATION_PLAN.md,docs/specifications/work/planning/legacy_imports/specifications_old/parser/v3/Alpha_Phase_1_Archive/status_archive/2025-10-pre-phase2-3/planning/BTREE_IMPLEMENTATION_PLAN.md,work/planning,regenerated,n/a
docs/specifications_old/parser/v3/Alpha_Phase_1_Archive/status_archive/2025-10-pre-phase2-3/planning/MGA_GAP_ANALYSIS.md,docs/specifications/work/planning/legacy_imports/specifications_old/parser/v3/Alpha_Phase_1_Archive/status_archive/2025-10-pre-phase2-3/planning/MGA_GAP_ANALYSIS.md,work/planning,regenerated,n/a
docs/specifications_old/parser/v3/Alpha_Phase_1_Archive/status_archive/2025-10-pre-phase2-3/planning/PHASE_3_TASK_3.4_COMPLETE.md,docs/specifications/work/planning/legacy_imports/specifications_old/parser/v3/Alpha_Phase_1_Archive/status_archive/2025-10-pre-phase2-3/planning/PHASE_3_TASK_3.4_COMPLETE.md,work/planning,regenerated,n/a
docs/specifications_old/parser/v3/Alpha_Phase_1_Archive/status_archive/2025-10-pre-phase2-3/planning/PHASE_4_PART_3_ENHANCED_METRICS_COMPLETE.md,docs/specifications/work/planning/legacy_imports/specifications_old/parser/v3/Alpha_Phase_1_Archive/status_archive/2025-10-pre-phase2-3/planning/PHASE_4_PART_3_ENHANCED_METRICS_COMPLETE.md,work/planning,regenerated,n/a
docs/specifications_old/parser/v3/Alpha_Phase_1_Archive/status_archive/2025-10-pre-phase2-3/planning/PHASE_3_PROGRESS.md,docs/specifications/work/planning/legacy_imports/specifications_old/parser/v3/Alpha_Phase_1_Archive/status_archive/2025-10-pre-phase2-3/planning/PHASE_3_PROGRESS.md,work/planning,regenerated,n/a
docs/specifications_old/parser/v3/Alpha_Phase_1_Archive/status_archive/2025-10-pre-phase2-3/planning/PHASE_1_COMPLETE.md,docs/specifications/work/planning/legacy_imports/specifications_old/parser/v3/Alpha_Phase_1_Archive/status_archive/2025-10-pre-phase2-3/planning/PHASE_1_COMPLETE.md,work/planning,regenerated,n/a
docs/specifications_old/parser/v3/Alpha_Phase_1_Archive/status_archive/2025-10-pre-phase2-3/planning/PHASE_4_PART_5_PRIORITY_QUEUE_COMPLETE.md,docs/specifications/work/planning/legacy_imports/specifications_old/parser/v3/Alpha_Phase_1_Archive/status_archive/2025-10-pre-phase2-3/planning/PHASE_4_PART_5_PRIORITY_QUEUE_COMPLETE.md,work/planning,regenerated,n/a
docs/specifications_old/parser/v3/Alpha_Phase_1_Archive/status_archive/2025-10-pre-phase2-3/planning/PHASE_4_PART_4_ADAPTIVE_TUNING_COMPLETE.md,docs/specifications/work/planning/legacy_imports/specifications_old/parser/v3/Alpha_Phase_1_Archive/status_archive/2025-10-pre-phase2-3/planning/PHASE_4_PART_4_ADAPTIVE_TUNING_COMPLETE.md,work/planning,regenerated,n/a
docs/specifications_old/parser/v3/status/planning/TABLESPACE_IMPLEMENTATION_PLAN.md,docs/specifications/work/planning/legacy_imports/specifications_old/parser/v3/status/planning/TABLESPACE_IMPLEMENTATION_PLAN.md,work/planning,regenerated,n/a
docs/specifications_old/parser/v3/planning/GAP_AUDIT_REMEDIATION_PLAN_2026-02-07.md,docs/specifications/work/findings/legacy_imports/specifications_old/parser/v3/planning/GAP_AUDIT_REMEDIATION_PLAN_2026-02-07.md,work/findings,regenerated,n/a
docs/specifications_old/parser/v3/findings/README.md,docs/specifications/work/findings/legacy_imports/specifications_old/parser/v3/findings/README.md,work/findings,regenerated,n/a
docs/specifications_old/parser/v3/findings/NO_GREY_AREAS_GATE.md,docs/specifications/work/findings/legacy_imports/specifications_old/parser/v3/findings/NO_GREY_AREAS_GATE.md,work/findings,regenerated,n/a
docs/specifications_old/parser/v3/findings/DIALECT_GAP_EXAMPLES.md,docs/specifications/work/findings/legacy_imports/specifications_old/parser/v3/findings/DIALECT_GAP_EXAMPLES.md,work/findings,regenerated,n/a
docs/specifications_old/parser/v3/findings/SBLR_TYPE_OPCODE_GAPS.md,docs/specifications/work/findings/legacy_imports/specifications_old/parser/v3/findings/SBLR_TYPE_OPCODE_GAPS.md,work/findings,regenerated,n/a
docs/specifications_old/beta_requirements/optional/AUDIT_TEMPORAL_HISTORY_ARCHIVE.md,docs/specifications/work/audits/legacy_imports/specifications_old/beta_requirements/optional/AUDIT_TEMPORAL_HISTORY_ARCHIVE.md,work/audits,regenerated,n/a
docs/specifications_old/parser/v3/audits/audit_2025_10_06.md,docs/specifications/work/audits/legacy_imports/specifications_old/parser/v3/audits/audit_2025_10_06.md,work/audits,regenerated,n/a
docs/specifications_old/parser/v3/audits/error_handling_audit_2025_10_07.md,docs/specifications/work/audits/legacy_imports/specifications_old/parser/v3/audits/error_handling_audit_2025_10_07.md,work/audits,regenerated,n/a
docs/specifications_old/parser/v3/audit/IMPROVEMENT_OPPORTUNITIES.md,docs/specifications/work/audits/legacy_imports/specifications_old/parser/v3/audit/IMPROVEMENT_OPPORTUNITIES.md,work/audits,regenerated,n/a
docs/specifications_old/parser/v3/audit/after_transaction_work.md,docs/specifications/work/audits/legacy_imports/specifications_old/parser/v3/audit/after_transaction_work.md,work/audits,regenerated,n/a
docs/specifications_old/parser/v3/audit/after_transaction_documentation_work.md,docs/specifications/work/audits/legacy_imports/specifications_old/parser/v3/audit/after_transaction_documentation_work.md,work/audits,regenerated,n/a
docs/specifications_old/parser/v3/beta_requirements/optional/AUDIT_TEMPORAL_HISTORY_ARCHIVE.md,docs/specifications/work/audits/legacy_imports/specifications_old/parser/v3/beta_requirements/optional/AUDIT_TEMPORAL_HISTORY_ARCHIVE.md,work/audits,regenerated,n/a
docs/specifications_old/parser/v3/Alpha_Phase_1_Archive/audit_archive/legacy-reviews/REVIEW_TEMPLATE.md,docs/specifications/work/audits/legacy_imports/specifications_old/parser/v3/Alpha_Phase_1_Archive/audit_archive/legacy-reviews/REVIEW_TEMPLATE.md,work/audits,regenerated,n/a
docs/specifications_old/parser/v3/Alpha_Phase_1_Archive/audit_archive/legacy-reviews/phase_1_01_1_followup_review.md,docs/specifications/work/audits/legacy_imports/specifications_old/parser/v3/Alpha_Phase_1_Archive/audit_archive/legacy-reviews/phase_1_01_1_followup_review.md,work/audits,regenerated,n/a
docs/specifications_old/parser/v3/Alpha_Phase_1_Archive/audit_archive/legacy-reviews/comprehensive_uuid_audit_2025_09_16.md,docs/specifications/work/audits/legacy_imports/specifications_old/parser/v3/Alpha_Phase_1_Archive/audit_archive/legacy-reviews/comprehensive_uuid_audit_2025_09_16.md,work/audits,regenerated,n/a
docs/specifications_old/parser/v3/Alpha_Phase_1_Archive/audit_archive/legacy-reviews/phase_1_01_1_review.md,docs/specifications/work/audits/legacy_imports/specifications_old/parser/v3/Alpha_Phase_1_Archive/audit_archive/legacy-reviews/phase_1_01_1_review.md,work/audits,regenerated,n/a
docs/specifications_old/parser/v3/Alpha_Phase_1_Archive/audit_archive/legacy-reviews/README.md,docs/specifications/work/audits/legacy_imports/specifications_old/parser/v3/Alpha_Phase_1_Archive/audit_archive/legacy-reviews/README.md,work/audits,regenerated,n/a
docs/specifications_old/parser/v3/Alpha_Phase_1_Archive/audit_archive/legacy-reviews/agent_b_codebase_analysis_2025_09_16.md,docs/specifications/work/audits/legacy_imports/specifications_old/parser/v3/Alpha_Phase_1_Archive/audit_archive/legacy-reviews/agent_b_codebase_analysis_2025_09_16.md,work/audits,regenerated,n/a
docs/specifications_old/parser/v3/Alpha_Phase_1_Archive/audit_archive/legacy-reviews/AGENT_B_REVIEW_STAGE_1_1_EXTENDED_PAGE_SIZES.md,docs/specifications/work/audits/legacy_imports/specifications_old/parser/v3/Alpha_Phase_1_Archive/audit_archive/legacy-reviews/AGENT_B_REVIEW_STAGE_1_1_EXTENDED_PAGE_SIZES.md,work/audits,regenerated,n/a
docs/specifications_old/parser/v3/Alpha_Phase_1_Archive/audit_archive/legacy-reviews/agent_b_code_review_2025-09-08.md,docs/specifications/work/audits/legacy_imports/specifications_old/parser/v3/Alpha_Phase_1_Archive/audit_archive/legacy-reviews/agent_b_code_review_2025-09-08.md,work/audits,regenerated,n/a
docs/specifications_old/parser/v3/Alpha_Phase_1_Archive/audit_archive/legacy-reviews/phase_1_01_2_review.md,docs/specifications/work/audits/legacy_imports/specifications_old/parser/v3/Alpha_Phase_1_Archive/audit_archive/legacy-reviews/phase_1_01_2_review.md,work/audits,regenerated,n/a
docs/specifications_old/parser/v3/Alpha_Phase_1_Archive/audit_archive/legacy-reviews/firebase_review_2025_09_15.md,docs/specifications/work/audits/legacy_imports/specifications_old/parser/v3/Alpha_Phase_1_Archive/audit_archive/legacy-reviews/firebase_review_2025_09_15.md,work/audits,regenerated,n/a
docs/specifications_old/parser/v3/Alpha_Phase_1_Archive/audit_archive/legacy-reviews/alpha_1_05_complete_final_review.md,docs/specifications/work/audits/legacy_imports/specifications_old/parser/v3/Alpha_Phase_1_Archive/audit_archive/legacy-reviews/alpha_1_05_complete_final_review.md,work/audits,regenerated,n/a
docs/specifications_old/parser/v3/Alpha_Phase_1_Archive/audit_archive/legacy-reviews/alpha_1_03_storage_engine_final_analysis.md,docs/specifications/work/audits/legacy_imports/specifications_old/parser/v3/Alpha_Phase_1_Archive/audit_archive/legacy-reviews/alpha_1_03_storage_engine_final_analysis.md,work/audits,regenerated,n/a
docs/specifications_old/parser/v3/Alpha_Phase_1_Archive/audit_archive/legacy-reviews/alpha_1_04_transaction_foundation_fix_report.md,docs/specifications/work/audits/legacy_imports/specifications_old/parser/v3/Alpha_Phase_1_Archive/audit_archive/legacy-reviews/alpha_1_04_transaction_foundation_fix_report.md,work/audits,regenerated,n/a
docs/specifications_old/parser/v3/Alpha_Phase_1_Archive/audit_archive/legacy-reviews/alpha_1_05_bytecode_generator_review.md,docs/specifications/work/audits/legacy_imports/specifications_old/parser/v3/Alpha_Phase_1_Archive/audit_archive/legacy-reviews/alpha_1_05_bytecode_generator_review.md,work/audits,regenerated,n/a
docs/specifications_old/parser/v3/Alpha_Phase_1_Archive/audit_archive/legacy-reviews/alpha_1_03_storage_engine_fixes_applied.md,docs/specifications/work/audits/legacy_imports/specifications_old/parser/v3/Alpha_Phase_1_Archive/audit_archive/legacy-reviews/alpha_1_03_storage_engine_fixes_applied.md,work/audits,regenerated,n/a
docs/specifications_old/parser/v3/Alpha_Phase_1_Archive/audit_archive/legacy-reviews/alpha_1_05_sql_parser_complete_review.md,docs/specifications/work/audits/legacy_imports/specifications_old/parser/v3/Alpha_Phase_1_Archive/audit_archive/legacy-reviews/alpha_1_05_sql_parser_complete_review.md,work/audits,regenerated,n/a
docs/specifications_old/parser/v3/Alpha_Phase_1_Archive/audit_archive/legacy-reviews/alpha_1_04_transaction_foundation_review.md,docs/specifications/work/audits/legacy_imports/specifications_old/parser/v3/Alpha_Phase_1_Archive/audit_archive/legacy-reviews/alpha_1_04_transaction_foundation_review.md,work/audits,regenerated,n/a
docs/specifications_old/parser/v3/Alpha_Phase_1_Archive/audit_archive/legacy-reviews/alpha_1_03_storage_engine_code_review_final.md,docs/specifications/work/audits/legacy_imports/specifications_old/parser/v3/Alpha_Phase_1_Archive/audit_archive/legacy-reviews/alpha_1_03_storage_engine_code_review_final.md,work/audits,regenerated,n/a
docs/specifications_old/parser/v3/Alpha_Phase_1_Archive/audit_archive/legacy-reviews/phase_1_03_catalog_review.md,docs/specifications/work/audits/legacy_imports/specifications_old/parser/v3/Alpha_Phase_1_Archive/audit_archive/legacy-reviews/phase_1_03_catalog_review.md,work/audits,regenerated,n/a
docs/specifications_old/parser/v3/Alpha_Phase_1_Archive/audit_archive/legacy-reviews/agent_b_heap_toast_review_2025-09-08.md,docs/specifications/work/audits/legacy_imports/specifications_old/parser/v3/Alpha_Phase_1_Archive/audit_archive/legacy-reviews/agent_b_heap_toast_review_2025-09-08.md,work/audits,regenerated,n/a
docs/specifications_old/parser/v3/Alpha_Phase_1_Archive/audit_archive/legacy-reviews/AGENT_B_REVIEW_OF_AGENT_A_FIXES.md,docs/specifications/work/audits/legacy_imports/specifications_old/parser/v3/Alpha_Phase_1_Archive/audit_archive/legacy-reviews/AGENT_B_REVIEW_OF_AGENT_A_FIXES.md,work/audits,regenerated,n/a
docs/specifications_old/parser/v3/Alpha_Phase_1_Archive/audit_archive/legacy-reviews/2025-09-10.REVIEW.md,docs/specifications/work/audits/legacy_imports/specifications_old/parser/v3/Alpha_Phase_1_Archive/audit_archive/legacy-reviews/2025-09-10.REVIEW.md,work/audits,regenerated,n/a
docs/specifications_old/parser/v3/Alpha_Phase_1_Archive/audit_archive/legacy-reviews/alpha_1_05_sql_lexer_code_review.md,docs/specifications/work/audits/legacy_imports/specifications_old/parser/v3/Alpha_Phase_1_Archive/audit_archive/legacy-reviews/alpha_1_05_sql_lexer_code_review.md,work/audits,regenerated,n/a
docs/specifications_old/parser/v3/Alpha_Phase_1_Archive/audit_archive/legacy-reviews/alpha_1_04_transaction_foundation_final_review.md,docs/specifications/work/audits/legacy_imports/specifications_old/parser/v3/Alpha_Phase_1_Archive/audit_archive/legacy-reviews/alpha_1_04_transaction_foundation_final_review.md,work/audits,regenerated,n/a
docs/specifications_old/parser/v3/Alpha_Phase_1_Archive/audit_archive/legacy-reviews/phase_1_01_2_followup_review.md,docs/specifications/work/audits/legacy_imports/specifications_old/parser/v3/Alpha_Phase_1_Archive/audit_archive/legacy-reviews/phase_1_01_2_followup_review.md,work/audits,regenerated,n/a
docs/specifications_old/parser/v3/Alpha_Phase_1_Archive/audit_archive/legacy-reviews/alpha_1_05_semantic_analyzer_review.md,docs/specifications/work/audits/legacy_imports/specifications_old/parser/v3/Alpha_Phase_1_Archive/audit_archive/legacy-reviews/alpha_1_05_semantic_analyzer_review.md,work/audits,regenerated,n/a
docs/specifications_old/parser/v3/Alpha_Phase_1_Archive/audit_archive/legacy-reviews/uuid_migration_impact_report.md,docs/specifications/work/audits/legacy_imports/specifications_old/parser/v3/Alpha_Phase_1_Archive/audit_archive/legacy-reviews/uuid_migration_impact_report.md,work/audits,regenerated,n/a
docs/specifications_old/parser/v3/Alpha_Phase_1_Archive/audit_archive/2025-11-01/02_TOAST_IMPLEMENTATION_AUDIT.md,docs/specifications/work/audits/legacy_imports/specifications_old/parser/v3/Alpha_Phase_1_Archive/audit_archive/2025-11-01/02_TOAST_IMPLEMENTATION_AUDIT.md,work/audits,regenerated,n/a
docs/specifications_old/parser/v3/Alpha_Phase_1_Archive/audit_archive/2025-11-01/AUDIT_CORRECTIONS_SUMMARY.md,docs/specifications/work/audits/legacy_imports/specifications_old/parser/v3/Alpha_Phase_1_Archive/audit_archive/2025-11-01/AUDIT_CORRECTIONS_SUMMARY.md,work/audits,regenerated,n/a
docs/specifications_old/parser/v3/Alpha_Phase_1_Archive/audit_archive/2025-11-01/README.md,docs/specifications/work/audits/legacy_imports/specifications_old/parser/v3/Alpha_Phase_1_Archive/audit_archive/2025-11-01/README.md,work/audits,regenerated,n/a
docs/specifications_old/parser/v3/Alpha_Phase_1_Archive/audit_archive/2025-11-01/03_SQL_IDENTIFIER_AUDIT.md,docs/specifications/work/audits/legacy_imports/specifications_old/parser/v3/Alpha_Phase_1_Archive/audit_archive/2025-11-01/03_SQL_IDENTIFIER_AUDIT.md,work/audits,regenerated,n/a
docs/specifications_old/parser/v3/Alpha_Phase_1_Archive/audit_archive/2025-11-01/TYPE_SYSTEM_COMPLETENESS_AUDIT.md,docs/specifications/work/audits/legacy_imports/specifications_old/parser/v3/Alpha_Phase_1_Archive/audit_archive/2025-11-01/TYPE_SYSTEM_COMPLETENESS_AUDIT.md,work/audits,regenerated,n/a
docs/specifications_old/parser/v3/Alpha_Phase_1_Archive/audit_archive/2025-11-01/01_MGA_COMPLIANCE_AUDIT.md,docs/specifications/work/audits/legacy_imports/specifications_old/parser/v3/Alpha_Phase_1_Archive/audit_archive/2025-11-01/01_MGA_COMPLIANCE_AUDIT.md,work/audits,regenerated,n/a
docs/specifications_old/parser/v3/Alpha_Phase_1_Archive/audit_archive/2025-11-01/PHASE_1_COMPLETION_AUDIT.md,docs/specifications/work/audits/legacy_imports/specifications_old/parser/v3/Alpha_Phase_1_Archive/audit_archive/2025-11-01/PHASE_1_COMPLETION_AUDIT.md,work/audits,regenerated,n/a
docs/specifications_old/parser/v3/Alpha_Phase_1_Archive/audit_archive/2025-11-01/SCHEMA_STRUCTURE_AUDIT.md,docs/specifications/work/audits/legacy_imports/specifications_old/parser/v3/Alpha_Phase_1_Archive/audit_archive/2025-11-01/SCHEMA_STRUCTURE_AUDIT.md,work/audits,regenerated,n/a
docs/specifications_old/parser/v3/Alpha_Phase_1_Archive/audit_archive/2025-11-01/CORRECTED_COMPREHENSIVE_AUDIT_2025-10-25.md,docs/specifications/work/audits/legacy_imports/specifications_old/parser/v3/Alpha_Phase_1_Archive/audit_archive/2025-11-01/CORRECTED_COMPREHENSIVE_AUDIT_2025-10-25.md,work/audits,regenerated,n/a
docs/specifications_old/parser/v3/Alpha_Phase_1_Archive/audit_archive/2025-11-01/PARSER_COVERAGE_AUDIT.md,docs/specifications/work/audits/legacy_imports/specifications_old/parser/v3/Alpha_Phase_1_Archive/audit_archive/2025-11-01/PARSER_COVERAGE_AUDIT.md,work/audits,regenerated,n/a
docs/specifications_old/parser/v3/Alpha_Phase_1_Archive/audit_archive/2025-11-01/INDEX_TYPE_COMPLETENESS_AUDIT.md,docs/specifications/work/audits/legacy_imports/specifications_old/parser/v3/Alpha_Phase_1_Archive/audit_archive/2025-11-01/INDEX_TYPE_COMPLETENESS_AUDIT.md,work/audits,regenerated,n/a
docs/specifications_old/parser/v3/Alpha_Phase_1_Archive/audit_archive/2025-11-01/00_EXECUTIVE_SUMMARY.md,docs/specifications/work/audits/legacy_imports/specifications_old/parser/v3/Alpha_Phase_1_Archive/audit_archive/2025-11-01/00_EXECUTIVE_SUMMARY.md,work/audits,regenerated,n/a
docs/specifications_old/parser/v3/Alpha_Phase_1_Archive/audit_archive/2025-11-01/FEATURE_PARITY_GAP_ANALYSIS.md,docs/specifications/work/audits/legacy_imports/specifications_old/parser/v3/Alpha_Phase_1_Archive/audit_archive/2025-11-01/FEATURE_PARITY_GAP_ANALYSIS.md,work/audits,regenerated,n/a
docs/specifications_old/parser/v3/Alpha_Phase_1_Archive/audit_archive/2025-11-01/COMPREHENSIVE_PRIORITY_AUDIT_2025-10-25.md,docs/specifications/work/audits/legacy_imports/specifications_old/parser/v3/Alpha_Phase_1_Archive/audit_archive/2025-11-01/COMPREHENSIVE_PRIORITY_AUDIT_2025-10-25.md,work/audits,regenerated,n/a
docs/specifications_old/parser/v3/Alpha_Phase_1_Archive/audit_archive/2025-11-01/FUNCTION_COMPLETENESS_AUDIT.md,docs/specifications/work/audits/legacy_imports/specifications_old/parser/v3/Alpha_Phase_1_Archive/audit_archive/2025-11-01/FUNCTION_COMPLETENESS_AUDIT.md,work/audits,regenerated,n/a
docs/specifications_old/parser/v3/Alpha_Phase_1_Archive/audit_archive/2025-11-01/QUERY_OPTIMIZATION_AUDIT.md,docs/specifications/work/audits/legacy_imports/specifications_old/parser/v3/Alpha_Phase_1_Archive/audit_archive/2025-11-01/QUERY_OPTIMIZATION_AUDIT.md,work/audits,regenerated,n/a
docs/specifications_old/parser/v3/Alpha_Phase_1_Archive/audit_archive/2025-11-01/older_work/gemini_docs_audit.md,docs/specifications/work/audits/legacy_imports/specifications_old/parser/v3/Alpha_Phase_1_Archive/audit_archive/2025-11-01/older_work/gemini_docs_audit.md,work/audits,regenerated,n/a
docs/specifications_old/parser/v3/Alpha_Phase_1_Archive/audit_archive/2025-11-01/older_work/type_cast_safety_audit.md,docs/specifications/work/audits/legacy_imports/specifications_old/parser/v3/Alpha_Phase_1_Archive/audit_archive/2025-11-01/older_work/type_cast_safety_audit.md,work/audits,regenerated,n/a
docs/specifications_old/parser/v3/Alpha_Phase_1_Archive/audit_archive/2025-11-01/older_work/after_transaction_work.md,docs/specifications/work/audits/legacy_imports/specifications_old/parser/v3/Alpha_Phase_1_Archive/audit_archive/2025-11-01/older_work/after_transaction_work.md,work/audits,regenerated,n/a
docs/specifications_old/parser/v3/Alpha_Phase_1_Archive/audit_archive/2025-11-01/older_work/after_transaction_documentation_work.md,docs/specifications/work/audits/legacy_imports/specifications_old/parser/v3/Alpha_Phase_1_Archive/audit_archive/2025-11-01/older_work/after_transaction_documentation_work.md,work/audits,regenerated,n/a
docs/specifications_old/parser/v3/Alpha_Phase_1_Archive/audit_archive/2025-11-01/older_work/gemini_audit.md,docs/specifications/work/audits/legacy_imports/specifications_old/parser/v3/Alpha_Phase_1_Archive/audit_archive/2025-11-01/older_work/gemini_audit.md,work/audits,regenerated,n/a
docs/specifications_old/parser/v3/Alpha_Phase_1_Archive/audit_archive/2025-11-01/UpdatedAuditWork/ISSUE_3_3_STATUS.md,docs/specifications/work/audits/legacy_imports/specifications_old/parser/v3/Alpha_Phase_1_Archive/audit_archive/2025-11-01/UpdatedAuditWork/ISSUE_3_3_STATUS.md,work/audits,regenerated,n/a
docs/specifications_old/parser/v3/Alpha_Phase_1_Archive/audit_archive/2025-11-01/UpdatedAuditWork/ISSUE_3_10_STATUS.md,docs/specifications/work/audits/legacy_imports/specifications_old/parser/v3/Alpha_Phase_1_Archive/audit_archive/2025-11-01/UpdatedAuditWork/ISSUE_3_10_STATUS.md,work/audits,regenerated,n/a
docs/specifications_old/parser/v3/Alpha_Phase_1_Archive/audit_archive/2025-11-01/UpdatedAuditWork/TSAN_BUFFER_POOL_FINAL_RESULTS.md,docs/specifications/work/audits/legacy_imports/specifications_old/parser/v3/Alpha_Phase_1_Archive/audit_archive/2025-11-01/UpdatedAuditWork/TSAN_BUFFER_POOL_FINAL_RESULTS.md,work/audits,regenerated,n/a
docs/specifications_old/parser/v3/Alpha_Phase_1_Archive/audit_archive/2025-11-01/UpdatedAuditWork/ISSUE_2_16_STATUS.md,docs/specifications/work/audits/legacy_imports/specifications_old/parser/v3/Alpha_Phase_1_Archive/audit_archive/2025-11-01/UpdatedAuditWork/ISSUE_2_16_STATUS.md,work/audits,regenerated,n/a
docs/specifications_old/parser/v3/Alpha_Phase_1_Archive/audit_archive/2025-11-01/UpdatedAuditWork/MEDIUM_PRIORITY_TEST_RESULTS.md,docs/specifications/work/audits/legacy_imports/specifications_old/parser/v3/Alpha_Phase_1_Archive/audit_archive/2025-11-01/UpdatedAuditWork/MEDIUM_PRIORITY_TEST_RESULTS.md,work/audits,regenerated,n/a
docs/specifications_old/parser/v3/Alpha_Phase_1_Archive/audit_archive/2025-11-01/UpdatedAuditWork/ISSUE_2_20_STATUS.md,docs/specifications/work/audits/legacy_imports/specifications_old/parser/v3/Alpha_Phase_1_Archive/audit_archive/2025-11-01/UpdatedAuditWork/ISSUE_2_20_STATUS.md,work/audits,regenerated,n/a
docs/specifications_old/parser/v3/Alpha_Phase_1_Archive/audit_archive/2025-11-01/UpdatedAuditWork/FIX_1.5_FSYNC_VERIFICATION_REPORT.md,docs/specifications/work/audits/legacy_imports/specifications_old/parser/v3/Alpha_Phase_1_Archive/audit_archive/2025-11-01/UpdatedAuditWork/FIX_1.5_FSYNC_VERIFICATION_REPORT.md,work/audits,regenerated,n/a
docs/specifications_old/parser/v3/Alpha_Phase_1_Archive/audit_archive/2025-11-01/UpdatedAuditWork/BTREE_COMPRESSION_TEST_RESULTS.md,docs/specifications/work/audits/legacy_imports/specifications_old/parser/v3/Alpha_Phase_1_Archive/audit_archive/2025-11-01/UpdatedAuditWork/BTREE_COMPRESSION_TEST_RESULTS.md,work/audits,regenerated,n/a
docs/specifications_old/parser/v3/Alpha_Phase_1_Archive/audit_archive/2025-11-01/UpdatedAuditWork/COMPREHENSIVE_TESTING_SUMMARY.md,docs/specifications/work/audits/legacy_imports/specifications_old/parser/v3/Alpha_Phase_1_Archive/audit_archive/2025-11-01/UpdatedAuditWork/COMPREHENSIVE_TESTING_SUMMARY.md,work/audits,regenerated,n/a
docs/specifications_old/parser/v3/Alpha_Phase_1_Archive/audit_archive/2025-11-01/UpdatedAuditWork/ISSUE_3_7_STATUS.md,docs/specifications/work/audits/legacy_imports/specifications_old/parser/v3/Alpha_Phase_1_Archive/audit_archive/2025-11-01/UpdatedAuditWork/ISSUE_3_7_STATUS.md,work/audits,regenerated,n/a
docs/specifications_old/parser/v3/Alpha_Phase_1_Archive/audit_archive/2025-11-01/UpdatedAuditWork/ISSUE_3_2_STATUS.md,docs/specifications/work/audits/legacy_imports/specifications_old/parser/v3/Alpha_Phase_1_Archive/audit_archive/2025-11-01/UpdatedAuditWork/ISSUE_3_2_STATUS.md,work/audits,regenerated,n/a
docs/specifications_old/parser/v3/Alpha_Phase_1_Archive/audit_archive/2025-11-01/UpdatedAuditWork/FIX_1.3_BUFFER_POOL_LRU_VERIFICATION_REPORT.md,docs/specifications/work/audits/legacy_imports/specifications_old/parser/v3/Alpha_Phase_1_Archive/audit_archive/2025-11-01/UpdatedAuditWork/FIX_1.3_BUFFER_POOL_LRU_VERIFICATION_REPORT.md,work/audits,regenerated,n/a
docs/specifications_old/parser/v3/Alpha_Phase_1_Archive/audit_archive/2025-11-01/UpdatedAuditWork/ISSUE_3_8_STATUS.md,docs/specifications/work/audits/legacy_imports/specifications_old/parser/v3/Alpha_Phase_1_Archive/audit_archive/2025-11-01/UpdatedAuditWork/ISSUE_3_8_STATUS.md,work/audits,regenerated,n/a
docs/specifications_old/parser/v3/Alpha_Phase_1_Archive/audit_archive/2025-11-01/UpdatedAuditWork/TSAN_LOCK_ORDERING_RESULTS.md,docs/specifications/work/audits/legacy_imports/specifications_old/parser/v3/Alpha_Phase_1_Archive/audit_archive/2025-11-01/UpdatedAuditWork/TSAN_LOCK_ORDERING_RESULTS.md,work/audits,regenerated,n/a
docs/specifications_old/parser/v3/Alpha_Phase_1_Archive/audit_archive/2025-11-01/UpdatedAuditWork/FIX_1.6_CONST_CORRECTNESS_VERIFICATION_REPORT.md,docs/specifications/work/audits/legacy_imports/specifications_old/parser/v3/Alpha_Phase_1_Archive/audit_archive/2025-11-01/UpdatedAuditWork/FIX_1.6_CONST_CORRECTNESS_VERIFICATION_REPORT.md,work/audits,regenerated,n/a
docs/specifications_old/parser/v3/Alpha_Phase_1_Archive/audit_archive/2025-11-01/UpdatedAuditWork/AUDIT_FIXES_MASTER_TODO.md,docs/specifications/work/audits/legacy_imports/specifications_old/parser/v3/Alpha_Phase_1_Archive/audit_archive/2025-11-01/UpdatedAuditWork/AUDIT_FIXES_MASTER_TODO.md,work/audits,regenerated,n/a
docs/specifications_old/parser/v3/Alpha_Phase_1_Archive/audit_archive/2025-11-01/UpdatedAuditWork/ISSUE_3_4_STATUS.md,docs/specifications/work/audits/legacy_imports/specifications_old/parser/v3/Alpha_Phase_1_Archive/audit_archive/2025-11-01/UpdatedAuditWork/ISSUE_3_4_STATUS.md,work/audits,regenerated,n/a
docs/specifications_old/parser/v3/Alpha_Phase_1_Archive/audit_archive/2025-11-01/UpdatedAuditWork/BTREE_COMPRESSION_IMPLEMENTATION_SUMMARY.md,docs/specifications/work/audits/legacy_imports/specifications_old/parser/v3/Alpha_Phase_1_Archive/audit_archive/2025-11-01/UpdatedAuditWork/BTREE_COMPRESSION_IMPLEMENTATION_SUMMARY.md,work/audits,regenerated,n/a
docs/specifications_old/parser/v3/Alpha_Phase_1_Archive/audit_archive/2025-11-01/UpdatedAuditWork/BUFFER_POOL_EXHAUSTION_RESULTS.md,docs/specifications/work/audits/legacy_imports/specifications_old/parser/v3/Alpha_Phase_1_Archive/audit_archive/2025-11-01/UpdatedAuditWork/BUFFER_POOL_EXHAUSTION_RESULTS.md,work/audits,regenerated,n/a
docs/specifications_old/parser/v3/Alpha_Phase_1_Archive/audit_archive/2025-11-01/UpdatedAuditWork/EXCEPTION_INJECTION_TEST_RESULTS.md,docs/specifications/work/audits/legacy_imports/specifications_old/parser/v3/Alpha_Phase_1_Archive/audit_archive/2025-11-01/UpdatedAuditWork/EXCEPTION_INJECTION_TEST_RESULTS.md,work/audits,regenerated,n/a
docs/specifications_old/parser/v3/Alpha_Phase_1_Archive/audit_archive/2025-11-01/UpdatedAuditWork/FIX_1.4_HEAP_PAGE_MEMORY_LEAK_ANALYSIS.md,docs/specifications/work/audits/legacy_imports/specifications_old/parser/v3/Alpha_Phase_1_Archive/audit_archive/2025-11-01/UpdatedAuditWork/FIX_1.4_HEAP_PAGE_MEMORY_LEAK_ANALYSIS.md,work/audits,regenerated,n/a
docs/specifications_old/parser/v3/Alpha_Phase_1_Archive/audit_archive/2025-11-01/UpdatedAuditWork/CONCURRENT_PAGE_ACCESS_RESULTS.md,docs/specifications/work/audits/legacy_imports/specifications_old/parser/v3/Alpha_Phase_1_Archive/audit_archive/2025-11-01/UpdatedAuditWork/CONCURRENT_PAGE_ACCESS_RESULTS.md,work/audits,regenerated,n/a
docs/specifications_old/parser/v3/Alpha_Phase_1_Archive/audit_archive/2025-11-01/UpdatedAuditWork/HELGRIND_AND_STRESS_TESTS_RESULTS.md,docs/specifications/work/audits/legacy_imports/specifications_old/parser/v3/Alpha_Phase_1_Archive/audit_archive/2025-11-01/UpdatedAuditWork/HELGRIND_AND_STRESS_TESTS_RESULTS.md,work/audits,regenerated,n/a
docs/specifications_old/parser/v3/Alpha_Phase_1_Archive/audit_archive/2025-11-01/UpdatedAuditWork/ISSUE_3_1_STATUS.md,docs/specifications/work/audits/legacy_imports/specifications_old/parser/v3/Alpha_Phase_1_Archive/audit_archive/2025-11-01/UpdatedAuditWork/ISSUE_3_1_STATUS.md,work/audits,regenerated,n/a
docs/specifications_old/parser/v3/Alpha_Phase_1_Archive/audit_archive/2025-11-01/UpdatedAuditWork/ISSUE_2_18_STATUS.md,docs/specifications/work/audits/legacy_imports/specifications_old/parser/v3/Alpha_Phase_1_Archive/audit_archive/2025-11-01/UpdatedAuditWork/ISSUE_2_18_STATUS.md,work/audits,regenerated,n/a
docs/specifications_old/parser/v3/Alpha_Phase_1_Archive/audit_archive/2025-11-01/UpdatedAuditWork/OCTOBER_17_2025_COMPLETION_SUMMARY.md,docs/specifications/work/audits/legacy_imports/specifications_old/parser/v3/Alpha_Phase_1_Archive/audit_archive/2025-11-01/UpdatedAuditWork/OCTOBER_17_2025_COMPLETION_SUMMARY.md,work/audits,regenerated,n/a
docs/specifications_old/parser/v3/Alpha_Phase_1_Archive/audit_archive/2025-11-01/UpdatedAuditWork/FIX_1.1_CRC32C_VERIFICATION_REPORT.md,docs/specifications/work/audits/legacy_imports/specifications_old/parser/v3/Alpha_Phase_1_Archive/audit_archive/2025-11-01/UpdatedAuditWork/FIX_1.1_CRC32C_VERIFICATION_REPORT.md,work/audits,regenerated,n/a
docs/specifications_old/parser/v3/Alpha_Phase_1_Archive/audit_archive/2025-11-01/UpdatedAuditWork/SESSION_COMPLETION_SUMMARY_OCT17.md,docs/specifications/work/audits/legacy_imports/specifications_old/parser/v3/Alpha_Phase_1_Archive/audit_archive/2025-11-01/UpdatedAuditWork/SESSION_COMPLETION_SUMMARY_OCT17.md,work/audits,regenerated,n/a
docs/specifications_old/parser/v3/Alpha_Phase_1_Archive/audit_archive/2025-11-01/UpdatedAuditWork/ISSUE_3_9_STATUS.md,docs/specifications/work/audits/legacy_imports/specifications_old/parser/v3/Alpha_Phase_1_Archive/audit_archive/2025-11-01/UpdatedAuditWork/ISSUE_3_9_STATUS.md,work/audits,regenerated,n/a
docs/specifications_old/parser/v3/Alpha_Phase_1_Archive/audit_archive/2025-11-01/UpdatedAuditWork/FINAL_STATUS_BTREE_COMPRESSION_OCT17.md,docs/specifications/work/audits/legacy_imports/specifications_old/parser/v3/Alpha_Phase_1_Archive/audit_archive/2025-11-01/UpdatedAuditWork/FINAL_STATUS_BTREE_COMPRESSION_OCT17.md,work/audits,regenerated,n/a
docs/specifications_old/parser/v3/Alpha_Phase_1_Archive/audit_archive/2025-11-01/UpdatedAuditWork/ISSUE_3_5_STATUS.md,docs/specifications/work/audits/legacy_imports/specifications_old/parser/v3/Alpha_Phase_1_Archive/audit_archive/2025-11-01/UpdatedAuditWork/ISSUE_3_5_STATUS.md,work/audits,regenerated,n/a
docs/specifications_old/parser/v3/Alpha_Phase_1_Archive/audit_archive/2025-11-01/UpdatedAuditWork/FIX_1.4_HEAP_PAGE_MEMORY_LEAK_VERIFICATION_REPORT.md,docs/specifications/work/audits/legacy_imports/specifications_old/parser/v3/Alpha_Phase_1_Archive/audit_archive/2025-11-01/UpdatedAuditWork/FIX_1.4_HEAP_PAGE_MEMORY_LEAK_VERIFICATION_REPORT.md,work/audits,regenerated,n/a
docs/specifications_old/parser/v3/Alpha_Phase_1_Archive/audit_archive/2025-11-01/UpdatedAuditWork/FIX_1.2_ATOMIC_XID_VERIFICATION_REPORT.md,docs/specifications/work/audits/legacy_imports/specifications_old/parser/v3/Alpha_Phase_1_Archive/audit_archive/2025-11-01/UpdatedAuditWork/FIX_1.2_ATOMIC_XID_VERIFICATION_REPORT.md,work/audits,regenerated,n/a
docs/specifications_old/parser/v3/Alpha_Phase_1_Archive/audit_archive/2025-11-01/UpdatedAuditWork/ISSUE_3_6_STATUS.md,docs/specifications/work/audits/legacy_imports/specifications_old/parser/v3/Alpha_Phase_1_Archive/audit_archive/2025-11-01/UpdatedAuditWork/ISSUE_3_6_STATUS.md,work/audits,regenerated,n/a
docs/specifications_old/parser/v3/Alpha_Phase_1_Archive/audit_archive/2025-11-01/UpdatedAuditWork/CI_CD_IMPLEMENTATION_SUMMARY.md,docs/specifications/work/audits/legacy_imports/specifications_old/parser/v3/Alpha_Phase_1_Archive/audit_archive/2025-11-01/UpdatedAuditWork/CI_CD_IMPLEMENTATION_SUMMARY.md,work/audits,regenerated,n/a
docs/specifications_old/parser/v3/Alpha_Phase_1_Archive/audit_archive/2025-11-01/UpdatedAuditWork/ISSUE_2_19_STATUS.md,docs/specifications/work/audits/legacy_imports/specifications_old/parser/v3/Alpha_Phase_1_Archive/audit_archive/2025-11-01/UpdatedAuditWork/ISSUE_2_19_STATUS.md,work/audits,regenerated,n/a
docs/specifications_old/parser/v3/Alpha_Phase_1_Archive/audit_archive/2025-11-01/UpdatedAuditWork/TSAN_BUFFER_POOL_TEST_RESULTS.md,docs/specifications/work/audits/legacy_imports/specifications_old/parser/v3/Alpha_Phase_1_Archive/audit_archive/2025-11-01/UpdatedAuditWork/TSAN_BUFFER_POOL_TEST_RESULTS.md,work/audits,regenerated,n/a
docs/specifications_old/parser/v3/Alpha_Phase_1_Archive/audit_archive/2025-11-01/UpdatedAuditWork/ISSUE_2_17_STATUS.md,docs/specifications/work/audits/legacy_imports/specifications_old/parser/v3/Alpha_Phase_1_Archive/audit_archive/2025-11-01/UpdatedAuditWork/ISSUE_2_17_STATUS.md,work/audits,regenerated,n/a
docs/specifications_old/parser/v3/Alpha_Phase_1_Archive/audit_archive/2025-11-01/UpdatedAuditWork/BTREE_COMPRESSION_TESTING_PLAN.md,docs/specifications/work/audits/legacy_imports/specifications_old/parser/v3/Alpha_Phase_1_Archive/audit_archive/2025-11-01/UpdatedAuditWork/BTREE_COMPRESSION_TESTING_PLAN.md,work/audits,regenerated,n/a
docs/specifications_old/parser/v3/Alpha_Phase_1_Archive/audit_archive/2025-11-01/UpdatedAuditWork/COMPREHENSIVE_AUDIT_REPORT.md,docs/specifications/work/audits/legacy_imports/specifications_old/parser/v3/Alpha_Phase_1_Archive/audit_archive/2025-11-01/UpdatedAuditWork/COMPREHENSIVE_AUDIT_REPORT.md,work/audits,regenerated,n/a
docs/specifications_old/parser/v3/Alpha_Phase_1_Archive/audit_archive/2025-11-01/faulty_2025-10-24/README.md,docs/specifications/work/audits/legacy_imports/specifications_old/parser/v3/Alpha_Phase_1_Archive/audit_archive/2025-11-01/faulty_2025-10-24/README.md,work/audits,regenerated,n/a
docs/specifications_old/parser/v3/Alpha_Phase_1_Archive/audit_archive/2025-11-01/faulty_2025-10-24/ALPHA_COMPLETENESS_ASSESSMENT.md,docs/specifications/work/audits/legacy_imports/specifications_old/parser/v3/Alpha_Phase_1_Archive/audit_archive/2025-11-01/faulty_2025-10-24/ALPHA_COMPLETENESS_ASSESSMENT.md,work/audits,regenerated,n/a
docs/specifications_old/parser/v3/Alpha_Phase_1_Archive/audit_archive/2025-11-01/faulty_2025-10-24/COMPONENT_VERIFICATION_REPORT.md,docs/specifications/work/audits/legacy_imports/specifications_old/parser/v3/Alpha_Phase_1_Archive/audit_archive/2025-11-01/faulty_2025-10-24/COMPONENT_VERIFICATION_REPORT.md,work/audits,regenerated,n/a
docs/specifications_old/parser/v3/Alpha_Phase_1_Archive/audit_archive/2025-11-01/faulty_2025-10-24/PLANNING_DOCUMENTS_REORGANIZATION.md,docs/specifications/work/audits/legacy_imports/specifications_old/parser/v3/Alpha_Phase_1_Archive/audit_archive/2025-11-01/faulty_2025-10-24/PLANNING_DOCUMENTS_REORGANIZATION.md,work/audits,regenerated,n/a
docs/specifications_old/parser/v3/Alpha_Phase_1_Archive/audit_archive/2025-11-01/faulty_2025-10-24/CRITICAL_DISCREPANCIES_SUMMARY.md,docs/specifications/work/audits/legacy_imports/specifications_old/parser/v3/Alpha_Phase_1_Archive/audit_archive/2025-11-01/faulty_2025-10-24/CRITICAL_DISCREPANCIES_SUMMARY.md,work/audits,regenerated,n/a
docs/specifications_old/parser/v3/Alpha_Phase_1_Archive/audit_archive/2025-11-01/faulty_2025-10-24/COMPREHENSIVE_CODE_AUDIT_2025-10-24.md,docs/specifications/work/audits/legacy_imports/specifications_old/parser/v3/Alpha_Phase_1_Archive/audit_archive/2025-11-01/faulty_2025-10-24/COMPREHENSIVE_CODE_AUDIT_2025-10-24.md,work/audits,regenerated,n/a
docs/specifications_old/parser/v3/Alpha_Phase_1_Archive/audit_archive/2025-11-01/older_audit/INDEX_MGA_COMPLIANCE_ANALYSIS.md,docs/specifications/work/audits/legacy_imports/specifications_old/parser/v3/Alpha_Phase_1_Archive/audit_archive/2025-11-01/older_audit/INDEX_MGA_COMPLIANCE_ANALYSIS.md,work/audits,regenerated,n/a
docs/specifications_old/parser/v3/Alpha_Phase_1_Archive/audit_archive/2025-11-01/older_audit/AUDIT_SUMMARY_OCT_16_2025.md,docs/specifications/work/audits/legacy_imports/specifications_old/parser/v3/Alpha_Phase_1_Archive/audit_archive/2025-11-01/older_audit/AUDIT_SUMMARY_OCT_16_2025.md,work/audits,regenerated,n/a
docs/specifications_old/parser/v3/Alpha_Phase_1_Archive/audit_archive/2025-11-01/older_audit/MGA_COMPLIANCE_REVIEW_TABLESPACE.md,docs/specifications/work/audits/legacy_imports/specifications_old/parser/v3/Alpha_Phase_1_Archive/audit_archive/2025-11-01/older_audit/MGA_COMPLIANCE_REVIEW_TABLESPACE.md,work/audits,regenerated,n/a
docs/specifications_old/parser/v3/Alpha_Phase_1_Archive/audit_archive/2025-11-01/older_audit/ALPHA_EXECUTIVE_SUMMARY.md,docs/specifications/work/audits/legacy_imports/specifications_old/parser/v3/Alpha_Phase_1_Archive/audit_archive/2025-11-01/older_audit/ALPHA_EXECUTIVE_SUMMARY.md,work/audits,regenerated,n/a
docs/specifications_old/parser/v3/Alpha_Phase_1_Archive/audit_archive/2025-11-01/older_audit/ALPHA_PLANNING_INDEX.md,docs/specifications/work/audits/legacy_imports/specifications_old/parser/v3/Alpha_Phase_1_Archive/audit_archive/2025-11-01/older_audit/ALPHA_PLANNING_INDEX.md,work/audits,regenerated,n/a
docs/specifications_old/parser/v3/Alpha_Phase_1_Archive/audit_archive/2025-11-01/older_audit/ALPHA_FINAL_COMPREHENSIVE_AUDIT.md,docs/specifications/work/audits/legacy_imports/specifications_old/parser/v3/Alpha_Phase_1_Archive/audit_archive/2025-11-01/older_audit/ALPHA_FINAL_COMPREHENSIVE_AUDIT.md,work/audits,regenerated,n/a
docs/specifications_old/parser/v3/Alpha_Phase_1_Archive/audit_archive/2025-11-01/older_audit/ALPHA_COMPLETION_DETAILED_TODO.md,docs/specifications/work/audits/legacy_imports/specifications_old/parser/v3/Alpha_Phase_1_Archive/audit_archive/2025-11-01/older_audit/ALPHA_COMPLETION_DETAILED_TODO.md,work/audits,regenerated,n/a
docs/specifications_old/parser/v3/Alpha_Phase_1_Archive/audit_archive/2025-11-01/older_audit/ALPHA_COMPLETION_DETAILED_TODO_PART2.md,docs/specifications/work/audits/legacy_imports/specifications_old/parser/v3/Alpha_Phase_1_Archive/audit_archive/2025-11-01/older_audit/ALPHA_COMPLETION_DETAILED_TODO_PART2.md,work/audits,regenerated,n/a
docs/specifications_old/parser/v3/Alpha_Phase_1_Archive/audit_archive/2025-11-01/older_audit/ALPHA_ISSUES_TRACKER.md,docs/specifications/work/audits/legacy_imports/specifications_old/parser/v3/Alpha_Phase_1_Archive/audit_archive/2025-11-01/older_audit/ALPHA_ISSUES_TRACKER.md,work/audits,regenerated,n/a
docs/specifications_old/parser/v3/Alpha_Phase_1_Archive/audit_archive/2025-11-01/older_audit/ALPHA_COMPLETION_DETAILED_TODO_PART3.md,docs/specifications/work/audits/legacy_imports/specifications_old/parser/v3/Alpha_Phase_1_Archive/audit_archive/2025-11-01/older_audit/ALPHA_COMPLETION_DETAILED_TODO_PART3.md,work/audits,regenerated,n/a
docs/specifications_old/parser/v3/Alpha_Phase_1_Archive/audit_archive/2025-11-01/older_audit/ALPHA_COMPLETION_COMPREHENSIVE_ANALYSIS.md,docs/specifications/work/audits/legacy_imports/specifications_old/parser/v3/Alpha_Phase_1_Archive/audit_archive/2025-11-01/older_audit/ALPHA_COMPLETION_COMPREHENSIVE_ANALYSIS.md,work/audits,regenerated,n/a
docs/specifications_old/parser/v3/Alpha_Phase_1_Archive/audit_archive/2025-11-01/older_audit/MVCC_VS_MGA_CODE_REVIEW.md,docs/specifications/work/audits/legacy_imports/specifications_old/parser/v3/Alpha_Phase_1_Archive/audit_archive/2025-11-01/older_audit/MVCC_VS_MGA_CODE_REVIEW.md,work/audits,regenerated,n/a
docs/specifications_old/parser/v3/Alpha_Phase_1_Archive/audit_archive/2025-11-01/older_audit/INDEX_MGA_ALPHA_READINESS_SUMMARY.md,docs/specifications/work/audits/legacy_imports/specifications_old/parser/v3/Alpha_Phase_1_Archive/audit_archive/2025-11-01/older_audit/INDEX_MGA_ALPHA_READINESS_SUMMARY.md,work/audits,regenerated,n/a
docs/specifications_old/parser/v3/Alpha_Phase_1_Archive/status_archive/2025-10-pre-phase2-3/audits/audit_2025_10_06.md,docs/specifications/work/audits/legacy_imports/specifications_old/parser/v3/Alpha_Phase_1_Archive/status_archive/2025-10-pre-phase2-3/audits/audit_2025_10_06.md,work/audits,regenerated,n/a
docs/specifications_old/parser/v3/Alpha_Phase_1_Archive/status_archive/2025-10-pre-phase2-3/audits-old/analysis/DATATYPE_AUDIT_REPORT.md,docs/specifications/work/audits/legacy_imports/specifications_old/parser/v3/Alpha_Phase_1_Archive/status_archive/2025-10-pre-phase2-3/audits-old/analysis/DATATYPE_AUDIT_REPORT.md,work/audits,regenerated,n/a
docs/specifications_old/parser/v3/Alpha_Phase_1_Archive/status_archive/2025-10-pre-phase2-3/audits-old/analysis/BUFFERPOOL_PIN_UNPIN_ANALYSIS.md,docs/specifications/work/audits/legacy_imports/specifications_old/parser/v3/Alpha_Phase_1_Archive/status_archive/2025-10-pre-phase2-3/audits-old/analysis/BUFFERPOOL_PIN_UNPIN_ANALYSIS.md,work/audits,regenerated,n/a
docs/specifications_old/parser/v3/Alpha_Phase_1_Archive/status_archive/2025-10-pre-phase2-3/audits-old/specifications/design_limits.md,docs/specifications/work/audits/legacy_imports/specifications_old/parser/v3/Alpha_Phase_1_Archive/status_archive/2025-10-pre-phase2-3/audits-old/specifications/design_limits.md,work/audits,regenerated,n/a
docs/specifications_old/parser/v3/Alpha_Phase_1_Archive/status_archive/2025-10-pre-phase2-3/audits-old/OctAudit/repair.md,docs/specifications/work/audits/legacy_imports/specifications_old/parser/v3/Alpha_Phase_1_Archive/status_archive/2025-10-pre-phase2-3/audits-old/OctAudit/repair.md,work/audits,regenerated,n/a
docs/specifications_old/parser/v3/Alpha_Phase_1_Archive/status_archive/2025-10-pre-phase2-3/audits-old/OctAudit/doc_audit.md,docs/specifications/work/audits/legacy_imports/specifications_old/parser/v3/Alpha_Phase_1_Archive/status_archive/2025-10-pre-phase2-3/audits-old/OctAudit/doc_audit.md,work/audits,regenerated,n/a
docs/specifications_old/parser/v3/Alpha_Phase_1_Archive/status_archive/2025-10-pre-phase2-3/audits-old/OctAudit/audit_2025_10_06.md,docs/specifications/work/audits/legacy_imports/specifications_old/parser/v3/Alpha_Phase_1_Archive/status_archive/2025-10-pre-phase2-3/audits-old/OctAudit/audit_2025_10_06.md,work/audits,regenerated,n/a
docs/specifications_old/parser/v3/Alpha_Phase_1_Archive/status_archive/2025-10-pre-phase2-3/audits-old/OctAudit/status_update.md,docs/specifications/work/audits/legacy_imports/specifications_old/parser/v3/Alpha_Phase_1_Archive/status_archive/2025-10-pre-phase2-3/audits-old/OctAudit/status_update.md,work/audits,regenerated,n/a
docs/specifications_old/parser/v3/Alpha_Phase_1_Archive/status_archive/2025-10-pre-phase2-3/audits-old/OctAudit/reconciliation_report.md,docs/specifications/work/audits/legacy_imports/specifications_old/parser/v3/Alpha_Phase_1_Archive/status_archive/2025-10-pre-phase2-3/audits-old/OctAudit/reconciliation_report.md,work/audits,regenerated,n/a
docs/specifications_old/parser/v3/Alpha_Phase_1_Archive/status_archive/2025-10-pre-phase2-3/audits-old/OctAudit/error_handling_audit_2025_10_07.md,docs/specifications/work/audits/legacy_imports/specifications_old/parser/v3/Alpha_Phase_1_Archive/status_archive/2025-10-pre-phase2-3/audits-old/OctAudit/error_handling_audit_2025_10_07.md,work/audits,regenerated,n/a
docs/specifications_old/parser/v3/Alpha_Phase_1_Archive/status_archive/2025-10-pre-phase2-3/audits-old/repair_work/timestamp_timezone_fix_report.md,docs/specifications/work/audits/legacy_imports/specifications_old/parser/v3/Alpha_Phase_1_Archive/status_archive/2025-10-pre-phase2-3/audits-old/repair_work/timestamp_timezone_fix_report.md,work/audits,regenerated,n/a
docs/specifications_old/parser/v3/Alpha_Phase_1_Archive/status_archive/2025-10-pre-phase2-3/audits-old/repair_work/bufferpool_pin_unpin_analysis_report.md,docs/specifications/work/audits/legacy_imports/specifications_old/parser/v3/Alpha_Phase_1_Archive/status_archive/2025-10-pre-phase2-3/audits-old/repair_work/bufferpool_pin_unpin_analysis_report.md,work/audits,regenerated,n/a
docs/specifications_old/parser/v3/Alpha_Phase_1_Archive/status_archive/2025-10-pre-phase2-3/audits-old/repair_work/toast_integration_implementation_report.md,docs/specifications/work/audits/legacy_imports/specifications_old/parser/v3/Alpha_Phase_1_Archive/status_archive/2025-10-pre-phase2-3/audits-old/repair_work/toast_integration_implementation_report.md,work/audits,regenerated,n/a
docs/specifications_old/parser/v3/Alpha_Phase_1_Archive/status_archive/2025-10-pre-phase2-3/audits-old/repair_work/CATALOG_SYSTEM_AUDIT_2025_10_03.md,docs/specifications/work/audits/legacy_imports/specifications_old/parser/v3/Alpha_Phase_1_Archive/status_archive/2025-10-pre-phase2-3/audits-old/repair_work/CATALOG_SYSTEM_AUDIT_2025_10_03.md,work/audits,regenerated,n/a
docs/specifications_old/parser/v3/Alpha_Phase_1_Archive/status_archive/2025-10-pre-phase2-3/audits-old/repair_work/type_conversion_fix_report.md,docs/specifications/work/audits/legacy_imports/specifications_old/parser/v3/Alpha_Phase_1_Archive/status_archive/2025-10-pre-phase2-3/audits-old/repair_work/type_conversion_fix_report.md,work/audits,regenerated,n/a
docs/specifications_old/parser/v3/Alpha_Phase_1_Archive/status_archive/2025-10-pre-phase2-3/audits-old/repair_work/update_tuple_toast_fix_report.md,docs/specifications/work/audits/legacy_imports/specifications_old/parser/v3/Alpha_Phase_1_Archive/status_archive/2025-10-pre-phase2-3/audits-old/repair_work/update_tuple_toast_fix_report.md,work/audits,regenerated,n/a
docs/specifications_old/parser/v3/Alpha_Phase_1_Archive/status_archive/2025-10-pre-phase2-3/audits-old/repair_work/btree_fix_report.md,docs/specifications/work/audits/legacy_imports/specifications_old/parser/v3/Alpha_Phase_1_Archive/status_archive/2025-10-pre-phase2-3/audits-old/repair_work/btree_fix_report.md,work/audits,regenerated,n/a
docs/specifications_old/parser/v3/Alpha_Phase_1_Archive/status_archive/2025-10-pre-phase2-3/audits-old/repair_work/type_serialization_verification_report.md,docs/specifications/work/audits/legacy_imports/specifications_old/parser/v3/Alpha_Phase_1_Archive/status_archive/2025-10-pre-phase2-3/audits-old/repair_work/type_serialization_verification_report.md,work/audits,regenerated,n/a
docs/specifications_old/parser/v3/Alpha_Phase_1_Archive/status_archive/2025-10-pre-phase2-3/audits-old/repair_work/CHARACTER_SET_IMPLEMENTATION_2025_10_04.md,docs/specifications/work/audits/legacy_imports/specifications_old/parser/v3/Alpha_Phase_1_Archive/status_archive/2025-10-pre-phase2-3/audits-old/repair_work/CHARACTER_SET_IMPLEMENTATION_2025_10_04.md,work/audits,regenerated,n/a
docs/specifications_old/parser/v3/Alpha_Phase_1_Archive/status_archive/2025-10-pre-phase2-3/audits-old/repair_work/xid_validation_analysis.md,docs/specifications/work/audits/legacy_imports/specifications_old/parser/v3/Alpha_Phase_1_Archive/status_archive/2025-10-pre-phase2-3/audits-old/repair_work/xid_validation_analysis.md,work/audits,regenerated,n/a
docs/specifications_old/parser/v3/Alpha_Phase_1_Archive/status_archive/2025-10-pre-phase2-3/audits-old/repair_work/toast_integration_fix_report.md,docs/specifications/work/audits/legacy_imports/specifications_old/parser/v3/Alpha_Phase_1_Archive/status_archive/2025-10-pre-phase2-3/audits-old/repair_work/toast_integration_fix_report.md,work/audits,regenerated,n/a
docs/specifications_old/parser/v3/Alpha_Phase_1_Archive/status_archive/2025-10-pre-phase2-3/audits-old/repair_work/page_lock_management_fix_report.md,docs/specifications/work/audits/legacy_imports/specifications_old/parser/v3/Alpha_Phase_1_Archive/status_archive/2025-10-pre-phase2-3/audits-old/repair_work/page_lock_management_fix_report.md,work/audits,regenerated,n/a
docs/specifications_old/parser/v3/Alpha_Phase_1_Archive/status_archive/2025-10-pre-phase2-3/audits-old/repair_work/pointer_arithmetic_bounds_checking_fix_report.md,docs/specifications/work/audits/legacy_imports/specifications_old/parser/v3/Alpha_Phase_1_Archive/status_archive/2025-10-pre-phase2-3/audits-old/repair_work/pointer_arithmetic_bounds_checking_fix_report.md,work/audits,regenerated,n/a
docs/specifications_old/parser/v3/Alpha_Phase_1_Archive/status_archive/2025-10-pre-phase2-3/audits-old/repair_work/COMPILATION_AUDIT_REPORT.md,docs/specifications/work/audits/legacy_imports/specifications_old/parser/v3/Alpha_Phase_1_Archive/status_archive/2025-10-pre-phase2-3/audits-old/repair_work/COMPILATION_AUDIT_REPORT.md,work/audits,regenerated,n/a
docs/specifications_old/parser/v3/Alpha_Phase_1_Archive/status_archive/2025-10-pre-phase2-3/audits-old/repair_work/xid_validation_enhancements_report.md,docs/specifications/work/audits/legacy_imports/specifications_old/parser/v3/Alpha_Phase_1_Archive/status_archive/2025-10-pre-phase2-3/audits-old/repair_work/xid_validation_enhancements_report.md,work/audits,regenerated,n/a
docs/specifications_old/parser/v3/Alpha_Phase_1_Archive/status_archive/2025-10-pre-phase2-3/audits-old/repair_work/toast_thread_safety_fix_report.md,docs/specifications/work/audits/legacy_imports/specifications_old/parser/v3/Alpha_Phase_1_Archive/status_archive/2025-10-pre-phase2-3/audits-old/repair_work/toast_thread_safety_fix_report.md,work/audits,regenerated,n/a
docs/specifications_old/parser/v3/Alpha_Phase_1_Archive/status_archive/2025-10-pre-phase2-3/audits-old/repair_work/pointer_safety_elimination_report.md,docs/specifications/work/audits/legacy_imports/specifications_old/parser/v3/Alpha_Phase_1_Archive/status_archive/2025-10-pre-phase2-3/audits-old/repair_work/pointer_safety_elimination_report.md,work/audits,regenerated,n/a
docs/specifications_old/parser/v3/Alpha_Phase_1_Archive/status_archive/2025-10-pre-phase2-3/audits-old/repair_work/clog_procarray_vacuum_report.md,docs/specifications/work/audits/legacy_imports/specifications_old/parser/v3/Alpha_Phase_1_Archive/status_archive/2025-10-pre-phase2-3/audits-old/repair_work/clog_procarray_vacuum_report.md,work/audits,regenerated,n/a
docs/specifications_old/parser/v3/Alpha_Phase_1_Archive/status_archive/2025-10-pre-phase2-3/audits-old/repair_work/CATALOG_IMPLEMENTATION_2025_10_04.md,docs/specifications/work/audits/legacy_imports/specifications_old/parser/v3/Alpha_Phase_1_Archive/status_archive/2025-10-pre-phase2-3/audits-old/repair_work/CATALOG_IMPLEMENTATION_2025_10_04.md,work/audits,regenerated,n/a
docs/specifications_old/parser/v3/Alpha_Phase_1_Archive/status_archive/2025-10-pre-phase2-3/audits-old/repair_work/executor_tuple_fix_report.md,docs/specifications/work/audits/legacy_imports/specifications_old/parser/v3/Alpha_Phase_1_Archive/status_archive/2025-10-pre-phase2-3/audits-old/repair_work/executor_tuple_fix_report.md,work/audits,regenerated,n/a
docs/specifications_old/parser/v3/Alpha_Phase_1_Archive/status_archive/2025-10-pre-phase2-3/audits-old/repair_work/varchar_max_length_fix_report.md,docs/specifications/work/audits/legacy_imports/specifications_old/parser/v3/Alpha_Phase_1_Archive/status_archive/2025-10-pre-phase2-3/audits-old/repair_work/varchar_max_length_fix_report.md,work/audits,regenerated,n/a
docs/specifications_old/parser/v3/Alpha_Phase_1_Archive/status_archive/2025-10-pre-phase2-3/audits-old/repair_work/xid_validation_fix_report.md,docs/specifications/work/audits/legacy_imports/specifications_old/parser/v3/Alpha_Phase_1_Archive/status_archive/2025-10-pre-phase2-3/audits-old/repair_work/xid_validation_fix_report.md,work/audits,regenerated,n/a
docs/specifications_old/parser/v3/Alpha_Phase_1_Archive/status_archive/2025-10-pre-phase2-3/audits-old/repair_work/compilation_fixes_summary.md,docs/specifications/work/audits/legacy_imports/specifications_old/parser/v3/Alpha_Phase_1_Archive/status_archive/2025-10-pre-phase2-3/audits-old/repair_work/compilation_fixes_summary.md,work/audits,regenerated,n/a
docs/specifications_old/parser/v3/Alpha_Phase_1_Archive/status_archive/2025-10-pre-phase2-3/audits-old/repair_work/tip_chaining_fix_report.md,docs/specifications/work/audits/legacy_imports/specifications_old/parser/v3/Alpha_Phase_1_Archive/status_archive/2025-10-pre-phase2-3/audits-old/repair_work/tip_chaining_fix_report.md,work/audits,regenerated,n/a
docs/specifications_old/parser/v3/Alpha_Phase_1_Archive/status_archive/2025-10-pre-phase2-3/audits-old/repair_work/CORRECTED_STATUS_REPORT.md,docs/specifications/work/audits/legacy_imports/specifications_old/parser/v3/Alpha_Phase_1_Archive/status_archive/2025-10-pre-phase2-3/audits-old/repair_work/CORRECTED_STATUS_REPORT.md,work/audits,regenerated,n/a
docs/specifications_old/parser/v3/Alpha_Phase_1_Archive/status_archive/2025-10-pre-phase2-3/audits-old/repair_work/cross_page_version_chains_fix_report.md,docs/specifications/work/audits/legacy_imports/specifications_old/parser/v3/Alpha_Phase_1_Archive/status_archive/2025-10-pre-phase2-3/audits-old/repair_work/cross_page_version_chains_fix_report.md,work/audits,regenerated,n/a
docs/specifications_old/reference/mysql/emulation_specs_8_4/source_copies/plugin/audit_null/CMakeLists.txt,docs/specifications/work/audits/legacy_imports/specifications_old/reference/mysql/emulation_specs_8_4/source_copies/plugin/audit_null/CMakeLists.txt,work/audits,regenerated,n/a
docs/specifications_old/network/Y_VALVE_DESIGN_PRINCIPLES.md,docs/specifications/work/migration_notes/legacy_imports/specifications_old/network/Y_VALVE_DESIGN_PRINCIPLES.md,work/migration_notes,regenerated,n/a
docs/specifications_old/core/Y_VALVE_ARCHITECTURE.md,docs/specifications/work/migration_notes/legacy_imports/specifications_old/core/Y_VALVE_ARCHITECTURE.md,work/migration_notes,regenerated,n/a
docs/specifications_old/future/README.md,docs/specifications/work/migration_notes/legacy_imports/specifications_old/future/README.md,work/migration_notes,regenerated,n/a
docs/specifications_old/future/C_API_IMPLEMENTATION_GUIDE.md,docs/specifications/work/migration_notes/legacy_imports/specifications_old/future/C_API_IMPLEMENTATION_GUIDE.md,work/migration_notes,regenerated,n/a
docs/specifications_old/beta_requirements/drivers/dotnet-csharp/MIGRATION_GUIDE.md,docs/specifications/work/migration_notes/legacy_imports/specifications_old/beta_requirements/drivers/dotnet-csharp/MIGRATION_GUIDE.md,work/migration_notes,regenerated,n/a
docs/specifications_old/beta_requirements/drivers/cpp/MIGRATION_GUIDE.md,docs/specifications/work/migration_notes/legacy_imports/specifications_old/beta_requirements/drivers/cpp/MIGRATION_GUIDE.md,work/migration_notes,regenerated,n/a
docs/specifications_old/beta_requirements/drivers/pascal-delphi/MIGRATION_GUIDE.md,docs/specifications/work/migration_notes/legacy_imports/specifications_old/beta_requirements/drivers/pascal-delphi/MIGRATION_GUIDE.md,work/migration_notes,regenerated,n/a
docs/specifications_old/beta_requirements/drivers/nodejs-typescript/MIGRATION_GUIDE.md,docs/specifications/work/migration_notes/legacy_imports/specifications_old/beta_requirements/drivers/nodejs-typescript/MIGRATION_GUIDE.md,work/migration_notes,regenerated,n/a
docs/specifications_old/beta_requirements/drivers/golang/MIGRATION_GUIDE.md,docs/specifications/work/migration_notes/legacy_imports/specifications_old/beta_requirements/drivers/golang/MIGRATION_GUIDE.md,work/migration_notes,regenerated,n/a
docs/specifications_old/beta_requirements/drivers/python/MIGRATION_GUIDE.md,docs/specifications/work/migration_notes/legacy_imports/specifications_old/beta_requirements/drivers/python/MIGRATION_GUIDE.md,work/migration_notes,regenerated,n/a
docs/specifications_old/beta_requirements/drivers/r/MIGRATION_GUIDE.md,docs/specifications/work/migration_notes/legacy_imports/specifications_old/beta_requirements/drivers/r/MIGRATION_GUIDE.md,work/migration_notes,regenerated,n/a
docs/specifications_old/beta_requirements/drivers/php/MIGRATION_GUIDE.md,docs/specifications/work/migration_notes/legacy_imports/specifications_old/beta_requirements/drivers/php/MIGRATION_GUIDE.md,work/migration_notes,regenerated,n/a
docs/specifications_old/beta_requirements/drivers/ruby/MIGRATION_GUIDE.md,docs/specifications/work/migration_notes/legacy_imports/specifications_old/beta_requirements/drivers/ruby/MIGRATION_GUIDE.md,work/migration_notes,regenerated,n/a
docs/specifications_old/beta_requirements/drivers/rust/MIGRATION_GUIDE.md,docs/specifications/work/migration_notes/legacy_imports/specifications_old/beta_requirements/drivers/rust/MIGRATION_GUIDE.md,work/migration_notes,regenerated,n/a
docs/specifications_old/beta_requirements/drivers/java-jdbc/MIGRATION_GUIDE.md,docs/specifications/work/migration_notes/legacy_imports/specifications_old/beta_requirements/drivers/java-jdbc/MIGRATION_GUIDE.md,work/migration_notes,regenerated,n/a
docs/specifications_old/Security Design Specification/archive security work/03_AUTHORIZATION_MODEL.md,docs/specifications/work/migration_notes/legacy_imports/specifications_old/Security Design Specification/archive security work/03_AUTHORIZATION_MODEL.md,work/migration_notes,regenerated,n/a
docs/specifications_old/Security Design Specification/archive security work/SECURITY_SYSTEM_SPECIFICATION.md,docs/specifications/work/migration_notes/legacy_imports/specifications_old/Security Design Specification/archive security work/SECURITY_SYSTEM_SPECIFICATION.md,work/migration_notes,regenerated,n/a
docs/specifications_old/Security Design Specification/archive security work/Security Hardening Guide.md,docs/specifications/work/migration_notes/legacy_imports/specifications_old/Security Design Specification/archive security work/Security Hardening Guide.md,work/migration_notes,regenerated,n/a
docs/specifications_old/Security Design Specification/archive security work/Engine Internal Security.md,docs/specifications/work/migration_notes/legacy_imports/specifications_old/Security Design Specification/archive security work/Engine Internal Security.md,work/migration_notes,regenerated,n/a
docs/specifications_old/Security Design Specification/archive security work/04_ENCRYPTION_KEY_MANAGEMENT.md,docs/specifications/work/migration_notes/legacy_imports/specifications_old/Security Design Specification/archive security work/04_ENCRYPTION_KEY_MANAGEMENT.md,work/migration_notes,regenerated,n/a
docs/specifications_old/Security Design Specification/archive security work/07_NETWORK_PRESENCE_BINDING.md,docs/specifications/work/migration_notes/legacy_imports/specifications_old/Security Design Specification/archive security work/07_NETWORK_PRESENCE_BINDING.md,work/migration_notes,regenerated,n/a
docs/specifications_old/Security Design Specification/archive security work/09_SECURITY_LEVELS.md,docs/specifications/work/migration_notes/legacy_imports/specifications_old/Security Design Specification/archive security work/09_SECURITY_LEVELS.md,work/migration_notes,regenerated,n/a
docs/specifications_old/Security Design Specification/archive security work/02_IDENTITY_AUTHENTICATION.md,docs/specifications/work/migration_notes/legacy_imports/specifications_old/Security Design Specification/archive security work/02_IDENTITY_AUTHENTICATION.md,work/migration_notes,regenerated,n/a
docs/specifications_old/Security Design Specification/archive security work/05_IPC_SECURITY.md,docs/specifications/work/migration_notes/legacy_imports/specifications_old/Security Design Specification/archive security work/05_IPC_SECURITY.md,work/migration_notes,regenerated,n/a
docs/specifications_old/Security Design Specification/archive security work/Beta Task -Distributed Secret Sharing Implementation Specification.md,docs/specifications/work/migration_notes/legacy_imports/specifications_old/Security Design Specification/archive security work/Beta Task -Distributed Secret Sharing Implementation Specification.md,work/migration_notes,regenerated,n/a
docs/specifications_old/Security Design Specification/archive security work/01_SECURITY_ARCHITECTURE.md,docs/specifications/work/migration_notes/legacy_imports/specifications_old/Security Design Specification/archive security work/01_SECURITY_ARCHITECTURE.md,work/migration_notes,regenerated,n/a
docs/specifications_old/Security Design Specification/archive security work/SECURITY_IMPLIMENTATION_DETAILS.md,docs/specifications/work/migration_notes/legacy_imports/specifications_old/Security Design Specification/archive security work/SECURITY_IMPLIMENTATION_DETAILS.md,work/migration_notes,regenerated,n/a
docs/specifications_old/Security Design Specification/archive security work/08_AUDIT_COMPLIANCE.md,docs/specifications/work/migration_notes/legacy_imports/specifications_old/Security Design Specification/archive security work/08_AUDIT_COMPLIANCE.md,work/migration_notes,regenerated,n/a
docs/specifications_old/Security Design Specification/archive security work/00_SECURITY_SPEC_INDEX.md,docs/specifications/work/migration_notes/legacy_imports/specifications_old/Security Design Specification/archive security work/00_SECURITY_SPEC_INDEX.md,work/migration_notes,regenerated,n/a
docs/specifications_old/Security Design Specification/archive security work/draft_security_architecture_specification.md,docs/specifications/work/migration_notes/legacy_imports/specifications_old/Security Design Specification/archive security work/draft_security_architecture_specification.md,work/migration_notes,regenerated,n/a
docs/specifications_old/Security Design Specification/archive security work/06_CLUSTER_SECURITY.md,docs/specifications/work/migration_notes/legacy_imports/specifications_old/Security Design Specification/archive security work/06_CLUSTER_SECURITY.md,work/migration_notes,regenerated,n/a
docs/specifications_old/parser/v3/beta_requirements/drivers/dotnet-csharp/MIGRATION_GUIDE.md,docs/specifications/work/migration_notes/legacy_imports/specifications_old/parser/v3/beta_requirements/drivers/dotnet-csharp/MIGRATION_GUIDE.md,work/migration_notes,regenerated,n/a
docs/specifications_old/parser/v3/beta_requirements/drivers/cpp/MIGRATION_GUIDE.md,docs/specifications/work/migration_notes/legacy_imports/specifications_old/parser/v3/beta_requirements/drivers/cpp/MIGRATION_GUIDE.md,work/migration_notes,regenerated,n/a
docs/specifications_old/parser/v3/beta_requirements/drivers/pascal-delphi/MIGRATION_GUIDE.md,docs/specifications/work/migration_notes/legacy_imports/specifications_old/parser/v3/beta_requirements/drivers/pascal-delphi/MIGRATION_GUIDE.md,work/migration_notes,regenerated,n/a
docs/specifications_old/parser/v3/beta_requirements/drivers/nodejs-typescript/MIGRATION_GUIDE.md,docs/specifications/work/migration_notes/legacy_imports/specifications_old/parser/v3/beta_requirements/drivers/nodejs-typescript/MIGRATION_GUIDE.md,work/migration_notes,regenerated,n/a
docs/specifications_old/parser/v3/beta_requirements/drivers/golang/MIGRATION_GUIDE.md,docs/specifications/work/migration_notes/legacy_imports/specifications_old/parser/v3/beta_requirements/drivers/golang/MIGRATION_GUIDE.md,work/migration_notes,regenerated,n/a
docs/specifications_old/parser/v3/beta_requirements/drivers/python/MIGRATION_GUIDE.md,docs/specifications/work/migration_notes/legacy_imports/specifications_old/parser/v3/beta_requirements/drivers/python/MIGRATION_GUIDE.md,work/migration_notes,regenerated,n/a
docs/specifications_old/parser/v3/beta_requirements/drivers/r/MIGRATION_GUIDE.md,docs/specifications/work/migration_notes/legacy_imports/specifications_old/parser/v3/beta_requirements/drivers/r/MIGRATION_GUIDE.md,work/migration_notes,regenerated,n/a
docs/specifications_old/parser/v3/beta_requirements/drivers/php/MIGRATION_GUIDE.md,docs/specifications/work/migration_notes/legacy_imports/specifications_old/parser/v3/beta_requirements/drivers/php/MIGRATION_GUIDE.md,work/migration_notes,regenerated,n/a
docs/specifications_old/parser/v3/beta_requirements/drivers/ruby/MIGRATION_GUIDE.md,docs/specifications/work/migration_notes/legacy_imports/specifications_old/parser/v3/beta_requirements/drivers/ruby/MIGRATION_GUIDE.md,work/migration_notes,regenerated,n/a
docs/specifications_old/parser/v3/beta_requirements/drivers/rust/MIGRATION_GUIDE.md,docs/specifications/work/migration_notes/legacy_imports/specifications_old/parser/v3/beta_requirements/drivers/rust/MIGRATION_GUIDE.md,work/migration_notes,regenerated,n/a
docs/specifications_old/parser/v3/beta_requirements/drivers/java-jdbc/MIGRATION_GUIDE.md,docs/specifications/work/migration_notes/legacy_imports/specifications_old/parser/v3/beta_requirements/drivers/java-jdbc/MIGRATION_GUIDE.md,work/migration_notes,regenerated,n/a
docs/specifications_old/parser/v3/archive/alpha_phase_2/README.md,docs/specifications/work/migration_notes/legacy_imports/specifications_old/parser/v3/archive/alpha_phase_2/README.md,work/migration_notes,regenerated,n/a
docs/specifications_old/parser/v3/archive/alpha_phase_2/11g-JDBC-Client-Implementation.md,docs/specifications/work/migration_notes/legacy_imports/specifications_old/parser/v3/archive/alpha_phase_2/11g-JDBC-Client-Implementation.md,work/migration_notes,regenerated,n/a
docs/specifications_old/parser/v3/archive/alpha_phase_2/00-Implementation-Roadmap.md,docs/specifications/work/migration_notes/legacy_imports/specifications_old/parser/v3/archive/alpha_phase_2/00-Implementation-Roadmap.md,work/migration_notes,regenerated,n/a
docs/specifications_old/parser/v3/archive/alpha_phase_2/11d-MSSQL-Client-Implementation.md,docs/specifications/work/migration_notes/legacy_imports/specifications_old/parser/v3/archive/alpha_phase_2/11d-MSSQL-Client-Implementation.md,work/migration_notes,regenerated,n/a
docs/specifications_old/parser/v3/archive/alpha_phase_2/11e-Firebird-Client-Implementation.md,docs/specifications/work/migration_notes/legacy_imports/specifications_old/parser/v3/archive/alpha_phase_2/11e-Firebird-Client-Implementation.md,work/migration_notes,regenerated,n/a
docs/specifications_old/parser/v3/archive/alpha_phase_2/09-Monitoring-Observability.md,docs/specifications/work/migration_notes/legacy_imports/specifications_old/parser/v3/archive/alpha_phase_2/09-Monitoring-Observability.md,work/migration_notes,regenerated,n/a
docs/specifications_old/parser/v3/archive/alpha_phase_2/06-Ingestion-Layer.md,docs/specifications/work/migration_notes/legacy_imports/specifications_old/parser/v3/archive/alpha_phase_2/06-Ingestion-Layer.md,work/migration_notes,regenerated,n/a
docs/specifications_old/parser/v3/archive/alpha_phase_2/Discussion_Notes.md,docs/specifications/work/migration_notes/legacy_imports/specifications_old/parser/v3/archive/alpha_phase_2/Discussion_Notes.md,work/migration_notes,regenerated,n/a
docs/specifications_old/parser/v3/archive/alpha_phase_2/08-Deployment-Guide.md,docs/specifications/work/migration_notes/legacy_imports/specifications_old/parser/v3/archive/alpha_phase_2/08-Deployment-Guide.md,work/migration_notes,regenerated,n/a
docs/specifications_old/parser/v3/archive/alpha_phase_2/11i-ScratchBird-Client-Implementation.md,docs/specifications/work/migration_notes/legacy_imports/specifications_old/parser/v3/archive/alpha_phase_2/11i-ScratchBird-Client-Implementation.md,work/migration_notes,regenerated,n/a
docs/specifications_old/parser/v3/archive/alpha_phase_2/11-Remote-Database-UDR-Specification.md,docs/specifications/work/migration_notes/legacy_imports/specifications_old/parser/v3/archive/alpha_phase_2/11-Remote-Database-UDR-Specification.md,work/migration_notes,regenerated,n/a
docs/specifications_old/parser/v3/archive/alpha_phase_2/11a-Connection-Pool-Implementation.md,docs/specifications/work/migration_notes/legacy_imports/specifications_old/parser/v3/archive/alpha_phase_2/11a-Connection-Pool-Implementation.md,work/migration_notes,regenerated,n/a
docs/specifications_old/parser/v3/archive/alpha_phase_2/07-OLAP-Tier.md,docs/specifications/work/migration_notes/legacy_imports/specifications_old/parser/v3/archive/alpha_phase_2/07-OLAP-Tier.md,work/migration_notes,regenerated,n/a
docs/specifications_old/parser/v3/archive/alpha_phase_2/03-Distributed-MVCC-Specification.md,docs/specifications/work/migration_notes/legacy_imports/specifications_old/parser/v3/archive/alpha_phase_2/03-Distributed-MVCC-Specification.md,work/migration_notes,regenerated,n/a
docs/specifications_old/parser/v3/archive/alpha_phase_2/01-Architecture-Overview.md,docs/specifications/work/migration_notes/legacy_imports/specifications_old/parser/v3/archive/alpha_phase_2/01-Architecture-Overview.md,work/migration_notes,regenerated,n/a
docs/specifications_old/parser/v3/archive/alpha_phase_2/11b-PostgreSQL-Client-Implementation.md,docs/specifications/work/migration_notes/legacy_imports/specifications_old/parser/v3/archive/alpha_phase_2/11b-PostgreSQL-Client-Implementation.md,work/migration_notes,regenerated,n/a
docs/specifications_old/parser/v3/archive/alpha_phase_2/02-Clock-Synchronization-Specification.md,docs/specifications/work/migration_notes/legacy_imports/specifications_old/parser/v3/archive/alpha_phase_2/02-Clock-Synchronization-Specification.md,work/migration_notes,regenerated,n/a
docs/specifications_old/parser/v3/archive/alpha_phase_2/11c-MySQL-Client-Implementation.md,docs/specifications/work/migration_notes/legacy_imports/specifications_old/parser/v3/archive/alpha_phase_2/11c-MySQL-Client-Implementation.md,work/migration_notes,regenerated,n/a
docs/specifications_old/parser/v3/archive/alpha_phase_2/05-Wire-Protocol-Integration-Specification.md,docs/specifications/work/migration_notes/legacy_imports/specifications_old/parser/v3/archive/alpha_phase_2/05-Wire-Protocol-Integration-Specification.md,work/migration_notes,regenerated,n/a
docs/specifications_old/parser/v3/archive/alpha_phase_2/10-UDR-System-Specification.md,docs/specifications/work/migration_notes/legacy_imports/specifications_old/parser/v3/archive/alpha_phase_2/10-UDR-System-Specification.md,work/migration_notes,regenerated,n/a
docs/specifications_old/parser/v3/archive/alpha_phase_2/11f-ODBC-Client-Implementation.md,docs/specifications/work/migration_notes/legacy_imports/specifications_old/parser/v3/archive/alpha_phase_2/11f-ODBC-Client-Implementation.md,work/migration_notes,regenerated,n/a
docs/specifications_old/parser/v3/archive/alpha_phase_2/11h-Live-Migration-Emulated-Listener.md,docs/specifications/work/migration_notes/legacy_imports/specifications_old/parser/v3/archive/alpha_phase_2/11h-Live-Migration-Emulated-Listener.md,work/migration_notes,regenerated,n/a
docs/specifications_old/parser/v3/archive/alpha_phase_2/04-Replication-Protocol-Specification.md,docs/specifications/work/migration_notes/legacy_imports/specifications_old/parser/v3/archive/alpha_phase_2/04-Replication-Protocol-Specification.md,work/migration_notes,regenerated,n/a
docs/specifications_old/parser/v3/archive/security/03_AUTHORIZATION_MODEL.md,docs/specifications/work/migration_notes/legacy_imports/specifications_old/parser/v3/archive/security/03_AUTHORIZATION_MODEL.md,work/migration_notes,regenerated,n/a
docs/specifications_old/parser/v3/archive/security/SECURITY_SYSTEM_SPECIFICATION.md,docs/specifications/work/migration_notes/legacy_imports/specifications_old/parser/v3/archive/security/SECURITY_SYSTEM_SPECIFICATION.md,work/migration_notes,regenerated,n/a
docs/specifications_old/parser/v3/archive/security/Security Hardening Guide.md,docs/specifications/work/migration_notes/legacy_imports/specifications_old/parser/v3/archive/security/Security Hardening Guide.md,work/migration_notes,regenerated,n/a
docs/specifications_old/parser/v3/archive/security/Engine Internal Security.md,docs/specifications/work/migration_notes/legacy_imports/specifications_old/parser/v3/archive/security/Engine Internal Security.md,work/migration_notes,regenerated,n/a
docs/specifications_old/parser/v3/archive/security/04_ENCRYPTION_KEY_MANAGEMENT.md,docs/specifications/work/migration_notes/legacy_imports/specifications_old/parser/v3/archive/security/04_ENCRYPTION_KEY_MANAGEMENT.md,work/migration_notes,regenerated,n/a
docs/specifications_old/parser/v3/archive/security/07_NETWORK_PRESENCE_BINDING.md,docs/specifications/work/migration_notes/legacy_imports/specifications_old/parser/v3/archive/security/07_NETWORK_PRESENCE_BINDING.md,work/migration_notes,regenerated,n/a
docs/specifications_old/parser/v3/archive/security/09_SECURITY_LEVELS.md,docs/specifications/work/migration_notes/legacy_imports/specifications_old/parser/v3/archive/security/09_SECURITY_LEVELS.md,work/migration_notes,regenerated,n/a
docs/specifications_old/parser/v3/archive/security/02_IDENTITY_AUTHENTICATION.md,docs/specifications/work/migration_notes/legacy_imports/specifications_old/parser/v3/archive/security/02_IDENTITY_AUTHENTICATION.md,work/migration_notes,regenerated,n/a
docs/specifications_old/parser/v3/archive/security/05_IPC_SECURITY.md,docs/specifications/work/migration_notes/legacy_imports/specifications_old/parser/v3/archive/security/05_IPC_SECURITY.md,work/migration_notes,regenerated,n/a
docs/specifications_old/parser/v3/archive/security/Beta Task -Distributed Secret Sharing Implementation Specification.md,docs/specifications/work/migration_notes/legacy_imports/specifications_old/parser/v3/archive/security/Beta Task -Distributed Secret Sharing Implementation Specification.md,work/migration_notes,regenerated,n/a
docs/specifications_old/parser/v3/archive/security/01_SECURITY_ARCHITECTURE.md,docs/specifications/work/migration_notes/legacy_imports/specifications_old/parser/v3/archive/security/01_SECURITY_ARCHITECTURE.md,work/migration_notes,regenerated,n/a
docs/specifications_old/parser/v3/archive/security/SECURITY_IMPLIMENTATION_DETAILS.md,docs/specifications/work/migration_notes/legacy_imports/specifications_old/parser/v3/archive/security/SECURITY_IMPLIMENTATION_DETAILS.md,work/migration_notes,regenerated,n/a
docs/specifications_old/parser/v3/archive/security/08_AUDIT_COMPLIANCE.md,docs/specifications/work/migration_notes/legacy_imports/specifications_old/parser/v3/archive/security/08_AUDIT_COMPLIANCE.md,work/migration_notes,regenerated,n/a
docs/specifications_old/parser/v3/archive/security/00_SECURITY_SPEC_INDEX.md,docs/specifications/work/migration_notes/legacy_imports/specifications_old/parser/v3/archive/security/00_SECURITY_SPEC_INDEX.md,work/migration_notes,regenerated,n/a
docs/specifications_old/parser/v3/archive/security/draft_security_architecture_specification.md,docs/specifications/work/migration_notes/legacy_imports/specifications_old/parser/v3/archive/security/draft_security_architecture_specification.md,work/migration_notes,regenerated,n/a
docs/specifications_old/parser/v3/archive/security/06_CLUSTER_SECURITY.md,docs/specifications/work/migration_notes/legacy_imports/specifications_old/parser/v3/archive/security/06_CLUSTER_SECURITY.md,work/migration_notes,regenerated,n/a
docs/specifications_old/parser/v3/archive/cluster/scratch_bird_cluster_architecture_security_specifications_draft.md,docs/specifications/work/migration_notes/legacy_imports/specifications_old/parser/v3/archive/cluster/scratch_bird_cluster_architecture_security_specifications_draft.md,work/migration_notes,regenerated,n/a
docs/specifications_old/parser/v3/Alpha_Phase_1_Archive/archive/STORAGE_ENGINE_AUDIT_REPORT.md,docs/specifications/work/migration_notes/legacy_imports/specifications_old/parser/v3/Alpha_Phase_1_Archive/archive/STORAGE_ENGINE_AUDIT_REPORT.md,work/migration_notes,regenerated,n/a
docs/specifications_old/parser/v3/Alpha_Phase_1_Archive/archive/PATH_TO_100_PERCENT.md,docs/specifications/work/migration_notes/legacy_imports/specifications_old/parser/v3/Alpha_Phase_1_Archive/archive/PATH_TO_100_PERCENT.md,work/migration_notes,regenerated,n/a
docs/specifications_old/parser/v3/Alpha_Phase_1_Archive/archive/COMPREHENSIVE_CODE_AUDIT_2025-11-20.md,docs/specifications/work/migration_notes/legacy_imports/specifications_old/parser/v3/Alpha_Phase_1_Archive/archive/COMPREHENSIVE_CODE_AUDIT_2025-11-20.md,work/migration_notes,regenerated,n/a
docs/specifications_old/parser/v3/Alpha_Phase_1_Archive/archive/INDEX_SYSTEM_AGENT_TASKS.md,docs/specifications/work/migration_notes/legacy_imports/specifications_old/parser/v3/Alpha_Phase_1_Archive/archive/INDEX_SYSTEM_AGENT_TASKS.md,work/migration_notes,regenerated,n/a
docs/specifications_old/parser/v3/Alpha_Phase_1_Archive/archive/2025-11-18_CORE_STORAGE_AUDIT.md,docs/specifications/work/migration_notes/legacy_imports/specifications_old/parser/v3/Alpha_Phase_1_Archive/archive/2025-11-18_CORE_STORAGE_AUDIT.md,work/migration_notes,regenerated,n/a
docs/specifications_old/parser/v3/Alpha_Phase_1_Archive/archive/INDEX_COMPLIANCE_IMPLEMENTATION_PLAN.md,docs/specifications/work/migration_notes/legacy_imports/specifications_old/parser/v3/Alpha_Phase_1_Archive/archive/INDEX_COMPLIANCE_IMPLEMENTATION_PLAN.md,work/migration_notes,regenerated,n/a
docs/specifications_old/parser/v3/Alpha_Phase_1_Archive/archive/README.md,docs/specifications/work/migration_notes/legacy_imports/specifications_old/parser/v3/Alpha_Phase_1_Archive/archive/README.md,work/migration_notes,regenerated,n/a
docs/specifications_old/parser/v3/Alpha_Phase_1_Archive/archive/2025-11-20_EXECUTIVE_SUMMARY.md,docs/specifications/work/migration_notes/legacy_imports/specifications_old/parser/v3/Alpha_Phase_1_Archive/archive/2025-11-20_EXECUTIVE_SUMMARY.md,work/migration_notes,regenerated,n/a
docs/specifications_old/parser/v3/Alpha_Phase_1_Archive/archive/2025-11-18_ELEMENT_EXTRACTION_DETAILED.md,docs/specifications/work/migration_notes/legacy_imports/specifications_old/parser/v3/Alpha_Phase_1_Archive/archive/2025-11-18_ELEMENT_EXTRACTION_DETAILED.md,work/migration_notes,regenerated,n/a
docs/specifications_old/parser/v3/Alpha_Phase_1_Archive/archive/DOCUMENTATION_DISCREPANCY_REPORT.md,docs/specifications/work/migration_notes/legacy_imports/specifications_old/parser/v3/Alpha_Phase_1_Archive/archive/DOCUMENTATION_DISCREPANCY_REPORT.md,work/migration_notes,regenerated,n/a
docs/specifications_old/parser/v3/Alpha_Phase_1_Archive/archive/INDEX_IMPLEMENTATION_AUDIT_RESULTS.md,docs/specifications/work/migration_notes/legacy_imports/specifications_old/parser/v3/Alpha_Phase_1_Archive/archive/INDEX_IMPLEMENTATION_AUDIT_RESULTS.md,work/migration_notes,regenerated,n/a
docs/specifications_old/parser/v3/Alpha_Phase_1_Archive/archive/DATABASE_PAGE_SIZE_AUDIT_REPORT_UPDATED.md,docs/specifications/work/migration_notes/legacy_imports/specifications_old/parser/v3/Alpha_Phase_1_Archive/archive/DATABASE_PAGE_SIZE_AUDIT_REPORT_UPDATED.md,work/migration_notes,regenerated,n/a
docs/specifications_old/parser/v3/Alpha_Phase_1_Archive/archive/2025-11-18_DATA_TYPE_SYSTEM_REPORT.md,docs/specifications/work/migration_notes/legacy_imports/specifications_old/parser/v3/Alpha_Phase_1_Archive/archive/2025-11-18_DATA_TYPE_SYSTEM_REPORT.md,work/migration_notes,regenerated,n/a
docs/specifications_old/parser/v3/Alpha_Phase_1_Archive/archive/2025-11-18_EXECUTIVE_SUMMARY.md,docs/specifications/work/migration_notes/legacy_imports/specifications_old/parser/v3/Alpha_Phase_1_Archive/archive/2025-11-18_EXECUTIVE_SUMMARY.md,work/migration_notes,regenerated,n/a
docs/specifications_old/parser/v3/Alpha_Phase_1_Archive/archive/2025-11-20_INDEX_SYSTEM_AUDIT.md,docs/specifications/work/migration_notes/legacy_imports/specifications_old/parser/v3/Alpha_Phase_1_Archive/archive/2025-11-20_INDEX_SYSTEM_AUDIT.md,work/migration_notes,regenerated,n/a
docs/specifications_old/parser/v3/Alpha_Phase_1_Archive/archive/2025-11-20_TRANSACTION_MANAGEMENT_AUDIT.md,docs/specifications/work/migration_notes/legacy_imports/specifications_old/parser/v3/Alpha_Phase_1_Archive/archive/2025-11-20_TRANSACTION_MANAGEMENT_AUDIT.md,work/migration_notes,regenerated,n/a
docs/specifications_old/parser/v3/Alpha_Phase_1_Archive/archive/04_DEFERRED_WORK_CORRECTED_ASSESSMENT.md,docs/specifications/work/migration_notes/legacy_imports/specifications_old/parser/v3/Alpha_Phase_1_Archive/archive/04_DEFERRED_WORK_CORRECTED_ASSESSMENT.md,work/migration_notes,regenerated,n/a
docs/specifications_old/parser/v3/Alpha_Phase_1_Archive/archive/00_COMPREHENSIVE_AUDIT_PLAN.md,docs/specifications/work/migration_notes/legacy_imports/specifications_old/parser/v3/Alpha_Phase_1_Archive/archive/00_COMPREHENSIVE_AUDIT_PLAN.md,work/migration_notes,regenerated,n/a
docs/specifications_old/parser/v3/Alpha_Phase_1_Archive/archive/SQL_PARSER_BYTECODE_AUDIT_REPORT.md,docs/specifications/work/migration_notes/legacy_imports/specifications_old/parser/v3/Alpha_Phase_1_Archive/archive/SQL_PARSER_BYTECODE_AUDIT_REPORT.md,work/migration_notes,regenerated,n/a
docs/specifications_old/parser/v3/Alpha_Phase_1_Archive/archive/2025-11-18_IMPLEMENTATION_GAPS.md,docs/specifications/work/migration_notes/legacy_imports/specifications_old/parser/v3/Alpha_Phase_1_Archive/archive/2025-11-18_IMPLEMENTATION_GAPS.md,work/migration_notes,regenerated,n/a
docs/specifications_old/parser/v3/Alpha_Phase_1_Archive/archive/CATALOG_CRUD_AUDIT.md,docs/specifications/work/migration_notes/legacy_imports/specifications_old/parser/v3/Alpha_Phase_1_Archive/archive/CATALOG_CRUD_AUDIT.md,work/migration_notes,regenerated,n/a
docs/specifications_old/parser/v3/Alpha_Phase_1_Archive/archive/executor_dml_audit_report.md,docs/specifications/work/migration_notes/legacy_imports/specifications_old/parser/v3/Alpha_Phase_1_Archive/archive/executor_dml_audit_report.md,work/migration_notes,regenerated,n/a
docs/specifications_old/parser/v3/Alpha_Phase_1_Archive/archive/SECURITY_AUDIT_REPORT.md,docs/specifications/work/migration_notes/legacy_imports/specifications_old/parser/v3/Alpha_Phase_1_Archive/archive/SECURITY_AUDIT_REPORT.md,work/migration_notes,regenerated,n/a
docs/specifications_old/parser/v3/Alpha_Phase_1_Archive/archive/COLUMNSTORE_PHASE2_3_SUMMARY.md,docs/specifications/work/migration_notes/legacy_imports/specifications_old/parser/v3/Alpha_Phase_1_Archive/archive/COLUMNSTORE_PHASE2_3_SUMMARY.md,work/migration_notes,regenerated,n/a
docs/specifications_old/parser/v3/Alpha_Phase_1_Archive/archive/IMPROVEMENT_OPPORTUNITIES.md,docs/specifications/work/migration_notes/legacy_imports/specifications_old/parser/v3/Alpha_Phase_1_Archive/archive/IMPROVEMENT_OPPORTUNITIES.md,work/migration_notes,regenerated,n/a
docs/specifications_old/parser/v3/Alpha_Phase_1_Archive/archive/INDEX_SYSTEM_AUDIT_REPORT.md,docs/specifications/work/migration_notes/legacy_imports/specifications_old/parser/v3/Alpha_Phase_1_Archive/archive/INDEX_SYSTEM_AUDIT_REPORT.md,work/migration_notes,regenerated,n/a
docs/specifications_old/parser/v3/Alpha_Phase_1_Archive/archive/TASK_BYTECODE_3_COMPLETION_REPORT.md,docs/specifications/work/migration_notes/legacy_imports/specifications_old/parser/v3/Alpha_Phase_1_Archive/archive/TASK_BYTECODE_3_COMPLETION_REPORT.md,work/migration_notes,regenerated,n/a
docs/specifications_old/parser/v3/Alpha_Phase_1_Archive/archive/DATABASE_PAGE_SIZE_AUDIT_REPORT.md,docs/specifications/work/migration_notes/legacy_imports/specifications_old/parser/v3/Alpha_Phase_1_Archive/archive/DATABASE_PAGE_SIZE_AUDIT_REPORT.md,work/migration_notes,regenerated,n/a
docs/specifications_old/parser/v3/Alpha_Phase_1_Archive/archive/INDEX_SYSTEM_REMEDIATION_PLAN.md,docs/specifications/work/migration_notes/legacy_imports/specifications_old/parser/v3/Alpha_Phase_1_Archive/archive/INDEX_SYSTEM_REMEDIATION_PLAN.md,work/migration_notes,regenerated,n/a
docs/specifications_old/parser/v3/Alpha_Phase_1_Archive/archive/2025-11-20_MEMORY_SAFETY_AUDIT.md,docs/specifications/work/migration_notes/legacy_imports/specifications_old/parser/v3/Alpha_Phase_1_Archive/archive/2025-11-20_MEMORY_SAFETY_AUDIT.md,work/migration_notes,regenerated,n/a
docs/specifications_old/parser/v3/Alpha_Phase_1_Archive/archive/2025-11-19_AUDIT_CORRECTIONS_REPORT.md,docs/specifications/work/migration_notes/legacy_imports/specifications_old/parser/v3/Alpha_Phase_1_Archive/archive/2025-11-19_AUDIT_CORRECTIONS_REPORT.md,work/migration_notes,regenerated,n/a
docs/specifications_old/parser/v3/Alpha_Phase_1_Archive/archive/2025-11-20_CONSTRAINT_ENFORCEMENT_VERIFICATION.md,docs/specifications/work/migration_notes/legacy_imports/specifications_old/parser/v3/Alpha_Phase_1_Archive/archive/2025-11-20_CONSTRAINT_ENFORCEMENT_VERIFICATION.md,work/migration_notes,regenerated,n/a
docs/specifications_old/parser/v3/Alpha_Phase_1_Archive/archive/2025-11-19_DOCUMENTATION_VS_IMPLEMENTATION_DISCREPANCIES.md,docs/specifications/work/migration_notes/legacy_imports/specifications_old/parser/v3/Alpha_Phase_1_Archive/archive/2025-11-19_DOCUMENTATION_VS_IMPLEMENTATION_DISCREPANCIES.md,work/migration_notes,regenerated,n/a
docs/specifications_old/parser/v3/Alpha_Phase_1_Archive/archive/2025-11-20_COMPREHENSIVE_AUDIT_EXECUTIVE_SUMMARY.md,docs/specifications/work/migration_notes/legacy_imports/specifications_old/parser/v3/Alpha_Phase_1_Archive/archive/2025-11-20_COMPREHENSIVE_AUDIT_EXECUTIVE_SUMMARY.md,work/migration_notes,regenerated,n/a
docs/specifications_old/parser/v3/Alpha_Phase_1_Archive/archive/04_DEFERRED_WORK_INVENTORY.md,docs/specifications/work/migration_notes/legacy_imports/specifications_old/parser/v3/Alpha_Phase_1_Archive/archive/04_DEFERRED_WORK_INVENTORY.md,work/migration_notes,regenerated,n/a
docs/specifications_old/parser/v3/Alpha_Phase_1_Archive/archive/INDEX_SYSTEM_COMPREHENSIVE_AUDIT.md,docs/specifications/work/migration_notes/legacy_imports/specifications_old/parser/v3/Alpha_Phase_1_Archive/archive/INDEX_SYSTEM_COMPREHENSIVE_AUDIT.md,work/migration_notes,regenerated,n/a
docs/specifications_old/parser/v3/Alpha_Phase_1_Archive/archive/2025-11-20_INDEX_SYSTEM_AUDIT_CORRECTED.md,docs/specifications/work/migration_notes/legacy_imports/specifications_old/parser/v3/Alpha_Phase_1_Archive/archive/2025-11-20_INDEX_SYSTEM_AUDIT_CORRECTED.md,work/migration_notes,regenerated,n/a
docs/specifications_old/parser/v3/Alpha_Phase_1_Archive/archive/INDEX_VERIFICATION_REPORT_2025_11_06.md,docs/specifications/work/migration_notes/legacy_imports/specifications_old/parser/v3/Alpha_Phase_1_Archive/archive/INDEX_VERIFICATION_REPORT_2025_11_06.md,work/migration_notes,regenerated,n/a
docs/specifications_old/parser/v3/Alpha_Phase_1_Archive/archive/bytecode_executor_audit_report.md,docs/specifications/work/migration_notes/legacy_imports/specifications_old/parser/v3/Alpha_Phase_1_Archive/archive/bytecode_executor_audit_report.md,work/migration_notes,regenerated,n/a
docs/specifications_old/parser/v3/Alpha_Phase_1_Archive/archive/MGA_CORRECTNESS_REVIEW.md,docs/specifications/work/migration_notes/legacy_imports/specifications_old/parser/v3/Alpha_Phase_1_Archive/archive/MGA_CORRECTNESS_REVIEW.md,work/migration_notes,regenerated,n/a
docs/specifications_old/parser/v3/Alpha_Phase_1_Archive/archive/2025-11-20_MEMORY_SAFETY_FIXES_IMPLEMENTED.md,docs/specifications/work/migration_notes/legacy_imports/specifications_old/parser/v3/Alpha_Phase_1_Archive/archive/2025-11-20_MEMORY_SAFETY_FIXES_IMPLEMENTED.md,work/migration_notes,regenerated,n/a
docs/specifications_old/parser/v3/Alpha_Phase_1_Archive/archive/FUNCTION_VERIFICATION_REPORT.md,docs/specifications/work/migration_notes/legacy_imports/specifications_old/parser/v3/Alpha_Phase_1_Archive/archive/FUNCTION_VERIFICATION_REPORT.md,work/migration_notes,regenerated,n/a
docs/specifications_old/parser/v3/Alpha_Phase_1_Archive/archive/SECURITY_AUDIT_SUMMARY.md,docs/specifications/work/migration_notes/legacy_imports/specifications_old/parser/v3/Alpha_Phase_1_Archive/archive/SECURITY_AUDIT_SUMMARY.md,work/migration_notes,regenerated,n/a
docs/specifications_old/parser/v3/Alpha_Phase_1_Archive/archive/2025-11-19_INDEX_SYSTEM_DETAILED_REPORT.md,docs/specifications/work/migration_notes/legacy_imports/specifications_old/parser/v3/Alpha_Phase_1_Archive/archive/2025-11-19_INDEX_SYSTEM_DETAILED_REPORT.md,work/migration_notes,regenerated,n/a
docs/specifications_old/parser/v3/Alpha_Phase_1_Archive/archive/2025-11-19_DATA_TYPE_SYSTEM_AUDIT.md,docs/specifications/work/migration_notes/legacy_imports/specifications_old/parser/v3/Alpha_Phase_1_Archive/archive/2025-11-19_DATA_TYPE_SYSTEM_AUDIT.md,work/migration_notes,regenerated,n/a
docs/specifications_old/parser/v3/Alpha_Phase_1_Archive/archive/07_ALPHA_COMPLETION_ROADMAP.md,docs/specifications/work/migration_notes/legacy_imports/specifications_old/parser/v3/Alpha_Phase_1_Archive/archive/07_ALPHA_COMPLETION_ROADMAP.md,work/migration_notes,regenerated,n/a
docs/specifications_old/parser/v3/Alpha_Phase_1_Archive/archive/SQL_STATEMENT_VERIFICATION_REPORT.md,docs/specifications/work/migration_notes/legacy_imports/specifications_old/parser/v3/Alpha_Phase_1_Archive/archive/SQL_STATEMENT_VERIFICATION_REPORT.md,work/migration_notes,regenerated,n/a
docs/specifications_old/parser/v3/Alpha_Phase_1_Archive/archive/INDEX_COMPLIANCE_PROGRESS_REPORT.md,docs/specifications/work/migration_notes/legacy_imports/specifications_old/parser/v3/Alpha_Phase_1_Archive/archive/INDEX_COMPLIANCE_PROGRESS_REPORT.md,work/migration_notes,regenerated,n/a
docs/specifications_old/parser/v3/Alpha_Phase_1_Archive/archive/QUERY_PLANNER_INDEX_INTEGRATION_STATUS.md,docs/specifications/work/migration_notes/legacy_imports/specifications_old/parser/v3/Alpha_Phase_1_Archive/archive/QUERY_PLANNER_INDEX_INTEGRATION_STATUS.md,work/migration_notes,regenerated,n/a
docs/specifications_old/parser/v3/Alpha_Phase_1_Archive/archive/2025-11-19_CONSTRAINT_SYSTEM_CRITICAL_ISSUES.md,docs/specifications/work/migration_notes/legacy_imports/specifications_old/parser/v3/Alpha_Phase_1_Archive/archive/2025-11-19_CONSTRAINT_SYSTEM_CRITICAL_ISSUES.md,work/migration_notes,regenerated,n/a
docs/specifications_old/parser/v3/Alpha_Phase_1_Archive/archive/CATALOG_SYSTEM_AUDIT.md,docs/specifications/work/migration_notes/legacy_imports/specifications_old/parser/v3/Alpha_Phase_1_Archive/archive/CATALOG_SYSTEM_AUDIT.md,work/migration_notes,regenerated,n/a
docs/specifications_old/parser/v3/Alpha_Phase_1_Archive/archive/SECURITY_SYSTEM_COMPREHENSIVE_AUDIT.md,docs/specifications/work/migration_notes/legacy_imports/specifications_old/parser/v3/Alpha_Phase_1_Archive/archive/SECURITY_SYSTEM_COMPREHENSIVE_AUDIT.md,work/migration_notes,regenerated,n/a
docs/specifications_old/parser/v3/Alpha_Phase_1_Archive/archive/INDEX_OPTIONAL_WORK_PLAN.md,docs/specifications/work/migration_notes/legacy_imports/specifications_old/parser/v3/Alpha_Phase_1_Archive/archive/INDEX_OPTIONAL_WORK_PLAN.md,work/migration_notes,regenerated,n/a
docs/specifications_old/parser/v3/Alpha_Phase_1_Archive/archive/TECHNICAL_FINDINGS.md,docs/specifications/work/migration_notes/legacy_imports/specifications_old/parser/v3/Alpha_Phase_1_Archive/archive/TECHNICAL_FINDINGS.md,work/migration_notes,regenerated,n/a
docs/specifications_old/parser/v3/Alpha_Phase_1_Archive/archive/INDEX_ISSUES_DETAILED.txt,docs/specifications/work/migration_notes/legacy_imports/specifications_old/parser/v3/Alpha_Phase_1_Archive/archive/INDEX_ISSUES_DETAILED.txt,work/migration_notes,regenerated,n/a
docs/specifications_old/parser/v3/Alpha_Phase_1_Archive/archive/COLUMNSTORE_100_PERCENT_COMPLETE.md,docs/specifications/work/migration_notes/legacy_imports/specifications_old/parser/v3/Alpha_Phase_1_Archive/archive/COLUMNSTORE_100_PERCENT_COMPLETE.md,work/migration_notes,regenerated,n/a
docs/specifications_old/parser/v3/Alpha_Phase_1_Archive/archive/FIREBIRD_SCRATCHBIRD_FEATURE_COMPARISON.md,docs/specifications/work/migration_notes/legacy_imports/specifications_old/parser/v3/Alpha_Phase_1_Archive/archive/FIREBIRD_SCRATCHBIRD_FEATURE_COMPARISON.md,work/migration_notes,regenerated,n/a
docs/specifications_old/parser/v3/Alpha_Phase_1_Archive/archive/2025-11-19_EXECUTIVE_SUMMARY.md,docs/specifications/work/migration_notes/legacy_imports/specifications_old/parser/v3/Alpha_Phase_1_Archive/archive/2025-11-19_EXECUTIVE_SUMMARY.md,work/migration_notes,regenerated,n/a
docs/specifications_old/parser/v3/Alpha_Phase_1_Archive/archive/SQL_PARSER_BYTECODE_COMPREHENSIVE_AUDIT.md,docs/specifications/work/migration_notes/legacy_imports/specifications_old/parser/v3/Alpha_Phase_1_Archive/archive/SQL_PARSER_BYTECODE_COMPREHENSIVE_AUDIT.md,work/migration_notes,regenerated,n/a
docs/specifications_old/parser/v3/Alpha_Phase_1_Archive/archive/RTREE_MGA_AUDIT.md,docs/specifications/work/migration_notes/legacy_imports/specifications_old/parser/v3/Alpha_Phase_1_Archive/archive/RTREE_MGA_AUDIT.md,work/migration_notes,regenerated,n/a
docs/specifications_old/parser/v3/Alpha_Phase_1_Archive/archive/INDEX_COMPLIANCE_ANALYSIS_SUMMARY.md,docs/specifications/work/migration_notes/legacy_imports/specifications_old/parser/v3/Alpha_Phase_1_Archive/archive/INDEX_COMPLIANCE_ANALYSIS_SUMMARY.md,work/migration_notes,regenerated,n/a
docs/specifications_old/parser/v3/Alpha_Phase_1_Archive/archive/2025-11-20_SECURITY_FIXES_IMPLEMENTATION_NOTES.md,docs/specifications/work/migration_notes/legacy_imports/specifications_old/parser/v3/Alpha_Phase_1_Archive/archive/2025-11-20_SECURITY_FIXES_IMPLEMENTATION_NOTES.md,work/migration_notes,regenerated,n/a
docs/specifications_old/parser/v3/Alpha_Phase_1_Archive/archive/EXECUTIVE_SUMMARY.md,docs/specifications/work/migration_notes/legacy_imports/specifications_old/parser/v3/Alpha_Phase_1_Archive/archive/EXECUTIVE_SUMMARY.md,work/migration_notes,regenerated,n/a
docs/specifications_old/parser/v3/Alpha_Phase_1_Archive/archive/2025-11-19_CONSTRAINT_INDEX_VERIFICATION.md,docs/specifications/work/migration_notes/legacy_imports/specifications_old/parser/v3/Alpha_Phase_1_Archive/archive/2025-11-19_CONSTRAINT_INDEX_VERIFICATION.md,work/migration_notes,regenerated,n/a
docs/specifications_old/parser/v3/Alpha_Phase_1_Archive/archive/2025-11-20_SECURITY_VULNERABILITIES_AUDIT.md,docs/specifications/work/migration_notes/legacy_imports/specifications_old/parser/v3/Alpha_Phase_1_Archive/archive/2025-11-20_SECURITY_VULNERABILITIES_AUDIT.md,work/migration_notes,regenerated,n/a
docs/specifications_old/parser/v3/Alpha_Phase_1_Archive/archive/2025-11-18_SECURITY_CRITICAL_ISSUES.md,docs/specifications/work/migration_notes/legacy_imports/specifications_old/parser/v3/Alpha_Phase_1_Archive/archive/2025-11-18_SECURITY_CRITICAL_ISSUES.md,work/migration_notes,regenerated,n/a
docs/specifications_old/parser/v3/Alpha_Phase_1_Archive/archive/COMPREHENSIVE_REVIEW_CHECKLIST.md,docs/specifications/work/migration_notes/legacy_imports/specifications_old/parser/v3/Alpha_Phase_1_Archive/archive/COMPREHENSIVE_REVIEW_CHECKLIST.md,work/migration_notes,regenerated,n/a
docs/specifications_old/reference/mysql/emulation_specs_8_4/source_copies/storage/archive/CMakeLists.txt,docs/specifications/work/migration_notes/legacy_imports/specifications_old/reference/mysql/emulation_specs_8_4/source_copies/storage/archive/CMakeLists.txt,work/migration_notes,regenerated,n/a
docs/specifications_old/parser/v3/status/CURRENT_STATUS.md,docs/specifications/work/implementation_tracks/legacy_imports/specifications_old/parser/v3/status/CURRENT_STATUS.md,work/implementation_tracks,regenerated,n/a
docs/specifications_old/parser/v3/status/PHASE_1_5_SUMMARY.md,docs/specifications/work/implementation_tracks/legacy_imports/specifications_old/parser/v3/status/PHASE_1_5_SUMMARY.md,work/implementation_tracks,regenerated,n/a
docs/specifications_old/parser/v3/status/ALPHA_003_GIN_PHASE_4_COMPLETE.md,docs/specifications/work/implementation_tracks/legacy_imports/specifications_old/parser/v3/status/ALPHA_003_GIN_PHASE_4_COMPLETE.md,work/implementation_tracks,regenerated,n/a
docs/specifications_old/parser/v3/status/ALPHA_002_COMPLETE.md,docs/specifications/work/implementation_tracks/legacy_imports/specifications_old/parser/v3/status/ALPHA_002_COMPLETE.md,work/implementation_tracks,regenerated,n/a
docs/specifications_old/parser/v3/status/ALPHA_003_PROGRESS.md,docs/specifications/work/implementation_tracks/legacy_imports/specifications_old/parser/v3/status/ALPHA_003_PROGRESS.md,work/implementation_tracks,regenerated,n/a
docs/specifications_old/parser/v3/status/PHASE_1_5_TID_MIGRATION_STATUS.md,docs/specifications/work/implementation_tracks/legacy_imports/specifications_old/parser/v3/status/PHASE_1_5_TID_MIGRATION_STATUS.md,work/implementation_tracks,regenerated,n/a
docs/specifications_old/parser/v3/status/ALPHA_003_AUDIT_FINDINGS.md,docs/specifications/work/implementation_tracks/legacy_imports/specifications_old/parser/v3/status/ALPHA_003_AUDIT_FINDINGS.md,work/implementation_tracks,regenerated,n/a
docs/specifications_old/parser/v3/status/P0_CRITICAL_ISSUES_COMPLETION_SUMMARY.md,docs/specifications/work/implementation_tracks/legacy_imports/specifications_old/parser/v3/status/P0_CRITICAL_ISSUES_COMPLETION_SUMMARY.md,work/implementation_tracks,regenerated,n/a
docs/specifications_old/parser/v3/status/ALPHA_003_GIN_PHASE_3_COMPLETE.md,docs/specifications/work/implementation_tracks/legacy_imports/specifications_old/parser/v3/status/ALPHA_003_GIN_PHASE_3_COMPLETE.md,work/implementation_tracks,regenerated,n/a
docs/specifications_old/parser/v3/status/ALPHA_003_GIN_PHASE_2_COMPLETE.md,docs/specifications/work/implementation_tracks/legacy_imports/specifications_old/parser/v3/status/ALPHA_003_GIN_PHASE_2_COMPLETE.md,work/implementation_tracks,regenerated,n/a
docs/specifications_old/parser/v3/status/ALPHA_003_GIN_PHASE_1_COMPLETE.md,docs/specifications/work/implementation_tracks/legacy_imports/specifications_old/parser/v3/status/ALPHA_003_GIN_PHASE_1_COMPLETE.md,work/implementation_tracks,regenerated,n/a
docs/specifications_old/parser/v3/Alpha_Phase_1_Archive/status_archive/README.md,docs/specifications/work/implementation_tracks/legacy_imports/specifications_old/parser/v3/Alpha_Phase_1_Archive/status_archive/README.md,work/implementation_tracks,regenerated,n/a
docs/specifications_old/parser/v3/Alpha_Phase_1_Archive/status_archive/legacy/README.md,docs/specifications/work/implementation_tracks/legacy_imports/specifications_old/parser/v3/Alpha_Phase_1_Archive/status_archive/legacy/README.md,work/implementation_tracks,regenerated,n/a
docs/specifications_old/parser/v3/Alpha_Phase_1_Archive/status_archive/development/TODO.md,docs/specifications/work/implementation_tracks/legacy_imports/specifications_old/parser/v3/Alpha_Phase_1_Archive/status_archive/development/TODO.md,work/implementation_tracks,regenerated,n/a
docs/specifications_old/parser/v3/Alpha_Phase_1_Archive/status_archive/2025-11-completion-reports/TASK_9_2_RTREE_PLANNER_PROGRESS.md,docs/specifications/work/implementation_tracks/legacy_imports/specifications_old/parser/v3/Alpha_Phase_1_Archive/status_archive/2025-11-completion-reports/TASK_9_2_RTREE_PLANNER_PROGRESS.md,work/implementation_tracks,regenerated,n/a
docs/specifications_old/parser/v3/Alpha_Phase_1_Archive/status_archive/2025-11-completion-reports/SECURITY_PHASE2_EXECUTOR_STARTED_2025-11-10.md,docs/specifications/work/implementation_tracks/legacy_imports/specifications_old/parser/v3/Alpha_Phase_1_Archive/status_archive/2025-11-completion-reports/SECURITY_PHASE2_EXECUTOR_STARTED_2025-11-10.md,work/implementation_tracks,regenerated,n/a
docs/specifications_old/parser/v3/Alpha_Phase_1_Archive/status_archive/2025-11-completion-reports/SECURITY_PHASE3_5_COMPLETE_2025-11-12.md,docs/specifications/work/implementation_tracks/legacy_imports/specifications_old/parser/v3/Alpha_Phase_1_Archive/status_archive/2025-11-completion-reports/SECURITY_PHASE3_5_COMPLETE_2025-11-12.md,work/implementation_tracks,regenerated,n/a
docs/specifications_old/parser/v3/Alpha_Phase_1_Archive/status_archive/2025-11-completion-reports/GIST_COMPLETION_REPORT_2025-11-03.md,docs/specifications/work/implementation_tracks/legacy_imports/specifications_old/parser/v3/Alpha_Phase_1_Archive/status_archive/2025-11-completion-reports/GIST_COMPLETION_REPORT_2025-11-03.md,work/implementation_tracks,regenerated,n/a
docs/specifications_old/parser/v3/Alpha_Phase_1_Archive/status_archive/2025-11-completion-reports/BRIN_COMPLETION_REPORT_2025-11-04.md,docs/specifications/work/implementation_tracks/legacy_imports/specifications_old/parser/v3/Alpha_Phase_1_Archive/status_archive/2025-11-completion-reports/BRIN_COMPLETION_REPORT_2025-11-04.md,work/implementation_tracks,regenerated,n/a
docs/specifications_old/parser/v3/Alpha_Phase_1_Archive/status_archive/2025-11-completion-reports/TASK_9_5_S3_COMPLETION_REPORT.md,docs/specifications/work/implementation_tracks/legacy_imports/specifications_old/parser/v3/Alpha_Phase_1_Archive/status_archive/2025-11-completion-reports/TASK_9_5_S3_COMPLETION_REPORT.md,work/implementation_tracks,regenerated,n/a
docs/specifications_old/parser/v3/Alpha_Phase_1_Archive/status_archive/2025-11-completion-reports/COLUMNSTORE_PHASE1_RLE_COMPLETION_2025-11-04.md,docs/specifications/work/implementation_tracks/legacy_imports/specifications_old/parser/v3/Alpha_Phase_1_Archive/status_archive/2025-11-completion-reports/COLUMNSTORE_PHASE1_RLE_COMPLETION_2025-11-04.md,work/implementation_tracks,regenerated,n/a
docs/specifications_old/parser/v3/Alpha_Phase_1_Archive/status_archive/2025-11-completion-reports/SESSION_2025-11-06_COMPILATION_SUCCESS.md,docs/specifications/work/implementation_tracks/legacy_imports/specifications_old/parser/v3/Alpha_Phase_1_Archive/status_archive/2025-11-completion-reports/SESSION_2025-11-06_COMPILATION_SUCCESS.md,work/implementation_tracks,regenerated,n/a
docs/specifications_old/parser/v3/Alpha_Phase_1_Archive/status_archive/2025-11-completion-reports/FK_PHASE_A_COMPLETE_2025-11-14.md,docs/specifications/work/implementation_tracks/legacy_imports/specifications_old/parser/v3/Alpha_Phase_1_Archive/status_archive/2025-11-completion-reports/FK_PHASE_A_COMPLETE_2025-11-14.md,work/implementation_tracks,regenerated,n/a
docs/specifications_old/parser/v3/Alpha_Phase_1_Archive/status_archive/2025-11-completion-reports/TASK_9_4_MULTI_GEOMETRY_STATUS.md,docs/specifications/work/implementation_tracks/legacy_imports/specifications_old/parser/v3/Alpha_Phase_1_Archive/status_archive/2025-11-completion-reports/TASK_9_4_MULTI_GEOMETRY_STATUS.md,work/implementation_tracks,regenerated,n/a
docs/specifications_old/parser/v3/Alpha_Phase_1_Archive/status_archive/2025-11-completion-reports/CATALOG_CORRECTIONS_PHASE1-5_COMPLETE_2025-11-09.md,docs/specifications/work/implementation_tracks/legacy_imports/specifications_old/parser/v3/Alpha_Phase_1_Archive/status_archive/2025-11-completion-reports/CATALOG_CORRECTIONS_PHASE1-5_COMPLETE_2025-11-09.md,work/implementation_tracks,regenerated,n/a
docs/specifications_old/parser/v3/Alpha_Phase_1_Archive/status_archive/2025-11-completion-reports/VIEWS_PARSING_FIX_2025-11-08.md,docs/specifications/work/implementation_tracks/legacy_imports/specifications_old/parser/v3/Alpha_Phase_1_Archive/status_archive/2025-11-completion-reports/VIEWS_PARSING_FIX_2025-11-08.md,work/implementation_tracks,regenerated,n/a
docs/specifications_old/parser/v3/Alpha_Phase_1_Archive/status_archive/2025-11-completion-reports/SECURITY_PHASE2_SESSION_SUMMARY_2025-11-10.md,docs/specifications/work/implementation_tracks/legacy_imports/specifications_old/parser/v3/Alpha_Phase_1_Archive/status_archive/2025-11-completion-reports/SECURITY_PHASE2_SESSION_SUMMARY_2025-11-10.md,work/implementation_tracks,regenerated,n/a
docs/specifications_old/parser/v3/Alpha_Phase_1_Archive/status_archive/2025-11-completion-reports/CUSTOM_TABLESPACE_COMPLETION_REPORT_2025-11-06.md,docs/specifications/work/implementation_tracks/legacy_imports/specifications_old/parser/v3/Alpha_Phase_1_Archive/status_archive/2025-11-completion-reports/CUSTOM_TABLESPACE_COMPLETION_REPORT_2025-11-06.md,work/implementation_tracks,regenerated,n/a
docs/specifications_old/parser/v3/Alpha_Phase_1_Archive/status_archive/2025-11-completion-reports/PHASE_3_0_PLANNING_2025-11-11.md,docs/specifications/work/implementation_tracks/legacy_imports/specifications_old/parser/v3/Alpha_Phase_1_Archive/status_archive/2025-11-completion-reports/PHASE_3_0_PLANNING_2025-11-11.md,work/implementation_tracks,regenerated,n/a
docs/specifications_old/parser/v3/Alpha_Phase_1_Archive/status_archive/2025-11-completion-reports/TASK_17_MGA_PHASE_2_2_PARTIAL.md,docs/specifications/work/implementation_tracks/legacy_imports/specifications_old/parser/v3/Alpha_Phase_1_Archive/status_archive/2025-11-completion-reports/TASK_17_MGA_PHASE_2_2_PARTIAL.md,work/implementation_tracks,regenerated,n/a
docs/specifications_old/parser/v3/Alpha_Phase_1_Archive/status_archive/2025-11-completion-reports/TASK_17_PHASE_1_EVALUATOR_FIXES.md,docs/specifications/work/implementation_tracks/legacy_imports/specifications_old/parser/v3/Alpha_Phase_1_Archive/status_archive/2025-11-completion-reports/TASK_17_PHASE_1_EVALUATOR_FIXES.md,work/implementation_tracks,regenerated,n/a
docs/specifications_old/parser/v3/Alpha_Phase_1_Archive/status_archive/2025-11-completion-reports/SECURITY_PHASE3_2_3_COMPLETE_2025-11-11.md,docs/specifications/work/implementation_tracks/legacy_imports/specifications_old/parser/v3/Alpha_Phase_1_Archive/status_archive/2025-11-completion-reports/SECURITY_PHASE3_2_3_COMPLETE_2025-11-11.md,work/implementation_tracks,regenerated,n/a
docs/specifications_old/parser/v3/Alpha_Phase_1_Archive/status_archive/2025-11-completion-reports/SEQUENCES_IMPLEMENTATION_COMPLETE.md,docs/specifications/work/implementation_tracks/legacy_imports/specifications_old/parser/v3/Alpha_Phase_1_Archive/status_archive/2025-11-completion-reports/SEQUENCES_IMPLEMENTATION_COMPLETE.md,work/implementation_tracks,regenerated,n/a
docs/specifications_old/parser/v3/Alpha_Phase_1_Archive/status_archive/2025-11-completion-reports/SESSION_2025-11-11_PHASE3_3_PROGRESS.md,docs/specifications/work/implementation_tracks/legacy_imports/specifications_old/parser/v3/Alpha_Phase_1_Archive/status_archive/2025-11-completion-reports/SESSION_2025-11-11_PHASE3_3_PROGRESS.md,work/implementation_tracks,regenerated,n/a
docs/specifications_old/parser/v3/Alpha_Phase_1_Archive/status_archive/2025-11-completion-reports/FTS_COMPLETION_REPORT_2025-11-03.md,docs/specifications/work/implementation_tracks/legacy_imports/specifications_old/parser/v3/Alpha_Phase_1_Archive/status_archive/2025-11-completion-reports/FTS_COMPLETION_REPORT_2025-11-03.md,work/implementation_tracks,regenerated,n/a
docs/specifications_old/parser/v3/Alpha_Phase_1_Archive/status_archive/2025-11-completion-reports/TASK_17_MGA_SESSION_3_SUMMARY.md,docs/specifications/work/implementation_tracks/legacy_imports/specifications_old/parser/v3/Alpha_Phase_1_Archive/status_archive/2025-11-completion-reports/TASK_17_MGA_SESSION_3_SUMMARY.md,work/implementation_tracks,regenerated,n/a
docs/specifications_old/parser/v3/Alpha_Phase_1_Archive/status_archive/2025-11-completion-reports/SESSION_FINAL_2025-11-11.md,docs/specifications/work/implementation_tracks/legacy_imports/specifications_old/parser/v3/Alpha_Phase_1_Archive/status_archive/2025-11-completion-reports/SESSION_FINAL_2025-11-11.md,work/implementation_tracks,regenerated,n/a
docs/specifications_old/parser/v3/Alpha_Phase_1_Archive/status_archive/2025-11-completion-reports/SPGIST_COMPLETION_REPORT_2025-11-03.md,docs/specifications/work/implementation_tracks/legacy_imports/specifications_old/parser/v3/Alpha_Phase_1_Archive/status_archive/2025-11-completion-reports/SPGIST_COMPLETION_REPORT_2025-11-03.md,work/implementation_tracks,regenerated,n/a
docs/specifications_old/parser/v3/Alpha_Phase_1_Archive/status_archive/2025-11-completion-reports/IMPLEMENTATION_TIMELINE.md,docs/specifications/work/implementation_tracks/legacy_imports/specifications_old/parser/v3/Alpha_Phase_1_Archive/status_archive/2025-11-completion-reports/IMPLEMENTATION_TIMELINE.md,work/implementation_tracks,regenerated,n/a
docs/specifications_old/parser/v3/Alpha_Phase_1_Archive/status_archive/2025-11-completion-reports/COLUMNSTORE_PHASES_1-4_SUMMARY_2025-11-04.md,docs/specifications/work/implementation_tracks/legacy_imports/specifications_old/parser/v3/Alpha_Phase_1_Archive/status_archive/2025-11-completion-reports/COLUMNSTORE_PHASES_1-4_SUMMARY_2025-11-04.md,work/implementation_tracks,regenerated,n/a
docs/specifications_old/parser/v3/Alpha_Phase_1_Archive/status_archive/2025-11-completion-reports/SECURITY_PHASE3_2_2_ANALYSIS_2025-11-11.md,docs/specifications/work/implementation_tracks/legacy_imports/specifications_old/parser/v3/Alpha_Phase_1_Archive/status_archive/2025-11-completion-reports/SECURITY_PHASE3_2_2_ANALYSIS_2025-11-11.md,work/implementation_tracks,regenerated,n/a
docs/specifications_old/parser/v3/Alpha_Phase_1_Archive/status_archive/2025-11-completion-reports/CHECK_CONSTRAINTS_COMPLETE_2025-11-13.md,docs/specifications/work/implementation_tracks/legacy_imports/specifications_old/parser/v3/Alpha_Phase_1_Archive/status_archive/2025-11-completion-reports/CHECK_CONSTRAINTS_COMPLETE_2025-11-13.md,work/implementation_tracks,regenerated,n/a
docs/specifications_old/parser/v3/Alpha_Phase_1_Archive/status_archive/2025-11-completion-reports/DOCUMENTATION_CLEANUP_REPORT_2025-11-03.md,docs/specifications/work/implementation_tracks/legacy_imports/specifications_old/parser/v3/Alpha_Phase_1_Archive/status_archive/2025-11-completion-reports/DOCUMENTATION_CLEANUP_REPORT_2025-11-03.md,work/implementation_tracks,regenerated,n/a
docs/specifications_old/parser/v3/Alpha_Phase_1_Archive/status_archive/2025-11-completion-reports/WAVE_3_LAUNCH_PLAN.md,docs/specifications/work/implementation_tracks/legacy_imports/specifications_old/parser/v3/Alpha_Phase_1_Archive/status_archive/2025-11-completion-reports/WAVE_3_LAUNCH_PLAN.md,work/implementation_tracks,regenerated,n/a
docs/specifications_old/parser/v3/Alpha_Phase_1_Archive/status_archive/2025-11-completion-reports/SESSION_SUMMARY_2025_11_03.md,docs/specifications/work/implementation_tracks/legacy_imports/specifications_old/parser/v3/Alpha_Phase_1_Archive/status_archive/2025-11-completion-reports/SESSION_SUMMARY_2025_11_03.md,work/implementation_tracks,regenerated,n/a
docs/specifications_old/parser/v3/Alpha_Phase_1_Archive/status_archive/2025-11-completion-reports/FOREIGN_KEY_FRAMEWORK_COMPLETE_2025-11-12.md,docs/specifications/work/implementation_tracks/legacy_imports/specifications_old/parser/v3/Alpha_Phase_1_Archive/status_archive/2025-11-completion-reports/FOREIGN_KEY_FRAMEWORK_COMPLETE_2025-11-12.md,work/implementation_tracks,regenerated,n/a
docs/specifications_old/parser/v3/Alpha_Phase_1_Archive/status_archive/2025-11-completion-reports/WAVE_1_COMPLETION_REPORT.md,docs/specifications/work/implementation_tracks/legacy_imports/specifications_old/parser/v3/Alpha_Phase_1_Archive/status_archive/2025-11-completion-reports/WAVE_1_COMPLETION_REPORT.md,work/implementation_tracks,regenerated,n/a
docs/specifications_old/parser/v3/Alpha_Phase_1_Archive/status_archive/2025-11-completion-reports/FUNCTIONS_EXPLORATION_SUMMARY.md,docs/specifications/work/implementation_tracks/legacy_imports/specifications_old/parser/v3/Alpha_Phase_1_Archive/status_archive/2025-11-completion-reports/FUNCTIONS_EXPLORATION_SUMMARY.md,work/implementation_tracks,regenerated,n/a
docs/specifications_old/parser/v3/Alpha_Phase_1_Archive/status_archive/2025-11-completion-reports/TASK_17_CURRENT_STATUS.md,docs/specifications/work/implementation_tracks/legacy_imports/specifications_old/parser/v3/Alpha_Phase_1_Archive/status_archive/2025-11-completion-reports/TASK_17_CURRENT_STATUS.md,work/implementation_tracks,regenerated,n/a
docs/specifications_old/parser/v3/Alpha_Phase_1_Archive/status_archive/2025-11-completion-reports/INDEX_REVIEW_FILES_REFERENCE.md,docs/specifications/work/implementation_tracks/legacy_imports/specifications_old/parser/v3/Alpha_Phase_1_Archive/status_archive/2025-11-completion-reports/INDEX_REVIEW_FILES_REFERENCE.md,work/implementation_tracks,regenerated,n/a
docs/specifications_old/parser/v3/Alpha_Phase_1_Archive/status_archive/2025-11-completion-reports/TASK_17_MGA_SESSION_2_SUMMARY.md,docs/specifications/work/implementation_tracks/legacy_imports/specifications_old/parser/v3/Alpha_Phase_1_Archive/status_archive/2025-11-completion-reports/TASK_17_MGA_SESSION_2_SUMMARY.md,work/implementation_tracks,regenerated,n/a
docs/specifications_old/parser/v3/Alpha_Phase_1_Archive/status_archive/2025-11-completion-reports/BITMAP_INDEX_IMPLEMENTATION_SUMMARY.md,docs/specifications/work/implementation_tracks/legacy_imports/specifications_old/parser/v3/Alpha_Phase_1_Archive/status_archive/2025-11-completion-reports/BITMAP_INDEX_IMPLEMENTATION_SUMMARY.md,work/implementation_tracks,regenerated,n/a
docs/specifications_old/parser/v3/Alpha_Phase_1_Archive/status_archive/2025-11-completion-reports/SECURITY_PHASE3_1_COMPLETE_2025-11-11.md,docs/specifications/work/implementation_tracks/legacy_imports/specifications_old/parser/v3/Alpha_Phase_1_Archive/status_archive/2025-11-completion-reports/SECURITY_PHASE3_1_COMPLETE_2025-11-11.md,work/implementation_tracks,regenerated,n/a
docs/specifications_old/parser/v3/Alpha_Phase_1_Archive/status_archive/2025-11-completion-reports/CONSTRAINT_ENFORCEMENT_COMPLETE_2025-11-12.md,docs/specifications/work/implementation_tracks/legacy_imports/specifications_old/parser/v3/Alpha_Phase_1_Archive/status_archive/2025-11-completion-reports/CONSTRAINT_ENFORCEMENT_COMPLETE_2025-11-12.md,work/implementation_tracks,regenerated,n/a
docs/specifications_old/parser/v3/Alpha_Phase_1_Archive/status_archive/2025-11-completion-reports/PHASE_2_REMAINING_TASKS_ANALYSIS.md,docs/specifications/work/implementation_tracks/legacy_imports/specifications_old/parser/v3/Alpha_Phase_1_Archive/status_archive/2025-11-completion-reports/PHASE_2_REMAINING_TASKS_ANALYSIS.md,work/implementation_tracks,regenerated,n/a
docs/specifications_old/parser/v3/Alpha_Phase_1_Archive/status_archive/2025-11-completion-reports/SESSION_2025-11-11_PHASE3_2_1.md,docs/specifications/work/implementation_tracks/legacy_imports/specifications_old/parser/v3/Alpha_Phase_1_Archive/status_archive/2025-11-completion-reports/SESSION_2025-11-11_PHASE3_2_1.md,work/implementation_tracks,regenerated,n/a
docs/specifications_old/parser/v3/Alpha_Phase_1_Archive/status_archive/2025-11-completion-reports/COLUMNSTORE_PHASE2_DICT_COMPLETION_2025-11-04.md,docs/specifications/work/implementation_tracks/legacy_imports/specifications_old/parser/v3/Alpha_Phase_1_Archive/status_archive/2025-11-completion-reports/COLUMNSTORE_PHASE2_DICT_COMPLETION_2025-11-04.md,work/implementation_tracks,regenerated,n/a
docs/specifications_old/parser/v3/Alpha_Phase_1_Archive/status_archive/2025-11-completion-reports/SPGIST_COMPLETION_REPORT_2025-11-04.md,docs/specifications/work/implementation_tracks/legacy_imports/specifications_old/parser/v3/Alpha_Phase_1_Archive/status_archive/2025-11-completion-reports/SPGIST_COMPLETION_REPORT_2025-11-04.md,work/implementation_tracks,regenerated,n/a
docs/specifications_old/parser/v3/Alpha_Phase_1_Archive/status_archive/2025-11-completion-reports/SECURITY_PHASE3_4_6_EXPRESSION_STORAGE_COMPLETE_2025-11-11.md,docs/specifications/work/implementation_tracks/legacy_imports/specifications_old/parser/v3/Alpha_Phase_1_Archive/status_archive/2025-11-completion-reports/SECURITY_PHASE3_4_6_EXPRESSION_STORAGE_COMPLETE_2025-11-11.md,work/implementation_tracks,regenerated,n/a
docs/specifications_old/parser/v3/Alpha_Phase_1_Archive/status_archive/2025-11-completion-reports/VIEWS_IMPLEMENTATION_COMPLETE.md,docs/specifications/work/implementation_tracks/legacy_imports/specifications_old/parser/v3/Alpha_Phase_1_Archive/status_archive/2025-11-completion-reports/VIEWS_IMPLEMENTATION_COMPLETE.md,work/implementation_tracks,regenerated,n/a
docs/specifications_old/parser/v3/Alpha_Phase_1_Archive/status_archive/2025-11-completion-reports/MIGRATION_SUMMARY_2025_10_03.md,docs/specifications/work/implementation_tracks/legacy_imports/specifications_old/parser/v3/Alpha_Phase_1_Archive/status_archive/2025-11-completion-reports/MIGRATION_SUMMARY_2025_10_03.md,work/implementation_tracks,regenerated,n/a
docs/specifications_old/parser/v3/Alpha_Phase_1_Archive/status_archive/2025-11-completion-reports/WAVE_1_FINAL_DELIVERY.md,docs/specifications/work/implementation_tracks/legacy_imports/specifications_old/parser/v3/Alpha_Phase_1_Archive/status_archive/2025-11-completion-reports/WAVE_1_FINAL_DELIVERY.md,work/implementation_tracks,regenerated,n/a
docs/specifications_old/parser/v3/Alpha_Phase_1_Archive/status_archive/2025-11-completion-reports/COLUMNSTORE_PHASE4_PREDICATE_COMPLETION_2025-11-04.md,docs/specifications/work/implementation_tracks/legacy_imports/specifications_old/parser/v3/Alpha_Phase_1_Archive/status_archive/2025-11-completion-reports/COLUMNSTORE_PHASE4_PREDICATE_COMPLETION_2025-11-04.md,work/implementation_tracks,regenerated,n/a
docs/specifications_old/parser/v3/Alpha_Phase_1_Archive/status_archive/2025-11-completion-reports/SECURITY_PHASE3_3_4_COMPLETE_2025-11-11.md,docs/specifications/work/implementation_tracks/legacy_imports/specifications_old/parser/v3/Alpha_Phase_1_Archive/status_archive/2025-11-completion-reports/SECURITY_PHASE3_3_4_COMPLETE_2025-11-11.md,work/implementation_tracks,regenerated,n/a
docs/specifications_old/parser/v3/Alpha_Phase_1_Archive/status_archive/2025-11-completion-reports/SECURITY_SESSION_2025-11-11.md,docs/specifications/work/implementation_tracks/legacy_imports/specifications_old/parser/v3/Alpha_Phase_1_Archive/status_archive/2025-11-completion-reports/SECURITY_SESSION_2025-11-11.md,work/implementation_tracks,regenerated,n/a
docs/specifications_old/parser/v3/Alpha_Phase_1_Archive/status_archive/2025-11-completion-reports/TASK_17_QUICK_REFERENCE.md,docs/specifications/work/implementation_tracks/legacy_imports/specifications_old/parser/v3/Alpha_Phase_1_Archive/status_archive/2025-11-completion-reports/TASK_17_QUICK_REFERENCE.md,work/implementation_tracks,regenerated,n/a
docs/specifications_old/parser/v3/Alpha_Phase_1_Archive/status_archive/2025-11-completion-reports/CONSTRAINT_ENFORCEMENT_PHASE1_COMPLETE_2025-11-12.md,docs/specifications/work/implementation_tracks/legacy_imports/specifications_old/parser/v3/Alpha_Phase_1_Archive/status_archive/2025-11-completion-reports/CONSTRAINT_ENFORCEMENT_PHASE1_COMPLETE_2025-11-12.md,work/implementation_tracks,regenerated,n/a
docs/specifications_old/parser/v3/Alpha_Phase_1_Archive/status_archive/2025-11-completion-reports/COLUMNSTORE_PHASE3_BITPACK_COMPLETION_2025-11-04.md,docs/specifications/work/implementation_tracks/legacy_imports/specifications_old/parser/v3/Alpha_Phase_1_Archive/status_archive/2025-11-completion-reports/COLUMNSTORE_PHASE3_BITPACK_COMPLETION_2025-11-04.md,work/implementation_tracks,regenerated,n/a
docs/specifications_old/parser/v3/Alpha_Phase_1_Archive/status_archive/2025-11-completion-reports/SECURITY_PHASE3_4_COMPLETE_2025-11-11.md,docs/specifications/work/implementation_tracks/legacy_imports/specifications_old/parser/v3/Alpha_Phase_1_Archive/status_archive/2025-11-completion-reports/SECURITY_PHASE3_4_COMPLETE_2025-11-11.md,work/implementation_tracks,regenerated,n/a
docs/specifications_old/parser/v3/Alpha_Phase_1_Archive/status_archive/2025-11-completion-reports/SESSION_SUMMARY_2025-11-06.md,docs/specifications/work/implementation_tracks/legacy_imports/specifications_old/parser/v3/Alpha_Phase_1_Archive/status_archive/2025-11-completion-reports/SESSION_SUMMARY_2025-11-06.md,work/implementation_tracks,regenerated,n/a
docs/specifications_old/parser/v3/Alpha_Phase_1_Archive/status_archive/2025-11-completion-reports/PHASE_2_STATUS_OCT_28_2025.md,docs/specifications/work/implementation_tracks/legacy_imports/specifications_old/parser/v3/Alpha_Phase_1_Archive/status_archive/2025-11-completion-reports/PHASE_2_STATUS_OCT_28_2025.md,work/implementation_tracks,regenerated,n/a
docs/specifications_old/parser/v3/Alpha_Phase_1_Archive/status_archive/2025-11-completion-reports/TASK_17_MGA_ROLLBACK_ANALYSIS.md,docs/specifications/work/implementation_tracks/legacy_imports/specifications_old/parser/v3/Alpha_Phase_1_Archive/status_archive/2025-11-completion-reports/TASK_17_MGA_ROLLBACK_ANALYSIS.md,work/implementation_tracks,regenerated,n/a
docs/specifications_old/parser/v3/Alpha_Phase_1_Archive/status_archive/2025-11-completion-reports/PHASE1_TASK1_2_ARCHITECTURAL_NOTE.md,docs/specifications/work/implementation_tracks/legacy_imports/specifications_old/parser/v3/Alpha_Phase_1_Archive/status_archive/2025-11-completion-reports/PHASE1_TASK1_2_ARCHITECTURAL_NOTE.md,work/implementation_tracks,regenerated,n/a
docs/specifications_old/parser/v3/Alpha_Phase_1_Archive/status_archive/2025-11-completion-reports/SRID_VALIDATION_CLARIFICATION.md,docs/specifications/work/implementation_tracks/legacy_imports/specifications_old/parser/v3/Alpha_Phase_1_Archive/status_archive/2025-11-completion-reports/SRID_VALIDATION_CLARIFICATION.md,work/implementation_tracks,regenerated,n/a
docs/specifications_old/parser/v3/Alpha_Phase_1_Archive/status_archive/2025-11-completion-reports/PHASE_1_5_SUMMARY.md,docs/specifications/work/implementation_tracks/legacy_imports/specifications_old/parser/v3/Alpha_Phase_1_Archive/status_archive/2025-11-completion-reports/PHASE_1_5_SUMMARY.md,work/implementation_tracks,regenerated,n/a
docs/specifications_old/parser/v3/Alpha_Phase_1_Archive/status_archive/2025-11-completion-reports/TRUNCATE_TABLE_ASYNC_COMPLETE.md,docs/specifications/work/implementation_tracks/legacy_imports/specifications_old/parser/v3/Alpha_Phase_1_Archive/status_archive/2025-11-completion-reports/TRUNCATE_TABLE_ASYNC_COMPLETE.md,work/implementation_tracks,regenerated,n/a
docs/specifications_old/parser/v3/Alpha_Phase_1_Archive/status_archive/2025-11-completion-reports/CONNECTION_CONTEXT_SECURITY_INTEGRATION_2025-11-10.md,docs/specifications/work/implementation_tracks/legacy_imports/specifications_old/parser/v3/Alpha_Phase_1_Archive/status_archive/2025-11-completion-reports/CONNECTION_CONTEXT_SECURITY_INTEGRATION_2025-11-10.md,work/implementation_tracks,regenerated,n/a
docs/specifications_old/parser/v3/Alpha_Phase_1_Archive/status_archive/2025-11-completion-reports/COMPILATION_SUCCESS_2025-11-06.md,docs/specifications/work/implementation_tracks/legacy_imports/specifications_old/parser/v3/Alpha_Phase_1_Archive/status_archive/2025-11-completion-reports/COMPILATION_SUCCESS_2025-11-06.md,work/implementation_tracks,regenerated,n/a
docs/specifications_old/parser/v3/Alpha_Phase_1_Archive/status_archive/2025-11-completion-reports/SECURITY_PHASE2_COMPLETE_2025-11-10.md,docs/specifications/work/implementation_tracks/legacy_imports/specifications_old/parser/v3/Alpha_Phase_1_Archive/status_archive/2025-11-completion-reports/SECURITY_PHASE2_COMPLETE_2025-11-10.md,work/implementation_tracks,regenerated,n/a
docs/specifications_old/parser/v3/Alpha_Phase_1_Archive/status_archive/2025-11-completion-reports/SECURITY_PHASE3_3_3_COMPLETE_2025-11-11.md,docs/specifications/work/implementation_tracks/legacy_imports/specifications_old/parser/v3/Alpha_Phase_1_Archive/status_archive/2025-11-completion-reports/SECURITY_PHASE3_3_3_COMPLETE_2025-11-11.md,work/implementation_tracks,regenerated,n/a
docs/specifications_old/parser/v3/Alpha_Phase_1_Archive/status_archive/2025-11-completion-reports/COLUMNSTORE_COMPLETION_REPORT_2025-11-03.md,docs/specifications/work/implementation_tracks/legacy_imports/specifications_old/parser/v3/Alpha_Phase_1_Archive/status_archive/2025-11-completion-reports/COLUMNSTORE_COMPLETION_REPORT_2025-11-03.md,work/implementation_tracks,regenerated,n/a
docs/specifications_old/parser/v3/Alpha_Phase_1_Archive/status_archive/2025-11-completion-reports/HNSW_COMPLETION_REPORT_2025-11-04.md,docs/specifications/work/implementation_tracks/legacy_imports/specifications_old/parser/v3/Alpha_Phase_1_Archive/status_archive/2025-11-completion-reports/HNSW_COMPLETION_REPORT_2025-11-04.md,work/implementation_tracks,regenerated,n/a
docs/specifications_old/parser/v3/Alpha_Phase_1_Archive/status_archive/2025-11-completion-reports/ALTER_TABLE_COMPLETE_2025-11-07.md,docs/specifications/work/implementation_tracks/legacy_imports/specifications_old/parser/v3/Alpha_Phase_1_Archive/status_archive/2025-11-completion-reports/ALTER_TABLE_COMPLETE_2025-11-07.md,work/implementation_tracks,regenerated,n/a
docs/specifications_old/parser/v3/Alpha_Phase_1_Archive/status_archive/2025-11-completion-reports/DDL_COMPLETION_REPORT_2025-11-07.md,docs/specifications/work/implementation_tracks/legacy_imports/specifications_old/parser/v3/Alpha_Phase_1_Archive/status_archive/2025-11-completion-reports/DDL_COMPLETION_REPORT_2025-11-07.md,work/implementation_tracks,regenerated,n/a
docs/specifications_old/parser/v3/Alpha_Phase_1_Archive/status_archive/2025-11-completion-reports/SECURITY_PHASE3_3_5_COMPLETE_2025-11-11.md,docs/specifications/work/implementation_tracks/legacy_imports/specifications_old/parser/v3/Alpha_Phase_1_Archive/status_archive/2025-11-completion-reports/SECURITY_PHASE3_3_5_COMPLETE_2025-11-11.md,work/implementation_tracks,regenerated,n/a
docs/specifications_old/parser/v3/Alpha_Phase_1_Archive/status_archive/2025-11-completion-reports/TASK_17_PHASE_1_SERIALIZER_FIXES.md,docs/specifications/work/implementation_tracks/legacy_imports/specifications_old/parser/v3/Alpha_Phase_1_Archive/status_archive/2025-11-completion-reports/TASK_17_PHASE_1_SERIALIZER_FIXES.md,work/implementation_tracks,regenerated,n/a
docs/specifications_old/parser/v3/Alpha_Phase_1_Archive/status_archive/2025-11-completion-reports/TASK_9_AGENT_STRATEGY.md,docs/specifications/work/implementation_tracks/legacy_imports/specifications_old/parser/v3/Alpha_Phase_1_Archive/status_archive/2025-11-completion-reports/TASK_9_AGENT_STRATEGY.md,work/implementation_tracks,regenerated,n/a
docs/specifications_old/parser/v3/Alpha_Phase_1_Archive/status_archive/2025-11-completion-reports/SESSION_SUMMARY_CHECK_CONSTRAINTS_2025-11-13.md,docs/specifications/work/implementation_tracks/legacy_imports/specifications_old/parser/v3/Alpha_Phase_1_Archive/status_archive/2025-11-completion-reports/SESSION_SUMMARY_CHECK_CONSTRAINTS_2025-11-13.md,work/implementation_tracks,regenerated,n/a
docs/specifications_old/parser/v3/Alpha_Phase_1_Archive/status_archive/2025-11-completion-reports/SECURITY_PHASE3_SESSION_COMPLETE_2025-11-11.md,docs/specifications/work/implementation_tracks/legacy_imports/specifications_old/parser/v3/Alpha_Phase_1_Archive/status_archive/2025-11-completion-reports/SECURITY_PHASE3_SESSION_COMPLETE_2025-11-11.md,work/implementation_tracks,regenerated,n/a
docs/specifications_old/parser/v3/Alpha_Phase_1_Archive/status_archive/2025-11-completion-reports/SECURITY_PHASE3_2_1_COMPLETE_2025-11-11.md,docs/specifications/work/implementation_tracks/legacy_imports/specifications_old/parser/v3/Alpha_Phase_1_Archive/status_archive/2025-11-completion-reports/SECURITY_PHASE3_2_1_COMPLETE_2025-11-11.md,work/implementation_tracks,regenerated,n/a
docs/specifications_old/parser/v3/Alpha_Phase_1_Archive/status_archive/2025-11-completion-reports/PHASE3_3_1_NEXT_STEPS.md,docs/specifications/work/implementation_tracks/legacy_imports/specifications_old/parser/v3/Alpha_Phase_1_Archive/status_archive/2025-11-completion-reports/PHASE3_3_1_NEXT_STEPS.md,work/implementation_tracks,regenerated,n/a
docs/specifications_old/parser/v3/Alpha_Phase_1_Archive/status_archive/2025-11-completion-reports/SECURITY_IMPLEMENTATION_PLAN_UPDATE_2025-11-10.md,docs/specifications/work/implementation_tracks/legacy_imports/specifications_old/parser/v3/Alpha_Phase_1_Archive/status_archive/2025-11-completion-reports/SECURITY_IMPLEMENTATION_PLAN_UPDATE_2025-11-10.md,work/implementation_tracks,regenerated,n/a
docs/specifications_old/parser/v3/Alpha_Phase_1_Archive/status_archive/2025-11-completion-reports/TASK_17_PHASE_10_12_COMPLETION_REPORT.md,docs/specifications/work/implementation_tracks/legacy_imports/specifications_old/parser/v3/Alpha_Phase_1_Archive/status_archive/2025-11-completion-reports/TASK_17_PHASE_10_12_COMPLETION_REPORT.md,work/implementation_tracks,regenerated,n/a
docs/specifications_old/parser/v3/Alpha_Phase_1_Archive/status_archive/2025-11-completion-reports/FUNCTION_IMPLEMENTATION_ANALYSIS.md,docs/specifications/work/implementation_tracks/legacy_imports/specifications_old/parser/v3/Alpha_Phase_1_Archive/status_archive/2025-11-completion-reports/FUNCTION_IMPLEMENTATION_ANALYSIS.md,work/implementation_tracks,regenerated,n/a
docs/specifications_old/parser/v3/Alpha_Phase_1_Archive/status_archive/2025-11-completion-reports/INDEX_AUDIT_DETAILED_FINDINGS_20251120.md,docs/specifications/work/implementation_tracks/legacy_imports/specifications_old/parser/v3/Alpha_Phase_1_Archive/status_archive/2025-11-completion-reports/INDEX_AUDIT_DETAILED_FINDINGS_20251120.md,work/implementation_tracks,regenerated,n/a
docs/specifications_old/parser/v3/Alpha_Phase_1_Archive/status_archive/2025-11-completion-reports/SECURITY_IMPLEMENTATION_COMPLETE_2025-11-11.md,docs/specifications/work/implementation_tracks/legacy_imports/specifications_old/parser/v3/Alpha_Phase_1_Archive/status_archive/2025-11-completion-reports/SECURITY_IMPLEMENTATION_COMPLETE_2025-11-11.md,work/implementation_tracks,regenerated,n/a
docs/specifications_old/parser/v3/Alpha_Phase_1_Archive/status_archive/2025-11-completion-reports/INDEX_AUDIT_REPORT_20251120.md,docs/specifications/work/implementation_tracks/legacy_imports/specifications_old/parser/v3/Alpha_Phase_1_Archive/status_archive/2025-11-completion-reports/INDEX_AUDIT_REPORT_20251120.md,work/implementation_tracks,regenerated,n/a
docs/specifications_old/parser/v3/Alpha_Phase_1_Archive/status_archive/2025-11-completion-reports/SESSION_2025-11-11_PHASE3_3_COMPLETE.md,docs/specifications/work/implementation_tracks/legacy_imports/specifications_old/parser/v3/Alpha_Phase_1_Archive/status_archive/2025-11-completion-reports/SESSION_2025-11-11_PHASE3_3_COMPLETE.md,work/implementation_tracks,regenerated,n/a
docs/specifications_old/parser/v3/Alpha_Phase_1_Archive/status_archive/2025-11-completion-reports/SECURITY_PHASE3_4_8_TOAST_PERSISTENCE_COMPLETE_2025-11-11.md,docs/specifications/work/implementation_tracks/legacy_imports/specifications_old/parser/v3/Alpha_Phase_1_Archive/status_archive/2025-11-completion-reports/SECURITY_PHASE3_4_8_TOAST_PERSISTENCE_COMPLETE_2025-11-11.md,work/implementation_tracks,regenerated,n/a
docs/specifications_old/parser/v3/Alpha_Phase_1_Archive/status_archive/2025-11-completion-reports/TASK_17_EXECUTIVE_SUMMARY.md,docs/specifications/work/implementation_tracks/legacy_imports/specifications_old/parser/v3/Alpha_Phase_1_Archive/status_archive/2025-11-completion-reports/TASK_17_EXECUTIVE_SUMMARY.md,work/implementation_tracks,regenerated,n/a
docs/specifications_old/parser/v3/Alpha_Phase_1_Archive/status_archive/2025-11-completion-reports/MATHEMATICAL_FUNCTIONS_COMPLETE_2025-11-12.md,docs/specifications/work/implementation_tracks/legacy_imports/specifications_old/parser/v3/Alpha_Phase_1_Archive/status_archive/2025-11-completion-reports/MATHEMATICAL_FUNCTIONS_COMPLETE_2025-11-12.md,work/implementation_tracks,regenerated,n/a
docs/specifications_old/parser/v3/Alpha_Phase_1_Archive/status_archive/2025-11-completion-reports/GIN_COMPLETION_REPORT_2025-11-03.md,docs/specifications/work/implementation_tracks/legacy_imports/specifications_old/parser/v3/Alpha_Phase_1_Archive/status_archive/2025-11-completion-reports/GIN_COMPLETION_REPORT_2025-11-03.md,work/implementation_tracks,regenerated,n/a
docs/specifications_old/parser/v3/Alpha_Phase_1_Archive/status_archive/2025-11-completion-reports/TASK_9_5_IMPLEMENTATION_GUIDE.md,docs/specifications/work/implementation_tracks/legacy_imports/specifications_old/parser/v3/Alpha_Phase_1_Archive/status_archive/2025-11-completion-reports/TASK_9_5_IMPLEMENTATION_GUIDE.md,work/implementation_tracks,regenerated,n/a
docs/specifications_old/parser/v3/Alpha_Phase_1_Archive/status_archive/2025-11-completion-reports/SECURITY_PHASE3_3_5_PARTIAL_2025-11-11.md,docs/specifications/work/implementation_tracks/legacy_imports/specifications_old/parser/v3/Alpha_Phase_1_Archive/status_archive/2025-11-completion-reports/SECURITY_PHASE3_3_5_PARTIAL_2025-11-11.md,work/implementation_tracks,regenerated,n/a
docs/specifications_old/parser/v3/Alpha_Phase_1_Archive/status_archive/2025-11-completion-reports/SECURITY_PHASE3_3_2_COMPLETE_2025-11-11.md,docs/specifications/work/implementation_tracks/legacy_imports/specifications_old/parser/v3/Alpha_Phase_1_Archive/status_archive/2025-11-completion-reports/SECURITY_PHASE3_3_2_COMPLETE_2025-11-11.md,work/implementation_tracks,regenerated,n/a
docs/specifications_old/parser/v3/Alpha_Phase_1_Archive/status_archive/2025-11-completion-reports/SECURITY_PHASE3_2_3_PARTIAL_2025-11-11.md,docs/specifications/work/implementation_tracks/legacy_imports/specifications_old/parser/v3/Alpha_Phase_1_Archive/status_archive/2025-11-completion-reports/SECURITY_PHASE3_2_3_PARTIAL_2025-11-11.md,work/implementation_tracks,regenerated,n/a
docs/specifications_old/parser/v3/Alpha_Phase_1_Archive/status_archive/2025-11-completion-reports/BITMAP_INDEX_COMPLETION_REPORT_2025-11-04.md,docs/specifications/work/implementation_tracks/legacy_imports/specifications_old/parser/v3/Alpha_Phase_1_Archive/status_archive/2025-11-completion-reports/BITMAP_INDEX_COMPLETION_REPORT_2025-11-04.md,work/implementation_tracks,regenerated,n/a
docs/specifications_old/parser/v3/Alpha_Phase_1_Archive/status_archive/2025-11-completion-reports/SECURITY_PHASE2_COMPLETE_2025-11-11.md,docs/specifications/work/implementation_tracks/legacy_imports/specifications_old/parser/v3/Alpha_Phase_1_Archive/status_archive/2025-11-completion-reports/SECURITY_PHASE2_COMPLETE_2025-11-11.md,work/implementation_tracks,regenerated,n/a
docs/specifications_old/parser/v3/Alpha_Phase_1_Archive/status_archive/2025-11-completion-reports/ALPHA_003_PROGRESS.md,docs/specifications/work/implementation_tracks/legacy_imports/specifications_old/parser/v3/Alpha_Phase_1_Archive/status_archive/2025-11-completion-reports/ALPHA_003_PROGRESS.md,work/implementation_tracks,regenerated,n/a
docs/specifications_old/parser/v3/Alpha_Phase_1_Archive/status_archive/2025-11-completion-reports/WAVE_2_PROGRESS_REPORT.md,docs/specifications/work/implementation_tracks/legacy_imports/specifications_old/parser/v3/Alpha_Phase_1_Archive/status_archive/2025-11-completion-reports/WAVE_2_PROGRESS_REPORT.md,work/implementation_tracks,regenerated,n/a
docs/specifications_old/parser/v3/Alpha_Phase_1_Archive/status_archive/2025-11-completion-reports/SECURITY_PHASE3_STATUS_2025-11-11_FINAL.md,docs/specifications/work/implementation_tracks/legacy_imports/specifications_old/parser/v3/Alpha_Phase_1_Archive/status_archive/2025-11-completion-reports/SECURITY_PHASE3_STATUS_2025-11-11_FINAL.md,work/implementation_tracks,regenerated,n/a
docs/specifications_old/parser/v3/Alpha_Phase_1_Archive/status_archive/2025-11-completion-reports/SECURITY_PHASE3_4_5_COMPLETE_2025-11-11.md,docs/specifications/work/implementation_tracks/legacy_imports/specifications_old/parser/v3/Alpha_Phase_1_Archive/status_archive/2025-11-completion-reports/SECURITY_PHASE3_4_5_COMPLETE_2025-11-11.md,work/implementation_tracks,regenerated,n/a
docs/specifications_old/parser/v3/Alpha_Phase_1_Archive/status_archive/2025-11-completion-reports/DATA_TYPE_IMPLEMENTATION_STATUS.md,docs/specifications/work/implementation_tracks/legacy_imports/specifications_old/parser/v3/Alpha_Phase_1_Archive/status_archive/2025-11-completion-reports/DATA_TYPE_IMPLEMENTATION_STATUS.md,work/implementation_tracks,regenerated,n/a
docs/specifications_old/parser/v3/Alpha_Phase_1_Archive/status_archive/2025-11-completion-reports/CATALOG_CORRECTIONS_COMPLETE_2025-11-09.md,docs/specifications/work/implementation_tracks/legacy_imports/specifications_old/parser/v3/Alpha_Phase_1_Archive/status_archive/2025-11-completion-reports/CATALOG_CORRECTIONS_COMPLETE_2025-11-09.md,work/implementation_tracks,regenerated,n/a
docs/specifications_old/parser/v3/Alpha_Phase_1_Archive/status_archive/2025-11-completion-reports/TASK_17_FINAL_SESSION_SUMMARY.md,docs/specifications/work/implementation_tracks/legacy_imports/specifications_old/parser/v3/Alpha_Phase_1_Archive/status_archive/2025-11-completion-reports/TASK_17_FINAL_SESSION_SUMMARY.md,work/implementation_tracks,regenerated,n/a
docs/specifications_old/parser/v3/Alpha_Phase_1_Archive/status_archive/2025-11-completion-reports/DDL_IMPLEMENTATION_STATUS.md,docs/specifications/work/implementation_tracks/legacy_imports/specifications_old/parser/v3/Alpha_Phase_1_Archive/status_archive/2025-11-completion-reports/DDL_IMPLEMENTATION_STATUS.md,work/implementation_tracks,regenerated,n/a
docs/specifications_old/parser/v3/Alpha_Phase_1_Archive/status_archive/2025-11-completion-reports/SECURITY_PHASE2_BYTECODE_COMPLETE_2025-11-10.md,docs/specifications/work/implementation_tracks/legacy_imports/specifications_old/parser/v3/Alpha_Phase_1_Archive/status_archive/2025-11-completion-reports/SECURITY_PHASE2_BYTECODE_COMPLETE_2025-11-10.md,work/implementation_tracks,regenerated,n/a
docs/specifications_old/parser/v3/Alpha_Phase_1_Archive/status_archive/2025-11-completion-reports/HNSW_COMPLETION_REPORT_2025-11-03.md,docs/specifications/work/implementation_tracks/legacy_imports/specifications_old/parser/v3/Alpha_Phase_1_Archive/status_archive/2025-11-completion-reports/HNSW_COMPLETION_REPORT_2025-11-03.md,work/implementation_tracks,regenerated,n/a
docs/specifications_old/parser/v3/Alpha_Phase_1_Archive/status_archive/2025-11-completion-reports/SECURITY_PHASE3_4_7_RUNTIME_EVALUATION_COMPLETE_2025-11-11.md,docs/specifications/work/implementation_tracks/legacy_imports/specifications_old/parser/v3/Alpha_Phase_1_Archive/status_archive/2025-11-completion-reports/SECURITY_PHASE3_4_7_RUNTIME_EVALUATION_COMPLETE_2025-11-11.md,work/implementation_tracks,regenerated,n/a
docs/specifications_old/parser/v3/Alpha_Phase_1_Archive/status_archive/2025-11-completion-reports/INDEX_IMPLEMENTATION_STATUS.md,docs/specifications/work/implementation_tracks/legacy_imports/specifications_old/parser/v3/Alpha_Phase_1_Archive/status_archive/2025-11-completion-reports/INDEX_IMPLEMENTATION_STATUS.md,work/implementation_tracks,regenerated,n/a
docs/specifications_old/parser/v3/Alpha_Phase_1_Archive/status_archive/2025-11-completion-reports/PHASE4_NEW_INDEX_TYPES_DEPENDENCY_ANALYSIS.md,docs/specifications/work/implementation_tracks/legacy_imports/specifications_old/parser/v3/Alpha_Phase_1_Archive/status_archive/2025-11-completion-reports/PHASE4_NEW_INDEX_TYPES_DEPENDENCY_ANALYSIS.md,work/implementation_tracks,regenerated,n/a
docs/specifications_old/parser/v3/Alpha_Phase_1_Archive/status_archive/2025-11-completion-reports/WAVE_3_AGENT_PERMISSIONS.md,docs/specifications/work/implementation_tracks/legacy_imports/specifications_old/parser/v3/Alpha_Phase_1_Archive/status_archive/2025-11-completion-reports/WAVE_3_AGENT_PERMISSIONS.md,work/implementation_tracks,regenerated,n/a
docs/specifications_old/parser/v3/Alpha_Phase_1_Archive/status_archive/2025-11-completion-reports/SECURITY_PHASE3_4_3_COMPLETE_2025-11-11.md,docs/specifications/work/implementation_tracks/legacy_imports/specifications_old/parser/v3/Alpha_Phase_1_Archive/status_archive/2025-11-completion-reports/SECURITY_PHASE3_4_3_COMPLETE_2025-11-11.md,work/implementation_tracks,regenerated,n/a
docs/specifications_old/parser/v3/Alpha_Phase_1_Archive/status_archive/2025-11-completion-reports/PHASE_1.5_GPID_MIGRATION_COMPLETE_2025-11-06.md,docs/specifications/work/implementation_tracks/legacy_imports/specifications_old/parser/v3/Alpha_Phase_1_Archive/status_archive/2025-11-completion-reports/PHASE_1.5_GPID_MIGRATION_COMPLETE_2025-11-06.md,work/implementation_tracks,regenerated,n/a
docs/specifications_old/parser/v3/Alpha_Phase_1_Archive/status_archive/2025-11-completion-reports/BRIN_COMPLETION_REPORT_2025-11-03.md,docs/specifications/work/implementation_tracks/legacy_imports/specifications_old/parser/v3/Alpha_Phase_1_Archive/status_archive/2025-11-completion-reports/BRIN_COMPLETION_REPORT_2025-11-03.md,work/implementation_tracks,regenerated,n/a
docs/specifications_old/parser/v3/Alpha_Phase_1_Archive/status_archive/2025-11-completion-reports/LSM_TREE_COMPLETION_REPORT_2025-11-05.md,docs/specifications/work/implementation_tracks/legacy_imports/specifications_old/parser/v3/Alpha_Phase_1_Archive/status_archive/2025-11-completion-reports/LSM_TREE_COMPLETION_REPORT_2025-11-05.md,work/implementation_tracks,regenerated,n/a
docs/specifications_old/parser/v3/Alpha_Phase_1_Archive/status_archive/2025-11-completion-reports/HNSW_INDEX_IMPLEMENTATION_SUMMARY.md,docs/specifications/work/implementation_tracks/legacy_imports/specifications_old/parser/v3/Alpha_Phase_1_Archive/status_archive/2025-11-completion-reports/HNSW_INDEX_IMPLEMENTATION_SUMMARY.md,work/implementation_tracks,regenerated,n/a
docs/specifications_old/parser/v3/Alpha_Phase_1_Archive/status_archive/2025-11-completion-reports/SECURITY_PHASE2_FINAL_STATUS_2025-11-10.md,docs/specifications/work/implementation_tracks/legacy_imports/specifications_old/parser/v3/Alpha_Phase_1_Archive/status_archive/2025-11-completion-reports/SECURITY_PHASE2_FINAL_STATUS_2025-11-10.md,work/implementation_tracks,regenerated,n/a
docs/specifications_old/parser/v3/Alpha_Phase_1_Archive/status_archive/2025-11-completion-reports/SECURITY_PHASE3_3_COMPLETE_2025-11-11.md,docs/specifications/work/implementation_tracks/legacy_imports/specifications_old/parser/v3/Alpha_Phase_1_Archive/status_archive/2025-11-completion-reports/SECURITY_PHASE3_3_COMPLETE_2025-11-11.md,work/implementation_tracks,regenerated,n/a
docs/specifications_old/parser/v3/Alpha_Phase_1_Archive/status_archive/2025-11-completion-reports/FK_PHASE_C_COMPLETE_2025-11-14.md,docs/specifications/work/implementation_tracks/legacy_imports/specifications_old/parser/v3/Alpha_Phase_1_Archive/status_archive/2025-11-completion-reports/FK_PHASE_C_COMPLETE_2025-11-14.md,work/implementation_tracks,regenerated,n/a
docs/specifications_old/parser/v3/Alpha_Phase_1_Archive/status_archive/2025-11-completion-reports/SECURITY_PHASE3_4_2_COMPLETE_2025-11-11.md,docs/specifications/work/implementation_tracks/legacy_imports/specifications_old/parser/v3/Alpha_Phase_1_Archive/status_archive/2025-11-completion-reports/SECURITY_PHASE3_4_2_COMPLETE_2025-11-11.md,work/implementation_tracks,regenerated,n/a
docs/specifications_old/parser/v3/Alpha_Phase_1_Archive/status_archive/2025-11-completion-reports/BUILD_FIXES_2025-11-07.md,docs/specifications/work/implementation_tracks/legacy_imports/specifications_old/parser/v3/Alpha_Phase_1_Archive/status_archive/2025-11-completion-reports/BUILD_FIXES_2025-11-07.md,work/implementation_tracks,regenerated,n/a
docs/specifications_old/parser/v3/Alpha_Phase_1_Archive/status_archive/2025-11-completion-reports/TASK_17_MGA_COMPLIANCE_COMPLETE_SUMMARY.md,docs/specifications/work/implementation_tracks/legacy_imports/specifications_old/parser/v3/Alpha_Phase_1_Archive/status_archive/2025-11-completion-reports/TASK_17_MGA_COMPLIANCE_COMPLETE_SUMMARY.md,work/implementation_tracks,regenerated,n/a
docs/specifications_old/parser/v3/Alpha_Phase_1_Archive/status_archive/2025-11-completion-reports/FEATURE_BRANCH_CREATED_2025-11-08.md,docs/specifications/work/implementation_tracks/legacy_imports/specifications_old/parser/v3/Alpha_Phase_1_Archive/status_archive/2025-11-completion-reports/FEATURE_BRANCH_CREATED_2025-11-08.md,work/implementation_tracks,regenerated,n/a
docs/specifications_old/parser/v3/Alpha_Phase_1_Archive/status_archive/2025-11-completion-reports/PHASE_1_5_TID_MIGRATION_STATUS.md,docs/specifications/work/implementation_tracks/legacy_imports/specifications_old/parser/v3/Alpha_Phase_1_Archive/status_archive/2025-11-completion-reports/PHASE_1_5_TID_MIGRATION_STATUS.md,work/implementation_tracks,regenerated,n/a
docs/specifications_old/parser/v3/Alpha_Phase_1_Archive/status_archive/2025-11-completion-reports/TASK_17_SESSION_REPORT.md,docs/specifications/work/implementation_tracks/legacy_imports/specifications_old/parser/v3/Alpha_Phase_1_Archive/status_archive/2025-11-completion-reports/TASK_17_SESSION_REPORT.md,work/implementation_tracks,regenerated,n/a
docs/specifications_old/parser/v3/Alpha_Phase_1_Archive/status_archive/2025-11-completion-reports/DOCUMENTATION_UPDATE_SUMMARY.md,docs/specifications/work/implementation_tracks/legacy_imports/specifications_old/parser/v3/Alpha_Phase_1_Archive/status_archive/2025-11-completion-reports/DOCUMENTATION_UPDATE_SUMMARY.md,work/implementation_tracks,regenerated,n/a
docs/specifications_old/parser/v3/Alpha_Phase_1_Archive/status_archive/2025-11-completion-reports/CATALOG_CORRECTION_SESSION_2025-11-08.md,docs/specifications/work/implementation_tracks/legacy_imports/specifications_old/parser/v3/Alpha_Phase_1_Archive/status_archive/2025-11-completion-reports/CATALOG_CORRECTION_SESSION_2025-11-08.md,work/implementation_tracks,regenerated,n/a
docs/specifications_old/parser/v3/Alpha_Phase_1_Archive/status_archive/2025-11-completion-reports/ALPHA_003_AUDIT_FINDINGS.md,docs/specifications/work/implementation_tracks/legacy_imports/specifications_old/parser/v3/Alpha_Phase_1_Archive/status_archive/2025-11-completion-reports/ALPHA_003_AUDIT_FINDINGS.md,work/implementation_tracks,regenerated,n/a
docs/specifications_old/parser/v3/Alpha_Phase_1_Archive/status_archive/2025-11-completion-reports/SESSION_SUMMARY_2025-11-07.md,docs/specifications/work/implementation_tracks/legacy_imports/specifications_old/parser/v3/Alpha_Phase_1_Archive/status_archive/2025-11-completion-reports/SESSION_SUMMARY_2025-11-07.md,work/implementation_tracks,regenerated,n/a
docs/specifications_old/parser/v3/Alpha_Phase_1_Archive/status_archive/2025-11-completion-reports/SECURITY_PHASE3_4_6_DEFERRED_2025-11-11.md,docs/specifications/work/implementation_tracks/legacy_imports/specifications_old/parser/v3/Alpha_Phase_1_Archive/status_archive/2025-11-completion-reports/SECURITY_PHASE3_4_6_DEFERRED_2025-11-11.md,work/implementation_tracks,regenerated,n/a
docs/specifications_old/parser/v3/Alpha_Phase_1_Archive/status_archive/2025-11-completion-reports/TASK_17_MGA_COMPLIANCE_ANALYSIS.md,docs/specifications/work/implementation_tracks/legacy_imports/specifications_old/parser/v3/Alpha_Phase_1_Archive/status_archive/2025-11-completion-reports/TASK_17_MGA_COMPLIANCE_ANALYSIS.md,work/implementation_tracks,regenerated,n/a
docs/specifications_old/parser/v3/Alpha_Phase_1_Archive/status_archive/2025-11-completion-reports/TASK_17_PHASE_10_12_STATUS.md,docs/specifications/work/implementation_tracks/legacy_imports/specifications_old/parser/v3/Alpha_Phase_1_Archive/status_archive/2025-11-completion-reports/TASK_17_PHASE_10_12_STATUS.md,work/implementation_tracks,regenerated,n/a
docs/specifications_old/parser/v3/Alpha_Phase_1_Archive/status_archive/2025-11-completion-reports/ALL_INDEX_WORK_COMPLETE_2025-11-06.md,docs/specifications/work/implementation_tracks/legacy_imports/specifications_old/parser/v3/Alpha_Phase_1_Archive/status_archive/2025-11-completion-reports/ALL_INDEX_WORK_COMPLETE_2025-11-06.md,work/implementation_tracks,regenerated,n/a
docs/specifications_old/parser/v3/Alpha_Phase_1_Archive/status_archive/2025-11-completion-reports/TASK_DML_1_GIN_INDEX_DML_INTEGRATION.md,docs/specifications/work/implementation_tracks/legacy_imports/specifications_old/parser/v3/Alpha_Phase_1_Archive/status_archive/2025-11-completion-reports/TASK_DML_1_GIN_INDEX_DML_INTEGRATION.md,work/implementation_tracks,regenerated,n/a
docs/specifications_old/parser/v3/Alpha_Phase_1_Archive/status_archive/2025-11-completion-reports/PROGRESS_UPDATE_2025-11-06-EVENING.md,docs/specifications/work/implementation_tracks/legacy_imports/specifications_old/parser/v3/Alpha_Phase_1_Archive/status_archive/2025-11-completion-reports/PROGRESS_UPDATE_2025-11-06-EVENING.md,work/implementation_tracks,regenerated,n/a
docs/specifications_old/parser/v3/Alpha_Phase_1_Archive/status_archive/2025-11-completion-reports/SECURITY_PHASE3_4_1_COMPLETE_2025-11-11.md,docs/specifications/work/implementation_tracks/legacy_imports/specifications_old/parser/v3/Alpha_Phase_1_Archive/status_archive/2025-11-completion-reports/SECURITY_PHASE3_4_1_COMPLETE_2025-11-11.md,work/implementation_tracks,regenerated,n/a
docs/specifications_old/parser/v3/Alpha_Phase_1_Archive/status_archive/2025-11-completion-reports/SESSION_2025-11-11_PHASE3_2_3.md,docs/specifications/work/implementation_tracks/legacy_imports/specifications_old/parser/v3/Alpha_Phase_1_Archive/status_archive/2025-11-completion-reports/SESSION_2025-11-11_PHASE3_2_3.md,work/implementation_tracks,regenerated,n/a
docs/specifications_old/parser/v3/Alpha_Phase_1_Archive/status_archive/2025-11-completion-reports/DDL_MODIFICATIONS_COMPLETE_2025-11-07.md,docs/specifications/work/implementation_tracks/legacy_imports/specifications_old/parser/v3/Alpha_Phase_1_Archive/status_archive/2025-11-completion-reports/DDL_MODIFICATIONS_COMPLETE_2025-11-07.md,work/implementation_tracks,regenerated,n/a
docs/specifications_old/parser/v3/Alpha_Phase_1_Archive/status_archive/2025-11-completion-reports/P3_HNSW_DISTANCE_METRICS_COMPLETE_2025-11-06.md,docs/specifications/work/implementation_tracks/legacy_imports/specifications_old/parser/v3/Alpha_Phase_1_Archive/status_archive/2025-11-completion-reports/P3_HNSW_DISTANCE_METRICS_COMPLETE_2025-11-06.md,work/implementation_tracks,regenerated,n/a
docs/specifications_old/parser/v3/Alpha_Phase_1_Archive/status_archive/2025-11-completion-reports/CONSTRAINTS_COMPLETE_2025-11-13.md,docs/specifications/work/implementation_tracks/legacy_imports/specifications_old/parser/v3/Alpha_Phase_1_Archive/status_archive/2025-11-completion-reports/CONSTRAINTS_COMPLETE_2025-11-13.md,work/implementation_tracks,regenerated,n/a
docs/specifications_old/parser/v3/Alpha_Phase_1_Archive/status_archive/2025-11-completion-reports/SECURITY_PHASE2_PROGRESS_2025-11-10.md,docs/specifications/work/implementation_tracks/legacy_imports/specifications_old/parser/v3/Alpha_Phase_1_Archive/status_archive/2025-11-completion-reports/SECURITY_PHASE2_PROGRESS_2025-11-10.md,work/implementation_tracks,regenerated,n/a
docs/specifications_old/parser/v3/Alpha_Phase_1_Archive/status_archive/2025-11-completion-reports/WAVE_2_COMPLETION_SUMMARY.md,docs/specifications/work/implementation_tracks/legacy_imports/specifications_old/parser/v3/Alpha_Phase_1_Archive/status_archive/2025-11-completion-reports/WAVE_2_COMPLETION_SUMMARY.md,work/implementation_tracks,regenerated,n/a
docs/specifications_old/parser/v3/Alpha_Phase_1_Archive/status_archive/2025-11-completion-reports/MGA_ALPHA_STATUS.md,docs/specifications/work/implementation_tracks/legacy_imports/specifications_old/parser/v3/Alpha_Phase_1_Archive/status_archive/2025-11-completion-reports/MGA_ALPHA_STATUS.md,work/implementation_tracks,regenerated,n/a
docs/specifications_old/parser/v3/Alpha_Phase_1_Archive/status_archive/2025-11-completion-reports/PHASE_2_COMPLETION_PLAN.md,docs/specifications/work/implementation_tracks/legacy_imports/specifications_old/parser/v3/Alpha_Phase_1_Archive/status_archive/2025-11-completion-reports/PHASE_2_COMPLETION_PLAN.md,work/implementation_tracks,regenerated,n/a
docs/specifications_old/parser/v3/Alpha_Phase_1_Archive/status_archive/2025-11-completion-reports/SECURITY_PHASE3_3_1_COMPLETE_2025-11-11.md,docs/specifications/work/implementation_tracks/legacy_imports/specifications_old/parser/v3/Alpha_Phase_1_Archive/status_archive/2025-11-completion-reports/SECURITY_PHASE3_3_1_COMPLETE_2025-11-11.md,work/implementation_tracks,regenerated,n/a
docs/specifications_old/parser/v3/Alpha_Phase_1_Archive/status_archive/2025-11-completion-reports/DDL_COMPLETE_2025-11-07.md,docs/specifications/work/implementation_tracks/legacy_imports/specifications_old/parser/v3/Alpha_Phase_1_Archive/status_archive/2025-11-completion-reports/DDL_COMPLETE_2025-11-07.md,work/implementation_tracks,regenerated,n/a
docs/specifications_old/parser/v3/Alpha_Phase_1_Archive/status_archive/2025-11-completion-reports/PHASE2_GC_COMPLETION_SUMMARY.md,docs/specifications/work/implementation_tracks/legacy_imports/specifications_old/parser/v3/Alpha_Phase_1_Archive/status_archive/2025-11-completion-reports/PHASE2_GC_COMPLETION_SUMMARY.md,work/implementation_tracks,regenerated,n/a
docs/specifications_old/parser/v3/Alpha_Phase_1_Archive/status_archive/2025-11-completion-reports/GIST_COMPLETION_REPORT_2025-11-04.md,docs/specifications/work/implementation_tracks/legacy_imports/specifications_old/parser/v3/Alpha_Phase_1_Archive/status_archive/2025-11-completion-reports/GIST_COMPLETION_REPORT_2025-11-04.md,work/implementation_tracks,regenerated,n/a
docs/specifications_old/parser/v3/Alpha_Phase_1_Archive/status_archive/2025-11-completion-reports/SECURITY_PHASE3_0_COMPLETE_2025-11-11.md,docs/specifications/work/implementation_tracks/legacy_imports/specifications_old/parser/v3/Alpha_Phase_1_Archive/status_archive/2025-11-completion-reports/SECURITY_PHASE3_0_COMPLETE_2025-11-11.md,work/implementation_tracks,regenerated,n/a
docs/specifications_old/parser/v3/Alpha_Phase_1_Archive/status_archive/2025-11-completion-reports/FK_PHASE_B_COMPLETE_2025-11-14.md,docs/specifications/work/implementation_tracks/legacy_imports/specifications_old/parser/v3/Alpha_Phase_1_Archive/status_archive/2025-11-completion-reports/FK_PHASE_B_COMPLETE_2025-11-14.md,work/implementation_tracks,regenerated,n/a
docs/specifications_old/parser/v3/Alpha_Phase_1_Archive/status_archive/2025-11-completion-reports/SECURITY_PHASE2_PARSER_COMPLETE_2025-11-10.md,docs/specifications/work/implementation_tracks/legacy_imports/specifications_old/parser/v3/Alpha_Phase_1_Archive/status_archive/2025-11-completion-reports/SECURITY_PHASE2_PARSER_COMPLETE_2025-11-10.md,work/implementation_tracks,regenerated,n/a
docs/specifications_old/parser/v3/Alpha_Phase_1_Archive/status_archive/2025-11-completion-reports/SESSION_2025-11-11_PHASE3_4_STARTED.md,docs/specifications/work/implementation_tracks/legacy_imports/specifications_old/parser/v3/Alpha_Phase_1_Archive/status_archive/2025-11-completion-reports/SESSION_2025-11-11_PHASE3_4_STARTED.md,work/implementation_tracks,regenerated,n/a
docs/specifications_old/parser/v3/Alpha_Phase_1_Archive/status_archive/2025-11-completion-reports/CHECK_PARSER_COMPLETE_2025-11-13.md,docs/specifications/work/implementation_tracks/legacy_imports/specifications_old/parser/v3/Alpha_Phase_1_Archive/status_archive/2025-11-completion-reports/CHECK_PARSER_COMPLETE_2025-11-13.md,work/implementation_tracks,regenerated,n/a
docs/specifications_old/parser/v3/Alpha_Phase_1_Archive/status_archive/2025-11-completion-reports/SECURITY_PHASE3_4_4_COMPLETE_2025-11-11.md,docs/specifications/work/implementation_tracks/legacy_imports/specifications_old/parser/v3/Alpha_Phase_1_Archive/status_archive/2025-11-completion-reports/SECURITY_PHASE3_4_4_COMPLETE_2025-11-11.md,work/implementation_tracks,regenerated,n/a
docs/specifications_old/parser/v3/Alpha_Phase_1_Archive/status_archive/2025-11-completion-reports/FK_PHASE_A_ENFORCEMENT_COMPLETE_2025-11-14.md,docs/specifications/work/implementation_tracks/legacy_imports/specifications_old/parser/v3/Alpha_Phase_1_Archive/status_archive/2025-11-completion-reports/FK_PHASE_A_ENFORCEMENT_COMPLETE_2025-11-14.md,work/implementation_tracks,regenerated,n/a
docs/specifications_old/parser/v3/Alpha_Phase_1_Archive/status_archive/2025-11-completion-reports/TASK_17_MGA_PHASE_1_3_ASSESSMENT.md,docs/specifications/work/implementation_tracks/legacy_imports/specifications_old/parser/v3/Alpha_Phase_1_Archive/status_archive/2025-11-completion-reports/TASK_17_MGA_PHASE_1_3_ASSESSMENT.md,work/implementation_tracks,regenerated,n/a
docs/specifications_old/parser/v3/Alpha_Phase_1_Archive/status_archive/2025-11-completion-reports/TASK_17_MGA_INFRASTRUCTURE_ASSESSMENT.md,docs/specifications/work/implementation_tracks/legacy_imports/specifications_old/parser/v3/Alpha_Phase_1_Archive/status_archive/2025-11-completion-reports/TASK_17_MGA_INFRASTRUCTURE_ASSESSMENT.md,work/implementation_tracks,regenerated,n/a
docs/specifications_old/parser/v3/Alpha_Phase_1_Archive/status_archive/2025-11-completion-reports/WAVE_1_SESSION_HANDOFF.md,docs/specifications/work/implementation_tracks/legacy_imports/specifications_old/parser/v3/Alpha_Phase_1_Archive/status_archive/2025-11-completion-reports/WAVE_1_SESSION_HANDOFF.md,work/implementation_tracks,regenerated,n/a
docs/specifications_old/parser/v3/Alpha_Phase_1_Archive/status_archive/2025-11-completion-reports/COLUMNSTORE_IMPLEMENTATION_ROADMAP_2025-11-04.md,docs/specifications/work/implementation_tracks/legacy_imports/specifications_old/parser/v3/Alpha_Phase_1_Archive/status_archive/2025-11-completion-reports/COLUMNSTORE_IMPLEMENTATION_ROADMAP_2025-11-04.md,work/implementation_tracks,regenerated,n/a
docs/specifications_old/parser/v3/Alpha_Phase_1_Archive/status_archive/2025-11-completion-reports/SESSION_2025-11-11_PHASE3_4_PROGRESS.md,docs/specifications/work/implementation_tracks/legacy_imports/specifications_old/parser/v3/Alpha_Phase_1_Archive/status_archive/2025-11-completion-reports/SESSION_2025-11-11_PHASE3_4_PROGRESS.md,work/implementation_tracks,regenerated,n/a
docs/specifications_old/parser/v3/Alpha_Phase_1_Archive/status_archive/2025-11-completion-reports/TASK_17_MGA_SESSION_SUMMARY.md,docs/specifications/work/implementation_tracks/legacy_imports/specifications_old/parser/v3/Alpha_Phase_1_Archive/status_archive/2025-11-completion-reports/TASK_17_MGA_SESSION_SUMMARY.md,work/implementation_tracks,regenerated,n/a
docs/specifications_old/parser/v3/Alpha_Phase_1_Archive/status_archive/2025-11-completion-reports/ALPHA_ENGINE_READINESS_SUMMARY.md,docs/specifications/work/implementation_tracks/legacy_imports/specifications_old/parser/v3/Alpha_Phase_1_Archive/status_archive/2025-11-completion-reports/ALPHA_ENGINE_READINESS_SUMMARY.md,work/implementation_tracks,regenerated,n/a
docs/specifications_old/parser/v3/Alpha_Phase_1_Archive/status_archive/phase_completions/PHASE5_TESTING_VALIDATION_COMPLETE.md,docs/specifications/work/implementation_tracks/legacy_imports/specifications_old/parser/v3/Alpha_Phase_1_Archive/status_archive/phase_completions/PHASE5_TESTING_VALIDATION_COMPLETE.md,work/implementation_tracks,regenerated,n/a
docs/specifications_old/parser/v3/Alpha_Phase_1_Archive/status_archive/phase_completions/TABLESPACE_IMPLEMENTATION_COMPLETE.md,docs/specifications/work/implementation_tracks/legacy_imports/specifications_old/parser/v3/Alpha_Phase_1_Archive/status_archive/phase_completions/TABLESPACE_IMPLEMENTATION_COMPLETE.md,work/implementation_tracks,regenerated,n/a
docs/specifications_old/parser/v3/Alpha_Phase_1_Archive/status_archive/phase_completions/PHASE_2_TASK_9_3_GEOMETRY_CONSTRUCTORS_COMPLETE.md,docs/specifications/work/implementation_tracks/legacy_imports/specifications_old/parser/v3/Alpha_Phase_1_Archive/status_archive/phase_completions/PHASE_2_TASK_9_3_GEOMETRY_CONSTRUCTORS_COMPLETE.md,work/implementation_tracks,regenerated,n/a
docs/specifications_old/parser/v3/Alpha_Phase_1_Archive/status_archive/phase_completions/ALPHA_002_PHASE_5_COMPLETE.md,docs/specifications/work/implementation_tracks/legacy_imports/specifications_old/parser/v3/Alpha_Phase_1_Archive/status_archive/phase_completions/ALPHA_002_PHASE_5_COMPLETE.md,work/implementation_tracks,regenerated,n/a
docs/specifications_old/parser/v3/Alpha_Phase_1_Archive/status_archive/phase_completions/TASK_17_PHASE_9_COMPLETE.md,docs/specifications/work/implementation_tracks/legacy_imports/specifications_old/parser/v3/Alpha_Phase_1_Archive/status_archive/phase_completions/TASK_17_PHASE_9_COMPLETE.md,work/implementation_tracks,regenerated,n/a
docs/specifications_old/parser/v3/Alpha_Phase_1_Archive/status_archive/phase_completions/TASK_12_ARRAY_FUNCTIONS_COMPLETE.md,docs/specifications/work/implementation_tracks/legacy_imports/specifications_old/parser/v3/Alpha_Phase_1_Archive/status_archive/phase_completions/TASK_12_ARRAY_FUNCTIONS_COMPLETE.md,work/implementation_tracks,regenerated,n/a
docs/specifications_old/parser/v3/Alpha_Phase_1_Archive/status_archive/phase_completions/TASK_17_MGA_PHASE_1_COMPLETE.md,docs/specifications/work/implementation_tracks/legacy_imports/specifications_old/parser/v3/Alpha_Phase_1_Archive/status_archive/phase_completions/TASK_17_MGA_PHASE_1_COMPLETE.md,work/implementation_tracks,regenerated,n/a
docs/specifications_old/parser/v3/Alpha_Phase_1_Archive/status_archive/phase_completions/PHASE6_DOCUMENTATION_OPTIMIZATION_COMPLETE.md,docs/specifications/work/implementation_tracks/legacy_imports/specifications_old/parser/v3/Alpha_Phase_1_Archive/status_archive/phase_completions/PHASE6_DOCUMENTATION_OPTIMIZATION_COMPLETE.md,work/implementation_tracks,regenerated,n/a
docs/specifications_old/parser/v3/Alpha_Phase_1_Archive/status_archive/phase_completions/PHASE_1_INT128_UINT_COMPLETE.md,docs/specifications/work/implementation_tracks/legacy_imports/specifications_old/parser/v3/Alpha_Phase_1_Archive/status_archive/phase_completions/PHASE_1_INT128_UINT_COMPLETE.md,work/implementation_tracks,regenerated,n/a
docs/specifications_old/parser/v3/Alpha_Phase_1_Archive/status_archive/phase_completions/MGA_COMPLIANCE_COMPLETE.md,docs/specifications/work/implementation_tracks/legacy_imports/specifications_old/parser/v3/Alpha_Phase_1_Archive/status_archive/phase_completions/MGA_COMPLIANCE_COMPLETE.md,work/implementation_tracks,regenerated,n/a
docs/specifications_old/parser/v3/Alpha_Phase_1_Archive/status_archive/phase_completions/PHASE_2_TASK_9_SPATIAL_COMPLETE.md,docs/specifications/work/implementation_tracks/legacy_imports/specifications_old/parser/v3/Alpha_Phase_1_Archive/status_archive/phase_completions/PHASE_2_TASK_9_SPATIAL_COMPLETE.md,work/implementation_tracks,regenerated,n/a
docs/specifications_old/parser/v3/Alpha_Phase_1_Archive/status_archive/phase_completions/TASK_17_PHASE_8_COMPLETE.md,docs/specifications/work/implementation_tracks/legacy_imports/specifications_old/parser/v3/Alpha_Phase_1_Archive/status_archive/phase_completions/TASK_17_PHASE_8_COMPLETE.md,work/implementation_tracks,regenerated,n/a
docs/specifications_old/parser/v3/Alpha_Phase_1_Archive/status_archive/phase_completions/ALPHA_003_GIN_PHASE_6_COMPLETE.md,docs/specifications/work/implementation_tracks/legacy_imports/specifications_old/parser/v3/Alpha_Phase_1_Archive/status_archive/phase_completions/ALPHA_003_GIN_PHASE_6_COMPLETE.md,work/implementation_tracks,regenerated,n/a
docs/specifications_old/parser/v3/Alpha_Phase_1_Archive/status_archive/phase_completions/TASK_17_MGA_PHASE_3_1_COMPLETE.md,docs/specifications/work/implementation_tracks/legacy_imports/specifications_old/parser/v3/Alpha_Phase_1_Archive/status_archive/phase_completions/TASK_17_MGA_PHASE_3_1_COMPLETE.md,work/implementation_tracks,regenerated,n/a
docs/specifications_old/parser/v3/Alpha_Phase_1_Archive/status_archive/phase_completions/TASK_9_SPATIAL_INTEGRATION_COMPLETE.md,docs/specifications/work/implementation_tracks/legacy_imports/specifications_old/parser/v3/Alpha_Phase_1_Archive/status_archive/phase_completions/TASK_9_SPATIAL_INTEGRATION_COMPLETE.md,work/implementation_tracks,regenerated,n/a
docs/specifications_old/parser/v3/Alpha_Phase_1_Archive/status_archive/phase_completions/TASK_17_MGA_PHASE_2_1_COMPLETE.md,docs/specifications/work/implementation_tracks/legacy_imports/specifications_old/parser/v3/Alpha_Phase_1_Archive/status_archive/phase_completions/TASK_17_MGA_PHASE_2_1_COMPLETE.md,work/implementation_tracks,regenerated,n/a
docs/specifications_old/parser/v3/Alpha_Phase_1_Archive/status_archive/phase_completions/ALPHA_002_PHASE_3_COMPLETE.md,docs/specifications/work/implementation_tracks/legacy_imports/specifications_old/parser/v3/Alpha_Phase_1_Archive/status_archive/phase_completions/ALPHA_002_PHASE_3_COMPLETE.md,work/implementation_tracks,regenerated,n/a
docs/specifications_old/parser/v3/Alpha_Phase_1_Archive/status_archive/phase_completions/PHASE_3_INTERVAL_TYPE_COMPLETE.md,docs/specifications/work/implementation_tracks/legacy_imports/specifications_old/parser/v3/Alpha_Phase_1_Archive/status_archive/phase_completions/PHASE_3_INTERVAL_TYPE_COMPLETE.md,work/implementation_tracks,regenerated,n/a
docs/specifications_old/parser/v3/Alpha_Phase_1_Archive/status_archive/phase_completions/TASK_17_PHASE_8_9_MATCHER_FIXES_COMPLETE.md,docs/specifications/work/implementation_tracks/legacy_imports/specifications_old/parser/v3/Alpha_Phase_1_Archive/status_archive/phase_completions/TASK_17_PHASE_8_9_MATCHER_FIXES_COMPLETE.md,work/implementation_tracks,regenerated,n/a
docs/specifications_old/parser/v3/Alpha_Phase_1_Archive/status_archive/phase_completions/TASK_15_RANGE_TYPES_COMPLETE.md,docs/specifications/work/implementation_tracks/legacy_imports/specifications_old/parser/v3/Alpha_Phase_1_Archive/status_archive/phase_completions/TASK_15_RANGE_TYPES_COMPLETE.md,work/implementation_tracks,regenerated,n/a
docs/specifications_old/parser/v3/Alpha_Phase_1_Archive/status_archive/phase_completions/TASK_17_PHASE_7_COMPLETE.md,docs/specifications/work/implementation_tracks/legacy_imports/specifications_old/parser/v3/Alpha_Phase_1_Archive/status_archive/phase_completions/TASK_17_PHASE_7_COMPLETE.md,work/implementation_tracks,regenerated,n/a
docs/specifications_old/parser/v3/Alpha_Phase_1_Archive/status_archive/phase_completions/PHASE4_CATALOG_READ_SAFETY_COMPLETE.md,docs/specifications/work/implementation_tracks/legacy_imports/specifications_old/parser/v3/Alpha_Phase_1_Archive/status_archive/phase_completions/PHASE4_CATALOG_READ_SAFETY_COMPLETE.md,work/implementation_tracks,regenerated,n/a
docs/specifications_old/parser/v3/Alpha_Phase_1_Archive/status_archive/phase_completions/PHASE3_STORAGE_ENGINE_INTEGRATION_COMPLETE.md,docs/specifications/work/implementation_tracks/legacy_imports/specifications_old/parser/v3/Alpha_Phase_1_Archive/status_archive/phase_completions/PHASE3_STORAGE_ENGINE_INTEGRATION_COMPLETE.md,work/implementation_tracks,regenerated,n/a
docs/specifications_old/parser/v3/Alpha_Phase_1_Archive/status_archive/phase_completions/PHASE2_CATALOG_STORAGE_EXPANSION_COMPLETE.md,docs/specifications/work/implementation_tracks/legacy_imports/specifications_old/parser/v3/Alpha_Phase_1_Archive/status_archive/phase_completions/PHASE2_CATALOG_STORAGE_EXPANSION_COMPLETE.md,work/implementation_tracks,regenerated,n/a
docs/specifications_old/parser/v3/Alpha_Phase_1_Archive/status_archive/phase_completions/TASK_17_FOUNDATION_COMPLETE.md,docs/specifications/work/implementation_tracks/legacy_imports/specifications_old/parser/v3/Alpha_Phase_1_Archive/status_archive/phase_completions/TASK_17_FOUNDATION_COMPLETE.md,work/implementation_tracks,regenerated,n/a
docs/specifications_old/parser/v3/Alpha_Phase_1_Archive/status_archive/phase_completions/ALPHA_003_GIN_PHASE_4_COMPLETE.md,docs/specifications/work/implementation_tracks/legacy_imports/specifications_old/parser/v3/Alpha_Phase_1_Archive/status_archive/phase_completions/ALPHA_003_GIN_PHASE_4_COMPLETE.md,work/implementation_tracks,regenerated,n/a
docs/specifications_old/parser/v3/Alpha_Phase_1_Archive/status_archive/phase_completions/PHASE2_IMPLEMENTATION_STATUS_REPORT.md,docs/specifications/work/implementation_tracks/legacy_imports/specifications_old/parser/v3/Alpha_Phase_1_Archive/status_archive/phase_completions/PHASE2_IMPLEMENTATION_STATUS_REPORT.md,work/implementation_tracks,regenerated,n/a
docs/specifications_old/parser/v3/Alpha_Phase_1_Archive/status_archive/phase_completions/PHASE6_DOCUMENTATION_COMPLETE.md,docs/specifications/work/implementation_tracks/legacy_imports/specifications_old/parser/v3/Alpha_Phase_1_Archive/status_archive/phase_completions/PHASE6_DOCUMENTATION_COMPLETE.md,work/implementation_tracks,regenerated,n/a
docs/specifications_old/parser/v3/Alpha_Phase_1_Archive/status_archive/phase_completions/TASK_9_2_RTREE_PLANNER_COMPLETE.md,docs/specifications/work/implementation_tracks/legacy_imports/specifications_old/parser/v3/Alpha_Phase_1_Archive/status_archive/phase_completions/TASK_9_2_RTREE_PLANNER_COMPLETE.md,work/implementation_tracks,regenerated,n/a
docs/specifications_old/parser/v3/Alpha_Phase_1_Archive/status_archive/phase_completions/PHASE5_SQL_UTF8_TESTING_COMPLETE.md,docs/specifications/work/implementation_tracks/legacy_imports/specifications_old/parser/v3/Alpha_Phase_1_Archive/status_archive/phase_completions/PHASE5_SQL_UTF8_TESTING_COMPLETE.md,work/implementation_tracks,regenerated,n/a
docs/specifications_old/parser/v3/Alpha_Phase_1_Archive/status_archive/phase_completions/ALPHA_001_COMPLETE.md,docs/specifications/work/implementation_tracks/legacy_imports/specifications_old/parser/v3/Alpha_Phase_1_Archive/status_archive/phase_completions/ALPHA_001_COMPLETE.md,work/implementation_tracks,regenerated,n/a
docs/specifications_old/parser/v3/Alpha_Phase_1_Archive/status_archive/phase_completions/TASK_17_MGA_PHASE_4_COMPLETE.md,docs/specifications/work/implementation_tracks/legacy_imports/specifications_old/parser/v3/Alpha_Phase_1_Archive/status_archive/phase_completions/TASK_17_MGA_PHASE_4_COMPLETE.md,work/implementation_tracks,regenerated,n/a
docs/specifications_old/parser/v3/Alpha_Phase_1_Archive/status_archive/phase_completions/TASK_17_PHASE_6_COMPLETE.md,docs/specifications/work/implementation_tracks/legacy_imports/specifications_old/parser/v3/Alpha_Phase_1_Archive/status_archive/phase_completions/TASK_17_PHASE_6_COMPLETE.md,work/implementation_tracks,regenerated,n/a
docs/specifications_old/parser/v3/Alpha_Phase_1_Archive/status_archive/phase_completions/ALPHA_002_COMPLETE.md,docs/specifications/work/implementation_tracks/legacy_imports/specifications_old/parser/v3/Alpha_Phase_1_Archive/status_archive/phase_completions/ALPHA_002_COMPLETE.md,work/implementation_tracks,regenerated,n/a
docs/specifications_old/parser/v3/Alpha_Phase_1_Archive/status_archive/phase_completions/PHASE1_STRUCTURE_ANALYSIS_REPORT.md,docs/specifications/work/implementation_tracks/legacy_imports/specifications_old/parser/v3/Alpha_Phase_1_Archive/status_archive/phase_completions/PHASE1_STRUCTURE_ANALYSIS_REPORT.md,work/implementation_tracks,regenerated,n/a
docs/specifications_old/parser/v3/Alpha_Phase_1_Archive/status_archive/phase_completions/ALPHA_002_PHASE_2_COMPLETE.md,docs/specifications/work/implementation_tracks/legacy_imports/specifications_old/parser/v3/Alpha_Phase_1_Archive/status_archive/phase_completions/ALPHA_002_PHASE_2_COMPLETE.md,work/implementation_tracks,regenerated,n/a
docs/specifications_old/parser/v3/Alpha_Phase_1_Archive/status_archive/phase_completions/TOAST_MGA_PHASE3_ANALYSIS_COMPLETE.md,docs/specifications/work/implementation_tracks/legacy_imports/specifications_old/parser/v3/Alpha_Phase_1_Archive/status_archive/phase_completions/TOAST_MGA_PHASE3_ANALYSIS_COMPLETE.md,work/implementation_tracks,regenerated,n/a
docs/specifications_old/parser/v3/Alpha_Phase_1_Archive/status_archive/phase_completions/TASK_13_TEXT_SEARCH_COMPLETE.md,docs/specifications/work/implementation_tracks/legacy_imports/specifications_old/parser/v3/Alpha_Phase_1_Archive/status_archive/phase_completions/TASK_13_TEXT_SEARCH_COMPLETE.md,work/implementation_tracks,regenerated,n/a
docs/specifications_old/parser/v3/Alpha_Phase_1_Archive/status_archive/phase_completions/TASK_14_PHASE_3_OPERATORS_FUNCTIONS_COMPLETE.md,docs/specifications/work/implementation_tracks/legacy_imports/specifications_old/parser/v3/Alpha_Phase_1_Archive/status_archive/phase_completions/TASK_14_PHASE_3_OPERATORS_FUNCTIONS_COMPLETE.md,work/implementation_tracks,regenerated,n/a
docs/specifications_old/parser/v3/Alpha_Phase_1_Archive/status_archive/phase_completions/PHASE4_GARBAGE_COLLECTION_COMPLETE.md,docs/specifications/work/implementation_tracks/legacy_imports/specifications_old/parser/v3/Alpha_Phase_1_Archive/status_archive/phase_completions/PHASE4_GARBAGE_COLLECTION_COMPLETE.md,work/implementation_tracks,regenerated,n/a
docs/specifications_old/parser/v3/Alpha_Phase_1_Archive/status_archive/phase_completions/SQL_SPECIFICATION_IMPLEMENTATION_REPORT.md,docs/specifications/work/implementation_tracks/legacy_imports/specifications_old/parser/v3/Alpha_Phase_1_Archive/status_archive/phase_completions/SQL_SPECIFICATION_IMPLEMENTATION_REPORT.md,work/implementation_tracks,regenerated,n/a
docs/specifications_old/parser/v3/Alpha_Phase_1_Archive/status_archive/phase_completions/PHASE_6_XML_TYPE_COMPLETE.md,docs/specifications/work/implementation_tracks/legacy_imports/specifications_old/parser/v3/Alpha_Phase_1_Archive/status_archive/phase_completions/PHASE_6_XML_TYPE_COMPLETE.md,work/implementation_tracks,regenerated,n/a
docs/specifications_old/parser/v3/Alpha_Phase_1_Archive/status_archive/phase_completions/ALPHA_002_PHASE_1_COMPLETE.md,docs/specifications/work/implementation_tracks/legacy_imports/specifications_old/parser/v3/Alpha_Phase_1_Archive/status_archive/phase_completions/ALPHA_002_PHASE_1_COMPLETE.md,work/implementation_tracks,regenerated,n/a
docs/specifications_old/parser/v3/Alpha_Phase_1_Archive/status_archive/phase_completions/PHASE_5_JSONB_TYPE_COMPLETE.md,docs/specifications/work/implementation_tracks/legacy_imports/specifications_old/parser/v3/Alpha_Phase_1_Archive/status_archive/phase_completions/PHASE_5_JSONB_TYPE_COMPLETE.md,work/implementation_tracks,regenerated,n/a
docs/specifications_old/parser/v3/Alpha_Phase_1_Archive/status_archive/phase_completions/ALPHA_002_PHASE_6_COMPLETE.md,docs/specifications/work/implementation_tracks/legacy_imports/specifications_old/parser/v3/Alpha_Phase_1_Archive/status_archive/phase_completions/ALPHA_002_PHASE_6_COMPLETE.md,work/implementation_tracks,regenerated,n/a
docs/specifications_old/parser/v3/Alpha_Phase_1_Archive/status_archive/phase_completions/TASK_14_PHASE_1_COMPLETE.md,docs/specifications/work/implementation_tracks/legacy_imports/specifications_old/parser/v3/Alpha_Phase_1_Archive/status_archive/phase_completions/TASK_14_PHASE_1_COMPLETE.md,work/implementation_tracks,regenerated,n/a
docs/specifications_old/parser/v3/Alpha_Phase_1_Archive/status_archive/phase_completions/TOAST_MGA_COMPLIANCE_COMPLETE.md,docs/specifications/work/implementation_tracks/legacy_imports/specifications_old/parser/v3/Alpha_Phase_1_Archive/status_archive/phase_completions/TOAST_MGA_COMPLIANCE_COMPLETE.md,work/implementation_tracks,regenerated,n/a
docs/specifications_old/parser/v3/Alpha_Phase_1_Archive/status_archive/phase_completions/PHASE1_UTF8_UTILS_COMPLETE.md,docs/specifications/work/implementation_tracks/legacy_imports/specifications_old/parser/v3/Alpha_Phase_1_Archive/status_archive/phase_completions/PHASE1_UTF8_UTILS_COMPLETE.md,work/implementation_tracks,regenerated,n/a
docs/specifications_old/parser/v3/Alpha_Phase_1_Archive/status_archive/phase_completions/PHASE_2_MONEY_TYPE_COMPLETE.md,docs/specifications/work/implementation_tracks/legacy_imports/specifications_old/parser/v3/Alpha_Phase_1_Archive/status_archive/phase_completions/PHASE_2_MONEY_TYPE_COMPLETE.md,work/implementation_tracks,regenerated,n/a
docs/specifications_old/parser/v3/Alpha_Phase_1_Archive/status_archive/phase_completions/TASK_16_NETWORK_TYPES_COMPLETE.md,docs/specifications/work/implementation_tracks/legacy_imports/specifications_old/parser/v3/Alpha_Phase_1_Archive/status_archive/phase_completions/TASK_16_NETWORK_TYPES_COMPLETE.md,work/implementation_tracks,regenerated,n/a
docs/specifications_old/parser/v3/Alpha_Phase_1_Archive/status_archive/phase_completions/TASK_14_PHASE_4_GIN_INTEGRATION_COMPLETE.md,docs/specifications/work/implementation_tracks/legacy_imports/specifications_old/parser/v3/Alpha_Phase_1_Archive/status_archive/phase_completions/TASK_14_PHASE_4_GIN_INTEGRATION_COMPLETE.md,work/implementation_tracks,regenerated,n/a
docs/specifications_old/parser/v3/Alpha_Phase_1_Archive/status_archive/phase_completions/PHASE3_CATALOG_WRITE_LOGIC_FIXES_COMPLETE.md,docs/specifications/work/implementation_tracks/legacy_imports/specifications_old/parser/v3/Alpha_Phase_1_Archive/status_archive/phase_completions/PHASE3_CATALOG_WRITE_LOGIC_FIXES_COMPLETE.md,work/implementation_tracks,regenerated,n/a
docs/specifications_old/parser/v3/Alpha_Phase_1_Archive/status_archive/phase_completions/TASK_17_MGA_PHASE_2_2_COMPLETE.md,docs/specifications/work/implementation_tracks/legacy_imports/specifications_old/parser/v3/Alpha_Phase_1_Archive/status_archive/phase_completions/TASK_17_MGA_PHASE_2_2_COMPLETE.md,work/implementation_tracks,regenerated,n/a
docs/specifications_old/parser/v3/Alpha_Phase_1_Archive/status_archive/phase_completions/TASK_17_MGA_PHASE_3_2_COMPLETE.md,docs/specifications/work/implementation_tracks/legacy_imports/specifications_old/parser/v3/Alpha_Phase_1_Archive/status_archive/phase_completions/TASK_17_MGA_PHASE_3_2_COMPLETE.md,work/implementation_tracks,regenerated,n/a
docs/specifications_old/parser/v3/Alpha_Phase_1_Archive/status_archive/phase_completions/ALPHA_003_GIN_PHASE_3_COMPLETE.md,docs/specifications/work/implementation_tracks/legacy_imports/specifications_old/parser/v3/Alpha_Phase_1_Archive/status_archive/phase_completions/ALPHA_003_GIN_PHASE_3_COMPLETE.md,work/implementation_tracks,regenerated,n/a
docs/specifications_old/parser/v3/Alpha_Phase_1_Archive/status_archive/phase_completions/TASK_14_PHASE_5_SQL_INTEGRATION_COMPLETE.md,docs/specifications/work/implementation_tracks/legacy_imports/specifications_old/parser/v3/Alpha_Phase_1_Archive/status_archive/phase_completions/TASK_14_PHASE_5_SQL_INTEGRATION_COMPLETE.md,work/implementation_tracks,regenerated,n/a
docs/specifications_old/parser/v3/Alpha_Phase_1_Archive/status_archive/phase_completions/PHASE_7_VECTOR_TYPE_COMPLETE.md,docs/specifications/work/implementation_tracks/legacy_imports/specifications_old/parser/v3/Alpha_Phase_1_Archive/status_archive/phase_completions/PHASE_7_VECTOR_TYPE_COMPLETE.md,work/implementation_tracks,regenerated,n/a
docs/specifications_old/parser/v3/Alpha_Phase_1_Archive/status_archive/phase_completions/ALPHA_003_GIN_PHASE_2_COMPLETE.md,docs/specifications/work/implementation_tracks/legacy_imports/specifications_old/parser/v3/Alpha_Phase_1_Archive/status_archive/phase_completions/ALPHA_003_GIN_PHASE_2_COMPLETE.md,work/implementation_tracks,regenerated,n/a
docs/specifications_old/parser/v3/Alpha_Phase_1_Archive/status_archive/phase_completions/ALPHA_003_GIN_PHASE_5_COMPLETE.md,docs/specifications/work/implementation_tracks/legacy_imports/specifications_old/parser/v3/Alpha_Phase_1_Archive/status_archive/phase_completions/ALPHA_003_GIN_PHASE_5_COMPLETE.md,work/implementation_tracks,regenerated,n/a
docs/specifications_old/parser/v3/Alpha_Phase_1_Archive/status_archive/phase_completions/ALPHA_002_PHASE_4_COMPLETE.md,docs/specifications/work/implementation_tracks/legacy_imports/specifications_old/parser/v3/Alpha_Phase_1_Archive/status_archive/phase_completions/ALPHA_002_PHASE_4_COMPLETE.md,work/implementation_tracks,regenerated,n/a
docs/specifications_old/parser/v3/Alpha_Phase_1_Archive/status_archive/phase_completions/SESSION_SUMMARY_PHASE3_COMPLETE.md,docs/specifications/work/implementation_tracks/legacy_imports/specifications_old/parser/v3/Alpha_Phase_1_Archive/status_archive/phase_completions/SESSION_SUMMARY_PHASE3_COMPLETE.md,work/implementation_tracks,regenerated,n/a
docs/specifications_old/parser/v3/Alpha_Phase_1_Archive/status_archive/phase_completions/TASK_17_MGA_PHASE_3_3_COMPLETE.md,docs/specifications/work/implementation_tracks/legacy_imports/specifications_old/parser/v3/Alpha_Phase_1_Archive/status_archive/phase_completions/TASK_17_MGA_PHASE_3_3_COMPLETE.md,work/implementation_tracks,regenerated,n/a
docs/specifications_old/parser/v3/Alpha_Phase_1_Archive/status_archive/phase_completions/TASK_14_PHASE_2_TEXT_PROCESSING_COMPLETE.md,docs/specifications/work/implementation_tracks/legacy_imports/specifications_old/parser/v3/Alpha_Phase_1_Archive/status_archive/phase_completions/TASK_14_PHASE_2_TEXT_PROCESSING_COMPLETE.md,work/implementation_tracks,regenerated,n/a
docs/specifications_old/parser/v3/Alpha_Phase_1_Archive/status_archive/phase_completions/ALPHA_003_GIN_PHASE_1_COMPLETE.md,docs/specifications/work/implementation_tracks/legacy_imports/specifications_old/parser/v3/Alpha_Phase_1_Archive/status_archive/phase_completions/ALPHA_003_GIN_PHASE_1_COMPLETE.md,work/implementation_tracks,regenerated,n/a
docs/specifications_old/parser/v3/Alpha_Phase_1_Archive/status_archive/phase_completions/TASK_17_MGA_PHASE_2_3_COMPLETE.md,docs/specifications/work/implementation_tracks/legacy_imports/specifications_old/parser/v3/Alpha_Phase_1_Archive/status_archive/phase_completions/TASK_17_MGA_PHASE_2_3_COMPLETE.md,work/implementation_tracks,regenerated,n/a
docs/specifications_old/parser/v3/Alpha_Phase_1_Archive/status_archive/phase_completions/SQL_IDENTIFIER_UTF8_FIX_COMPLETE.md,docs/specifications/work/implementation_tracks/legacy_imports/specifications_old/parser/v3/Alpha_Phase_1_Archive/status_archive/phase_completions/SQL_IDENTIFIER_UTF8_FIX_COMPLETE.md,work/implementation_tracks,regenerated,n/a
docs/specifications_old/parser/v3/Alpha_Phase_1_Archive/status_archive/phase_completions/PHASE_4_DECIMAL_ARITHMETIC_COMPLETE.md,docs/specifications/work/implementation_tracks/legacy_imports/specifications_old/parser/v3/Alpha_Phase_1_Archive/status_archive/phase_completions/PHASE_4_DECIMAL_ARITHMETIC_COMPLETE.md,work/implementation_tracks,regenerated,n/a
docs/specifications_old/parser/v3/Alpha_Phase_1_Archive/status_archive/2025-10-sessions/SESSION_SUMMARY_2025_10_24_CONTEXT_VARIABLES_DESIGN.md,docs/specifications/work/implementation_tracks/legacy_imports/specifications_old/parser/v3/Alpha_Phase_1_Archive/status_archive/2025-10-sessions/SESSION_SUMMARY_2025_10_24_CONTEXT_VARIABLES_DESIGN.md,work/implementation_tracks,regenerated,n/a
docs/specifications_old/parser/v3/Alpha_Phase_1_Archive/status_archive/2025-10-sessions/SESSION_SUMMARY_2025_10_23_MGA_CATALOG_COMPLIANCE.md,docs/specifications/work/implementation_tracks/legacy_imports/specifications_old/parser/v3/Alpha_Phase_1_Archive/status_archive/2025-10-sessions/SESSION_SUMMARY_2025_10_23_MGA_CATALOG_COMPLIANCE.md,work/implementation_tracks,regenerated,n/a
docs/specifications_old/parser/v3/Alpha_Phase_1_Archive/status_archive/2025-10-sessions/SESSION_PROGRESS_2025_10_28_CONDITIONAL_FUNCTIONS.md,docs/specifications/work/implementation_tracks/legacy_imports/specifications_old/parser/v3/Alpha_Phase_1_Archive/status_archive/2025-10-sessions/SESSION_PROGRESS_2025_10_28_CONDITIONAL_FUNCTIONS.md,work/implementation_tracks,regenerated,n/a
docs/specifications_old/parser/v3/Alpha_Phase_1_Archive/status_archive/2025-10-sessions/DOCUMENTATION_REORGANIZATION_2025_10_23.md,docs/specifications/work/implementation_tracks/legacy_imports/specifications_old/parser/v3/Alpha_Phase_1_Archive/status_archive/2025-10-sessions/DOCUMENTATION_REORGANIZATION_2025_10_23.md,work/implementation_tracks,regenerated,n/a
docs/specifications_old/parser/v3/Alpha_Phase_1_Archive/status_archive/2025-10-sessions/SESSION_SUMMARY_2025_10_28_JSON_FUNCTIONS_PRODUCTION.md,docs/specifications/work/implementation_tracks/legacy_imports/specifications_old/parser/v3/Alpha_Phase_1_Archive/status_archive/2025-10-sessions/SESSION_SUMMARY_2025_10_28_JSON_FUNCTIONS_PRODUCTION.md,work/implementation_tracks,regenerated,n/a
docs/specifications_old/parser/v3/Alpha_Phase_1_Archive/status_archive/2025-10-12/CURRENT_STATUS.md,docs/specifications/work/implementation_tracks/legacy_imports/specifications_old/parser/v3/Alpha_Phase_1_Archive/status_archive/2025-10-12/CURRENT_STATUS.md,work/implementation_tracks,regenerated,n/a
docs/specifications_old/parser/v3/Alpha_Phase_1_Archive/status_archive/2025-10-pre-phase2-3/README.md,docs/specifications/work/implementation_tracks/legacy_imports/specifications_old/parser/v3/Alpha_Phase_1_Archive/status_archive/2025-10-pre-phase2-3/README.md,work/implementation_tracks,regenerated,n/a
docs/specifications_old/parser/v3/Alpha_Phase_1_Archive/status_archive/legacy/legacy-progress/alpha_1_03_storage_engine.log.md,docs/specifications/work/implementation_tracks/legacy_imports/specifications_old/parser/v3/Alpha_Phase_1_Archive/status_archive/legacy/legacy-progress/alpha_1_03_storage_engine.log.md,work/implementation_tracks,regenerated,n/a
docs/specifications_old/parser/v3/Alpha_Phase_1_Archive/status_archive/legacy/legacy-progress/README.md,docs/specifications/work/implementation_tracks/legacy_imports/specifications_old/parser/v3/Alpha_Phase_1_Archive/status_archive/legacy/legacy-progress/README.md,work/implementation_tracks,regenerated,n/a
docs/specifications_old/parser/v3/Alpha_Phase_1_Archive/status_archive/legacy/legacy-progress/alpha_1_04_transaction_foundation.log.md,docs/specifications/work/implementation_tracks/legacy_imports/specifications_old/parser/v3/Alpha_Phase_1_Archive/status_archive/legacy/legacy-progress/alpha_1_04_transaction_foundation.log.md,work/implementation_tracks,regenerated,n/a
docs/specifications_old/parser/v3/Alpha_Phase_1_Archive/status_archive/legacy/legacy-progress/LOG_FORMAT.md,docs/specifications/work/implementation_tracks/legacy_imports/specifications_old/parser/v3/Alpha_Phase_1_Archive/status_archive/legacy/legacy-progress/LOG_FORMAT.md,work/implementation_tracks,regenerated,n/a
docs/specifications_old/parser/v3/Alpha_Phase_1_Archive/status_archive/legacy/legacy-progress/PROGRESS_LOG_TEMPLATE.md,docs/specifications/work/implementation_tracks/legacy_imports/specifications_old/parser/v3/Alpha_Phase_1_Archive/status_archive/legacy/legacy-progress/PROGRESS_LOG_TEMPLATE.md,work/implementation_tracks,regenerated,n/a
docs/specifications_old/parser/v3/Alpha_Phase_1_Archive/status_archive/legacy/legacy-progress/stage_1_1_extended_page_sizes.log.md,docs/specifications/work/implementation_tracks/legacy_imports/specifications_old/parser/v3/Alpha_Phase_1_Archive/status_archive/legacy/legacy-progress/stage_1_1_extended_page_sizes.log.md,work/implementation_tracks,regenerated,n/a
docs/specifications_old/parser/v3/Alpha_Phase_1_Archive/status_archive/legacy/legacy-progress/alpha_1_03.log.md,docs/specifications/work/implementation_tracks/legacy_imports/specifications_old/parser/v3/Alpha_Phase_1_Archive/status_archive/legacy/legacy-progress/alpha_1_03.log.md,work/implementation_tracks,regenerated,n/a
docs/specifications_old/parser/v3/Alpha_Phase_1_Archive/status_archive/legacy/legacy-progress/alpha_1_01_2.log.md,docs/specifications/work/implementation_tracks/legacy_imports/specifications_old/parser/v3/Alpha_Phase_1_Archive/status_archive/legacy/legacy-progress/alpha_1_01_2.log.md,work/implementation_tracks,regenerated,n/a
docs/specifications_old/parser/v3/Alpha_Phase_1_Archive/status_archive/legacy/legacy-progress/MERGE_SUMMARY_STAGE_1_1.md,docs/specifications/work/implementation_tracks/legacy_imports/specifications_old/parser/v3/Alpha_Phase_1_Archive/status_archive/legacy/legacy-progress/MERGE_SUMMARY_STAGE_1_1.md,work/implementation_tracks,regenerated,n/a
docs/specifications_old/parser/v3/Alpha_Phase_1_Archive/status_archive/legacy/legacy-progress/ImplementationAndReviewProcessLog.md,docs/specifications/work/implementation_tracks/legacy_imports/specifications_old/parser/v3/Alpha_Phase_1_Archive/status_archive/legacy/legacy-progress/ImplementationAndReviewProcessLog.md,work/implementation_tracks,regenerated,n/a
docs/specifications_old/parser/v3/Alpha_Phase_1_Archive/status_archive/legacy/legacy-progress/alpha_1_05_week2_summary.md,docs/specifications/work/implementation_tracks/legacy_imports/specifications_old/parser/v3/Alpha_Phase_1_Archive/status_archive/legacy/legacy-progress/alpha_1_05_week2_summary.md,work/implementation_tracks,regenerated,n/a
docs/specifications_old/parser/v3/Alpha_Phase_1_Archive/status_archive/legacy/legacy-progress/alpha_1_03_complete.md,docs/specifications/work/implementation_tracks/legacy_imports/specifications_old/parser/v3/Alpha_Phase_1_Archive/status_archive/legacy/legacy-progress/alpha_1_03_complete.md,work/implementation_tracks,regenerated,n/a
docs/specifications_old/parser/v3/Alpha_Phase_1_Archive/status_archive/legacy/legacy-progress/alpha_1_05_sql_parser.log.md,docs/specifications/work/implementation_tracks/legacy_imports/specifications_old/parser/v3/Alpha_Phase_1_Archive/status_archive/legacy/legacy-progress/alpha_1_05_sql_parser.log.md,work/implementation_tracks,regenerated,n/a
docs/specifications_old/parser/v3/Alpha_Phase_1_Archive/status_archive/legacy/legacy-progress/COMPRESSION_IMPLEMENTATION_SUMMARY.md,docs/specifications/work/implementation_tracks/legacy_imports/specifications_old/parser/v3/Alpha_Phase_1_Archive/status_archive/legacy/legacy-progress/COMPRESSION_IMPLEMENTATION_SUMMARY.md,work/implementation_tracks,regenerated,n/a
docs/specifications_old/parser/v3/Alpha_Phase_1_Archive/status_archive/legacy/legacy-progress/2025-09-15_btree_analysis_report.md,docs/specifications/work/implementation_tracks/legacy_imports/specifications_old/parser/v3/Alpha_Phase_1_Archive/status_archive/legacy/legacy-progress/2025-09-15_btree_analysis_report.md,work/implementation_tracks,regenerated,n/a
docs/specifications_old/parser/v3/Alpha_Phase_1_Archive/status_archive/legacy/legacy-progress/catalog_manager_refactoring_issues_2025-09-08.md,docs/specifications/work/implementation_tracks/legacy_imports/specifications_old/parser/v3/Alpha_Phase_1_Archive/status_archive/legacy/legacy-progress/catalog_manager_refactoring_issues_2025-09-08.md,work/implementation_tracks,regenerated,n/a
docs/specifications_old/parser/v3/Alpha_Phase_1_Archive/status_archive/legacy/legacy-progress/PROGRESS_TEMPLATE.md,docs/specifications/work/implementation_tracks/legacy_imports/specifications_old/parser/v3/Alpha_Phase_1_Archive/status_archive/legacy/legacy-progress/PROGRESS_TEMPLATE.md,work/implementation_tracks,regenerated,n/a
docs/specifications_old/parser/v3/Alpha_Phase_1_Archive/status_archive/legacy/legacy-progress/uuid_migration_summary_2025-09-09.md,docs/specifications/work/implementation_tracks/legacy_imports/specifications_old/parser/v3/Alpha_Phase_1_Archive/status_archive/legacy/legacy-progress/uuid_migration_summary_2025-09-09.md,work/implementation_tracks,regenerated,n/a
docs/specifications_old/parser/v3/Alpha_Phase_1_Archive/status_archive/legacy/legacy-progress/alpha_1_05_complete_summary.md,docs/specifications/work/implementation_tracks/legacy_imports/specifications_old/parser/v3/Alpha_Phase_1_Archive/status_archive/legacy/legacy-progress/alpha_1_05_complete_summary.md,work/implementation_tracks,regenerated,n/a
docs/specifications_old/parser/v3/Alpha_Phase_1_Archive/status_archive/legacy/legacy-progress/STAGE_1_1_COMPLETE_SUMMARY.md,docs/specifications/work/implementation_tracks/legacy_imports/specifications_old/parser/v3/Alpha_Phase_1_Archive/status_archive/legacy/legacy-progress/STAGE_1_1_COMPLETE_SUMMARY.md,work/implementation_tracks,regenerated,n/a
docs/specifications_old/parser/v3/Alpha_Phase_1_Archive/status_archive/legacy/legacy-progress/alpha_1_05_week3_summary.md,docs/specifications/work/implementation_tracks/legacy_imports/specifications_old/parser/v3/Alpha_Phase_1_Archive/status_archive/legacy/legacy-progress/alpha_1_05_week3_summary.md,work/implementation_tracks,regenerated,n/a
docs/specifications_old/parser/v3/Alpha_Phase_1_Archive/status_archive/legacy/legacy-progress/HEAP_TOAST_INTEGRATION_COMPLETE.md,docs/specifications/work/implementation_tracks/legacy_imports/specifications_old/parser/v3/Alpha_Phase_1_Archive/status_archive/legacy/legacy-progress/HEAP_TOAST_INTEGRATION_COMPLETE.md,work/implementation_tracks,regenerated,n/a
docs/specifications_old/parser/v3/Alpha_Phase_1_Archive/status_archive/legacy/legacy-progress/deficiency_remediation_2025-09-09.md,docs/specifications/work/implementation_tracks/legacy_imports/specifications_old/parser/v3/Alpha_Phase_1_Archive/status_archive/legacy/legacy-progress/deficiency_remediation_2025-09-09.md,work/implementation_tracks,regenerated,n/a
docs/specifications_old/parser/v3/Alpha_Phase_1_Archive/status_archive/legacy/legacy-progress/phases_1_01_to_1_05_complete_review.md,docs/specifications/work/implementation_tracks/legacy_imports/specifications_old/parser/v3/Alpha_Phase_1_Archive/status_archive/legacy/legacy-progress/phases_1_01_to_1_05_complete_review.md,work/implementation_tracks,regenerated,n/a
docs/specifications_old/parser/v3/Alpha_Phase_1_Archive/status_archive/legacy/legacy-progress/alpha_1_01_1.log.md,docs/specifications/work/implementation_tracks/legacy_imports/specifications_old/parser/v3/Alpha_Phase_1_Archive/status_archive/legacy/legacy-progress/alpha_1_01_1.log.md,work/implementation_tracks,regenerated,n/a
docs/specifications_old/parser/v3/Alpha_Phase_1_Archive/status_archive/legacy/legacy-tests/LEXER_TEST_SUMMARY.md,docs/specifications/work/implementation_tracks/legacy_imports/specifications_old/parser/v3/Alpha_Phase_1_Archive/status_archive/legacy/legacy-tests/LEXER_TEST_SUMMARY.md,work/implementation_tracks,regenerated,n/a
docs/specifications_old/parser/v3/Alpha_Phase_1_Archive/status_archive/legacy/legacy-tests/README.md,docs/specifications/work/implementation_tracks/legacy_imports/specifications_old/parser/v3/Alpha_Phase_1_Archive/status_archive/legacy/legacy-tests/README.md,work/implementation_tracks,regenerated,n/a
docs/specifications_old/parser/v3/Alpha_Phase_1_Archive/status_archive/legacy/legacy-tests/COMPREHENSIVE_TEST_REPORT.md,docs/specifications/work/implementation_tracks/legacy_imports/specifications_old/parser/v3/Alpha_Phase_1_Archive/status_archive/legacy/legacy-tests/COMPREHENSIVE_TEST_REPORT.md,work/implementation_tracks,regenerated,n/a
docs/specifications_old/parser/v3/Alpha_Phase_1_Archive/status_archive/legacy/legacy-tests/CRITICAL_FIXES_TEST_PLAN.md,docs/specifications/work/implementation_tracks/legacy_imports/specifications_old/parser/v3/Alpha_Phase_1_Archive/status_archive/legacy/legacy-tests/CRITICAL_FIXES_TEST_PLAN.md,work/implementation_tracks,regenerated,n/a
docs/specifications_old/parser/v3/Alpha_Phase_1_Archive/status_archive/legacy/legacy-tests/FINAL_ALPHA_104_ASSESSMENT.md,docs/specifications/work/implementation_tracks/legacy_imports/specifications_old/parser/v3/Alpha_Phase_1_Archive/status_archive/legacy/legacy-tests/FINAL_ALPHA_104_ASSESSMENT.md,work/implementation_tracks,regenerated,n/a
docs/specifications_old/parser/v3/Alpha_Phase_1_Archive/status_archive/legacy/legacy-tests/FINAL_TEST_STATUS_REPORT.md,docs/specifications/work/implementation_tracks/legacy_imports/specifications_old/parser/v3/Alpha_Phase_1_Archive/status_archive/legacy/legacy-tests/FINAL_TEST_STATUS_REPORT.md,work/implementation_tracks,regenerated,n/a
docs/specifications_old/parser/v3/Alpha_Phase_1_Archive/status_archive/legacy/legacy-tests/PARSER_TEST_RECONCILIATION.md,docs/specifications/work/implementation_tracks/legacy_imports/specifications_old/parser/v3/Alpha_Phase_1_Archive/status_archive/legacy/legacy-tests/PARSER_TEST_RECONCILIATION.md,work/implementation_tracks,regenerated,n/a
docs/specifications_old/parser/v3/Alpha_Phase_1_Archive/status_archive/legacy/legacy-tests/LEXER_COMPREHENSIVE_TEST_PLAN.md,docs/specifications/work/implementation_tracks/legacy_imports/specifications_old/parser/v3/Alpha_Phase_1_Archive/status_archive/legacy/legacy-tests/LEXER_COMPREHENSIVE_TEST_PLAN.md,work/implementation_tracks,regenerated,n/a
docs/specifications_old/parser/v3/Alpha_Phase_1_Archive/status_archive/legacy/legacy-tests/AGENT_C_TEST_REPORT_FOR_AGENT_A.md,docs/specifications/work/implementation_tracks/legacy_imports/specifications_old/parser/v3/Alpha_Phase_1_Archive/status_archive/legacy/legacy-tests/AGENT_C_TEST_REPORT_FOR_AGENT_A.md,work/implementation_tracks,regenerated,n/a
docs/specifications_old/parser/v3/Alpha_Phase_1_Archive/status_archive/legacy/legacy-tests/UNTESTABLE_REQUIREMENTS.md,docs/specifications/work/implementation_tracks/legacy_imports/specifications_old/parser/v3/Alpha_Phase_1_Archive/status_archive/legacy/legacy-tests/UNTESTABLE_REQUIREMENTS.md,work/implementation_tracks,regenerated,n/a
docs/specifications_old/parser/v3/Alpha_Phase_1_Archive/status_archive/legacy/legacy-tests/CORRECTED_ALPHA_104_ASSESSMENT.md,docs/specifications/work/implementation_tracks/legacy_imports/specifications_old/parser/v3/Alpha_Phase_1_Archive/status_archive/legacy/legacy-tests/CORRECTED_ALPHA_104_ASSESSMENT.md,work/implementation_tracks,regenerated,n/a
docs/specifications_old/parser/v3/Alpha_Phase_1_Archive/status_archive/legacy/legacy-tests/EDGE_CASE_TEST_REPORT.md,docs/specifications/work/implementation_tracks/legacy_imports/specifications_old/parser/v3/Alpha_Phase_1_Archive/status_archive/legacy/legacy-tests/EDGE_CASE_TEST_REPORT.md,work/implementation_tracks,regenerated,n/a
docs/specifications_old/parser/v3/Alpha_Phase_1_Archive/status_archive/legacy/legacy-tests/AGENT_C_REVIEW_TEST_SUMMARY.md,docs/specifications/work/implementation_tracks/legacy_imports/specifications_old/parser/v3/Alpha_Phase_1_Archive/status_archive/legacy/legacy-tests/AGENT_C_REVIEW_TEST_SUMMARY.md,work/implementation_tracks,regenerated,n/a
docs/specifications_old/parser/v3/Alpha_Phase_1_Archive/status_archive/legacy/legacy-tests/WEEK3_WEEK4_TEST_SUMMARY.md,docs/specifications/work/implementation_tracks/legacy_imports/specifications_old/parser/v3/Alpha_Phase_1_Archive/status_archive/legacy/legacy-tests/WEEK3_WEEK4_TEST_SUMMARY.md,work/implementation_tracks,regenerated,n/a
docs/specifications_old/parser/v3/Alpha_Phase_1_Archive/status_archive/legacy/legacy-tests/PARSER_TEST_SUMMARY.md,docs/specifications/work/implementation_tracks/legacy_imports/specifications_old/parser/v3/Alpha_Phase_1_Archive/status_archive/legacy/legacy-tests/PARSER_TEST_SUMMARY.md,work/implementation_tracks,regenerated,n/a
docs/specifications_old/parser/v3/Alpha_Phase_1_Archive/status_archive/legacy/phase1_session_docs/PHASE_1_5_README.md,docs/specifications/work/implementation_tracks/legacy_imports/specifications_old/parser/v3/Alpha_Phase_1_Archive/status_archive/legacy/phase1_session_docs/PHASE_1_5_README.md,work/implementation_tracks,regenerated,n/a
docs/specifications_old/parser/v3/Alpha_Phase_1_Archive/status_archive/legacy/phase1_session_docs/PHASE_1_5_QUICK_START.md,docs/specifications/work/implementation_tracks/legacy_imports/specifications_old/parser/v3/Alpha_Phase_1_Archive/status_archive/legacy/phase1_session_docs/PHASE_1_5_QUICK_START.md,work/implementation_tracks,regenerated,n/a
docs/specifications_old/parser/v3/Alpha_Phase_1_Archive/status_archive/legacy/phase1_session_docs/PHASE_1_5_WORK_COMPLETED.md,docs/specifications/work/implementation_tracks/legacy_imports/specifications_old/parser/v3/Alpha_Phase_1_Archive/status_archive/legacy/phase1_session_docs/PHASE_1_5_WORK_COMPLETED.md,work/implementation_tracks,regenerated,n/a
docs/specifications_old/parser/v3/Alpha_Phase_1_Archive/status_archive/legacy/legacy-progress/testing/TEST_PROGRESS_TEMPLATE.md,docs/specifications/work/implementation_tracks/legacy_imports/specifications_old/parser/v3/Alpha_Phase_1_Archive/status_archive/legacy/legacy-progress/testing/TEST_PROGRESS_TEMPLATE.md,work/implementation_tracks,regenerated,n/a
docs/specifications_old/parser/v3/Alpha_Phase_1_Archive/status_archive/legacy/legacy-progress/implementation/AGENT_B_REVIEW_SUMMARY_STAGE_1_1_PAGE_SIZES.md,docs/specifications/work/implementation_tracks/legacy_imports/specifications_old/parser/v3/Alpha_Phase_1_Archive/status_archive/legacy/legacy-progress/implementation/AGENT_B_REVIEW_SUMMARY_STAGE_1_1_PAGE_SIZES.md,work/implementation_tracks,regenerated,n/a
docs/specifications_old/parser/v3/Alpha_Phase_1_Archive/status_archive/legacy/legacy-progress/implementation/AGENT_A_FIXES_STAGE_1_1_ISSUES.md,docs/specifications/work/implementation_tracks/legacy_imports/specifications_old/parser/v3/Alpha_Phase_1_Archive/status_archive/legacy/legacy-progress/implementation/AGENT_A_FIXES_STAGE_1_1_ISSUES.md,work/implementation_tracks,regenerated,n/a
docs/specifications_old/parser/v3/Alpha_Phase_1_Archive/status_archive/legacy/legacy-progress/implementation/AGENT_A_FINAL_FIXES_STAGE_1_1.md,docs/specifications/work/implementation_tracks/legacy_imports/specifications_old/parser/v3/Alpha_Phase_1_Archive/status_archive/legacy/legacy-progress/implementation/AGENT_A_FINAL_FIXES_STAGE_1_1.md,work/implementation_tracks,regenerated,n/a
docs/specifications_old/parser/v3/Alpha_Phase_1_Archive/status_archive/legacy/legacy-progress/implementation/IMPL_PROGRESS_TEMPLATE.md,docs/specifications/work/implementation_tracks/legacy_imports/specifications_old/parser/v3/Alpha_Phase_1_Archive/status_archive/legacy/legacy-progress/implementation/IMPL_PROGRESS_TEMPLATE.md,work/implementation_tracks,regenerated,n/a
docs/specifications_old/parser/v3/Alpha_Phase_1_Archive/status_archive/2025-10-pre-phase2-3/development/CODING_STANDARDS.md,docs/specifications/work/implementation_tracks/legacy_imports/specifications_old/parser/v3/Alpha_Phase_1_Archive/status_archive/2025-10-pre-phase2-3/development/CODING_STANDARDS.md,work/implementation_tracks,regenerated,n/a
docs/specifications_old/parser/v3/Alpha_Phase_1_Archive/status_archive/2025-10-pre-phase2-3/development/TODO.md,docs/specifications/work/implementation_tracks/legacy_imports/specifications_old/parser/v3/Alpha_Phase_1_Archive/status_archive/2025-10-pre-phase2-3/development/TODO.md,work/implementation_tracks,regenerated,n/a
docs/specifications_old/parser/v3/Alpha_Phase_1_Archive/status_archive/2025-10-pre-phase2-3/status/BTREE_STATUS.md,docs/specifications/work/implementation_tracks/legacy_imports/specifications_old/parser/v3/Alpha_Phase_1_Archive/status_archive/2025-10-pre-phase2-3/status/BTREE_STATUS.md,work/implementation_tracks,regenerated,n/a
docs/specifications_old/parser/v3/Alpha_Phase_1_Archive/status_archive/2025-10-pre-phase2-3/status/LEGACY_STATUS.md,docs/specifications/work/implementation_tracks/legacy_imports/specifications_old/parser/v3/Alpha_Phase_1_Archive/status_archive/2025-10-pre-phase2-3/status/LEGACY_STATUS.md,work/implementation_tracks,regenerated,n/a
docs/specifications_old/parser/v3/Alpha_Phase_1_Archive/status_archive/2025-10-pre-phase2-3/status/BTREE_PHASE5_VACUUM_COMPLETE.md,docs/specifications/work/implementation_tracks/legacy_imports/specifications_old/parser/v3/Alpha_Phase_1_Archive/status_archive/2025-10-pre-phase2-3/status/BTREE_PHASE5_VACUUM_COMPLETE.md,work/implementation_tracks,regenerated,n/a
docs/specifications_old/parser/v3/Alpha_Phase_1_Archive/status_archive/2025-10-pre-phase2-3/status/MGA_PHASE2_COMPLETE.md,docs/specifications/work/implementation_tracks/legacy_imports/specifications_old/parser/v3/Alpha_Phase_1_Archive/status_archive/2025-10-pre-phase2-3/status/MGA_PHASE2_COMPLETE.md,work/implementation_tracks,regenerated,n/a
docs/specifications_old/parser/v3/Alpha_Phase_1_Archive/status_archive/2025-10-pre-phase2-3/status/BTREE_PHASE3_RANGE_SCAN_COMPLETE.md,docs/specifications/work/implementation_tracks/legacy_imports/specifications_old/parser/v3/Alpha_Phase_1_Archive/status_archive/2025-10-pre-phase2-3/status/BTREE_PHASE3_RANGE_SCAN_COMPLETE.md,work/implementation_tracks,regenerated,n/a
docs/specifications_old/parser/v3/Alpha_Phase_1_Archive/status_archive/2025-10-pre-phase2-3/status/CURRENT_STATUS.md,docs/specifications/work/implementation_tracks/legacy_imports/specifications_old/parser/v3/Alpha_Phase_1_Archive/status_archive/2025-10-pre-phase2-3/status/CURRENT_STATUS.md,work/implementation_tracks,regenerated,n/a
docs/specifications_old/parser/v3/Alpha_Phase_1_Archive/status_archive/2025-10-pre-phase2-3/status/MGA_IMPLEMENTATION_COMPLETE.md,docs/specifications/work/implementation_tracks/legacy_imports/specifications_old/parser/v3/Alpha_Phase_1_Archive/status_archive/2025-10-pre-phase2-3/status/MGA_IMPLEMENTATION_COMPLETE.md,work/implementation_tracks,regenerated,n/a
docs/specifications_old/parser/v3/Alpha_Phase_1_Archive/status_archive/2025-10-pre-phase2-3/status/BTREE_IMPLEMENTATION_COMPLETE.md,docs/specifications/work/implementation_tracks/legacy_imports/specifications_old/parser/v3/Alpha_Phase_1_Archive/status_archive/2025-10-pre-phase2-3/status/BTREE_IMPLEMENTATION_COMPLETE.md,work/implementation_tracks,regenerated,n/a
docs/specifications_old/parser/v3/Alpha_Phase_1_Archive/status_archive/2025-10-pre-phase2-3/status/MGA_PHASE1_COMPLETE.md,docs/specifications/work/implementation_tracks/legacy_imports/specifications_old/parser/v3/Alpha_Phase_1_Archive/status_archive/2025-10-pre-phase2-3/status/MGA_PHASE1_COMPLETE.md,work/implementation_tracks,regenerated,n/a
docs/specifications_old/parser/v3/Alpha_Phase_1_Archive/status_archive/2025-10-pre-phase2-3/status/HASH_INDEX_STATUS.md,docs/specifications/work/implementation_tracks/legacy_imports/specifications_old/parser/v3/Alpha_Phase_1_Archive/status_archive/2025-10-pre-phase2-3/status/HASH_INDEX_STATUS.md,work/implementation_tracks,regenerated,n/a
docs/specifications_old/parser/v3/Alpha_Phase_1_Archive/status_archive/2025-10-pre-phase2-3/status/OVERALL_PROJECT_STATUS.md,docs/specifications/work/implementation_tracks/legacy_imports/specifications_old/parser/v3/Alpha_Phase_1_Archive/status_archive/2025-10-pre-phase2-3/status/OVERALL_PROJECT_STATUS.md,work/implementation_tracks,regenerated,n/a
docs/specifications_old/parser/v3/Alpha_Phase_1_Archive/status_archive/2025-10-pre-phase2-3/status/MGA_IMPLEMENTATION_STATUS.md,docs/specifications/work/implementation_tracks/legacy_imports/specifications_old/parser/v3/Alpha_Phase_1_Archive/status_archive/2025-10-pre-phase2-3/status/MGA_IMPLEMENTATION_STATUS.md,work/implementation_tracks,regenerated,n/a
docs/specifications_old/parser/v3/Alpha_Phase_1_Archive/status_archive/2025-10-pre-phase2-3/status/COMPREHENSIVE_CODE_ANALYSIS_REPORT.md,docs/specifications/work/implementation_tracks/legacy_imports/specifications_old/parser/v3/Alpha_Phase_1_Archive/status_archive/2025-10-pre-phase2-3/status/COMPREHENSIVE_CODE_ANALYSIS_REPORT.md,work/implementation_tracks,regenerated,n/a
docs/specifications_old/parser/v3/Alpha_Phase_1_Archive/status_archive/2025-10-pre-phase2-3/status/MGA_PHASES_3_4_COMPLETE.md,docs/specifications/work/implementation_tracks/legacy_imports/specifications_old/parser/v3/Alpha_Phase_1_Archive/status_archive/2025-10-pre-phase2-3/status/MGA_PHASES_3_4_COMPLETE.md,work/implementation_tracks,regenerated,n/a
docs/specifications_old/parser/v3/Alpha_Phase_1_Archive/status_archive/2025-10-pre-phase2-3/status/LEGACY_PROJECT_STATUS.md,docs/specifications/work/implementation_tracks/legacy_imports/specifications_old/parser/v3/Alpha_Phase_1_Archive/status_archive/2025-10-pre-phase2-3/status/LEGACY_PROJECT_STATUS.md,work/implementation_tracks,regenerated,n/a
docs/specifications_old/parser/v3/Alpha_Phase_1_Archive/status_archive/2025-10-pre-phase2-3/status/COMPREHENSIVE_DOCUMENTATION_ANALYSIS_REPORT.md,docs/specifications/work/implementation_tracks/legacy_imports/specifications_old/parser/v3/Alpha_Phase_1_Archive/status_archive/2025-10-pre-phase2-3/status/COMPREHENSIVE_DOCUMENTATION_ANALYSIS_REPORT.md,work/implementation_tracks,regenerated,n/a
docs/specifications_old/parser/v3/Alpha_Phase_1_Archive/status_archive/2025-10-pre-phase2-3/status/BTREE_PHASE4_COMPRESSION_COMPLETE.md,docs/specifications/work/implementation_tracks/legacy_imports/specifications_old/parser/v3/Alpha_Phase_1_Archive/status_archive/2025-10-pre-phase2-3/status/BTREE_PHASE4_COMPRESSION_COMPLETE.md,work/implementation_tracks,regenerated,n/a
docs/specifications_old/parser/v3/Alpha_Phase_1_Archive/status_archive/2025-10-pre-phase2-3/issues/OUTDATED_REPORTS_UPDATE.md,docs/specifications/work/implementation_tracks/legacy_imports/specifications_old/parser/v3/Alpha_Phase_1_Archive/status_archive/2025-10-pre-phase2-3/issues/OUTDATED_REPORTS_UPDATE.md,work/implementation_tracks,regenerated,n/a
docs/specifications_old/parser/v3/Alpha_Phase_1_Archive/status_archive/2025-10-pre-phase2-3/issues/ADDITIONAL_FIXES_REPORT.md,docs/specifications/work/implementation_tracks/legacy_imports/specifications_old/parser/v3/Alpha_Phase_1_Archive/status_archive/2025-10-pre-phase2-3/issues/ADDITIONAL_FIXES_REPORT.md,work/implementation_tracks,regenerated,n/a
docs/specifications_old/parser/v3/Alpha_Phase_1_Archive/status_archive/2025-10-pre-phase2-3/issues/ARCHITECTURE_CLARIFICATION.md,docs/specifications/work/implementation_tracks/legacy_imports/specifications_old/parser/v3/Alpha_Phase_1_Archive/status_archive/2025-10-pre-phase2-3/issues/ARCHITECTURE_CLARIFICATION.md,work/implementation_tracks,regenerated,n/a
docs/specifications_old/parser/v3/Alpha_Phase_1_Archive/status_archive/2025-10-pre-phase2-3/issues/IMPLEMENTATION_PROGRESS_REPORT.md,docs/specifications/work/implementation_tracks/legacy_imports/specifications_old/parser/v3/Alpha_Phase_1_Archive/status_archive/2025-10-pre-phase2-3/issues/IMPLEMENTATION_PROGRESS_REPORT.md,work/implementation_tracks,regenerated,n/a
docs/specifications_old/parser/v3/Alpha_Phase_1_Archive/status_archive/2025-10-pre-phase2-3/issues/TIP_CORRUPTION_FIX_REPORT.md,docs/specifications/work/implementation_tracks/legacy_imports/specifications_old/parser/v3/Alpha_Phase_1_Archive/status_archive/2025-10-pre-phase2-3/issues/TIP_CORRUPTION_FIX_REPORT.md,work/implementation_tracks,regenerated,n/a
docs/specifications_old/parser/v3/Alpha_Phase_1_Archive/status_archive/2025-10-pre-phase2-3/issues/DEFICIENCY_CORRECTION_PLAN.md,docs/specifications/work/implementation_tracks/legacy_imports/specifications_old/parser/v3/Alpha_Phase_1_Archive/status_archive/2025-10-pre-phase2-3/issues/DEFICIENCY_CORRECTION_PLAN.md,work/implementation_tracks,regenerated,n/a
docs/specifications_old/parser/v3/Alpha_Phase_1_Archive/status_archive/2025-10-pre-phase2-3/issues/ALPHA_1_01_TO_1_05_REVISED_ASSESSMENT.md,docs/specifications/work/implementation_tracks/legacy_imports/specifications_old/parser/v3/Alpha_Phase_1_Archive/status_archive/2025-10-pre-phase2-3/issues/ALPHA_1_01_TO_1_05_REVISED_ASSESSMENT.md,work/implementation_tracks,regenerated,n/a
docs/specifications_old/parser/v3/Alpha_Phase_1_Archive/status_archive/2025-10-pre-phase2-3/issues/ISSUE-001-test-failures.md,docs/specifications/work/implementation_tracks/legacy_imports/specifications_old/parser/v3/Alpha_Phase_1_Archive/status_archive/2025-10-pre-phase2-3/issues/ISSUE-001-test-failures.md,work/implementation_tracks,regenerated,n/a
docs/specifications_old/parser/v3/Alpha_Phase_1_Archive/status_archive/2025-10-pre-phase2-3/issues/DEFICIENCY_ANALYSIS_AND_ACTION_PLAN.md,docs/specifications/work/implementation_tracks/legacy_imports/specifications_old/parser/v3/Alpha_Phase_1_Archive/status_archive/2025-10-pre-phase2-3/issues/DEFICIENCY_ANALYSIS_AND_ACTION_PLAN.md,work/implementation_tracks,regenerated,n/a
docs/specifications_old/parser/v3/status/tablespace/PHASE1_TASK1_1.md,docs/specifications/work/implementation_tracks/legacy_imports/specifications_old/parser/v3/status/tablespace/PHASE1_TASK1_1.md,work/implementation_tracks,regenerated,n/a
docs/specifications_old/parser/v3/status/tablespace/PHASE6_ATTACH_DETACH_COMPLETE.md,docs/specifications/work/implementation_tracks/legacy_imports/specifications_old/parser/v3/status/tablespace/PHASE6_ATTACH_DETACH_COMPLETE.md,work/implementation_tracks,regenerated,n/a
docs/specifications_old/parser/v3/status/tablespace/PHASE2_TASK2_1.md,docs/specifications/work/implementation_tracks/legacy_imports/specifications_old/parser/v3/status/tablespace/PHASE2_TASK2_1.md,work/implementation_tracks,regenerated,n/a
docs/specifications_old/parser/v3/status/tablespace/PHASE3_TASK3_2_ARCHITECTURAL_ANALYSIS.md,docs/specifications/work/implementation_tracks/legacy_imports/specifications_old/parser/v3/status/tablespace/PHASE3_TASK3_2_ARCHITECTURAL_ANALYSIS.md,work/implementation_tracks,regenerated,n/a
docs/specifications_old/parser/v3/status/tablespace/PHASE1_TASK1_6.md,docs/specifications/work/implementation_tracks/legacy_imports/specifications_old/parser/v3/status/tablespace/PHASE1_TASK1_6.md,work/implementation_tracks,regenerated,n/a
docs/specifications_old/parser/v3/status/tablespace/PHASE1_TASK1_4.md,docs/specifications/work/implementation_tracks/legacy_imports/specifications_old/parser/v3/status/tablespace/PHASE1_TASK1_4.md,work/implementation_tracks,regenerated,n/a
docs/specifications_old/parser/v3/status/tablespace/PHASE2_TASK2_6.md,docs/specifications/work/implementation_tracks/legacy_imports/specifications_old/parser/v3/status/tablespace/PHASE2_TASK2_6.md,work/implementation_tracks,regenerated,n/a
docs/specifications_old/parser/v3/status/tablespace/PHASE2_TASK2_5.md,docs/specifications/work/implementation_tracks/legacy_imports/specifications_old/parser/v3/status/tablespace/PHASE2_TASK2_5.md,work/implementation_tracks,regenerated,n/a
docs/specifications_old/parser/v3/status/tablespace/PHASE2_TASK2_2.md,docs/specifications/work/implementation_tracks/legacy_imports/specifications_old/parser/v3/status/tablespace/PHASE2_TASK2_2.md,work/implementation_tracks,regenerated,n/a
docs/specifications_old/parser/v3/status/tablespace/PHASE3_AUTOEXTEND.md,docs/specifications/work/implementation_tracks/legacy_imports/specifications_old/parser/v3/status/tablespace/PHASE3_AUTOEXTEND.md,work/implementation_tracks,regenerated,n/a
docs/specifications_old/parser/v3/status/tablespace/PHASE1_TASK1_1_DATA_STRUCTURES.md,docs/specifications/work/implementation_tracks/legacy_imports/specifications_old/parser/v3/status/tablespace/PHASE1_TASK1_1_DATA_STRUCTURES.md,work/implementation_tracks,regenerated,n/a
docs/specifications_old/parser/v3/status/tablespace/PHASE6_ATTACH_DETACH_PARTIAL.md,docs/specifications/work/implementation_tracks/legacy_imports/specifications_old/parser/v3/status/tablespace/PHASE6_ATTACH_DETACH_PARTIAL.md,work/implementation_tracks,regenerated,n/a
docs/specifications_old/parser/v3/status/tablespace/PHASE2_TASK2_4.md,docs/specifications/work/implementation_tracks/legacy_imports/specifications_old/parser/v3/status/tablespace/PHASE2_TASK2_4.md,work/implementation_tracks,regenerated,n/a
docs/specifications_old/parser/v3/status/tablespace/PHASE1_TASK1_5.md,docs/specifications/work/implementation_tracks/legacy_imports/specifications_old/parser/v3/status/tablespace/PHASE1_TASK1_5.md,work/implementation_tracks,regenerated,n/a
docs/specifications_old/parser/v3/status/tablespace/PHASE4A_TASK4A_2_HNSW_INDEX.md,docs/specifications/work/implementation_tracks/legacy_imports/specifications_old/parser/v3/status/tablespace/PHASE4A_TASK4A_2_HNSW_INDEX.md,work/implementation_tracks,regenerated,n/a
docs/specifications_old/parser/v3/status/tablespace/PHASE3_TASK3_1_ARCHITECTURAL_DECISION.md,docs/specifications/work/implementation_tracks/legacy_imports/specifications_old/parser/v3/status/tablespace/PHASE3_TASK3_1_ARCHITECTURAL_DECISION.md,work/implementation_tracks,regenerated,n/a
docs/specifications_old/parser/v3/status/tablespace/PHASE1_TASK1_2_5_TID_ANALYSIS.md,docs/specifications/work/implementation_tracks/legacy_imports/specifications_old/parser/v3/status/tablespace/PHASE1_TASK1_2_5_TID_ANALYSIS.md,work/implementation_tracks,regenerated,n/a
docs/specifications_old/parser/v3/status/tablespace/PHASE4A_TASK4A_1_BRIN_INDEX.md,docs/specifications/work/implementation_tracks/legacy_imports/specifications_old/parser/v3/status/tablespace/PHASE4A_TASK4A_1_BRIN_INDEX.md,work/implementation_tracks,regenerated,n/a
docs/specifications_old/parser/v3/status/sprints/INDEX_INTEGRATION_SPRINT4_COMPLETE.md,docs/specifications/work/implementation_tracks/legacy_imports/specifications_old/parser/v3/status/sprints/INDEX_INTEGRATION_SPRINT4_COMPLETE.md,work/implementation_tracks,regenerated,n/a
docs/specifications_old/parser/v3/status/sprints/INDEX_IMPLEMENTATION_FINAL_STATUS.md,docs/specifications/work/implementation_tracks/legacy_imports/specifications_old/parser/v3/status/sprints/INDEX_IMPLEMENTATION_FINAL_STATUS.md,work/implementation_tracks,regenerated,n/a
docs/specifications_old/parser/v3/status/sprints/CONSTRAINT_ENFORCEMENT_SUMMARY.md,docs/specifications/work/implementation_tracks/legacy_imports/specifications_old/parser/v3/status/sprints/CONSTRAINT_ENFORCEMENT_SUMMARY.md,work/implementation_tracks,regenerated,n/a
docs/specifications_old/parser/v3/status/sprints/SPRINT6_ONLINE_MIGRATION_POLISH.md,docs/specifications/work/implementation_tracks/legacy_imports/specifications_old/parser/v3/status/sprints/SPRINT6_ONLINE_MIGRATION_POLISH.md,work/implementation_tracks,regenerated,n/a
docs/specifications_old/parser/v3/status/sprints/SPRINT0_MGA_BUG_FIX.md,docs/specifications/work/implementation_tracks/legacy_imports/specifications_old/parser/v3/status/sprints/SPRINT0_MGA_BUG_FIX.md,work/implementation_tracks,regenerated,n/a
docs/specifications_old/parser/v3/status/sprints/SPRINT5_EXECUTION_ENGINE.md,docs/specifications/work/implementation_tracks/legacy_imports/specifications_old/parser/v3/status/sprints/SPRINT5_EXECUTION_ENGINE.md,work/implementation_tracks,regenerated,n/a
docs/specifications_old/parser/v3/status/sprints/INDEX_INTEGRATION_SPRINT3_COMPLETE.md,docs/specifications/work/implementation_tracks/legacy_imports/specifications_old/parser/v3/status/sprints/INDEX_INTEGRATION_SPRINT3_COMPLETE.md,work/implementation_tracks,regenerated,n/a
docs/specifications_old/parser/v3/status/sprints/SPRINT4_ONLINE_MIGRATION_INFRASTRUCTURE.md,docs/specifications/work/implementation_tracks/legacy_imports/specifications_old/parser/v3/status/sprints/SPRINT4_ONLINE_MIGRATION_INFRASTRUCTURE.md,work/implementation_tracks,regenerated,n/a
docs/specifications_old/reference/mysql/emulation_specs_8_4/source_copies/extra/abseil/abseil-cpp-20230802.1/absl/status/CMakeLists.txt,docs/specifications/work/implementation_tracks/legacy_imports/specifications_old/reference/mysql/emulation_specs_8_4/source_copies/extra/abseil/abseil-cpp-20230802.1/absl/status/CMakeLists.txt,work/implementation_tracks,regenerated,n/a
